hour_index,zone,occupancy_mean,energy_kwh,charging_hours,price_mean,revenue,saturation_count,capacity,area,utilization,occupancy_density,revenue_per_kwh,is_saturated_hour,util_band,timestamp,hour,dayofweek,is_weekend,date,hour_sin,hour_cos,dow_sin,dow_cos,CBD,dynamic_pricing,fast_count,slow_count,util_lag1,energy_lag1,util_lag2,energy_lag2,util_lag3,energy_lag3,util_lag24,energy_lag24,util_lag168,energy_lag168,util_roll3_mean,util_roll3_std,util_roll24_mean,has_full_lags
0,102,12.0,50.983333333000004,8.74,0.9239999999999999,47.10859999969202,0.0,30.0,0.71,0.4,16.901408450704228,0.9240000000000003,False,shoulder,2022-06-19 00:00:00,0,6,True,2022-06-19,0.0,1.0,-0.7818314824680299,0.6234898018587334,0,0,3,27,,,,,,,,,,,,,,False
1,102,12.0,52.5,9.0,0.9239999999999999,48.51000000000002,0.0,30.0,0.71,0.4,16.901408450704228,0.9240000000000004,False,shoulder,2022-06-19 01:00:00,1,6,True,2022-06-19,0.25881904510252074,0.9659258262890683,-0.7818314824680299,0.6234898018587334,0,0,3,27,0.4,50.983333333000004,,,,,,,,,,,,False
2,102,12.0,52.5,9.0,0.9239999999999999,48.51000000000002,0.0,30.0,0.71,0.4,16.901408450704228,0.9240000000000004,False,shoulder,2022-06-19 02:00:00,2,6,True,2022-06-19,0.49999999999999994,0.8660254037844387,-0.7818314824680299,0.6234898018587334,0,0,3,27,0.4,52.5,0.4,50.983333333000004,,,,,,,,,,False
3,102,12.0,52.5,9.0,0.9239999999999999,48.51000000000002,0.0,30.0,0.71,0.4,16.901408450704228,0.9240000000000004,False,shoulder,2022-06-19 03:00:00,3,6,True,2022-06-19,0.7071067811865476,0.7071067811865476,-0.7818314824680299,0.6234898018587334,0,0,3,27,0.4,52.5,0.4,52.5,0.4,50.983333333000004,,,,,0.4,0.0,,False
4,102,12.0,52.5,9.0,0.9239999999999999,48.51000000000002,0.0,30.0,0.71,0.4,16.901408450704228,0.9240000000000004,False,shoulder,2022-06-19 04:00:00,4,6,True,2022-06-19,0.8660254037844386,0.5000000000000001,-0.7818314824680299,0.6234898018587334,0,0,3,27,0.4,52.5,0.4,52.5,0.4,52.5,,,,,0.4,0.0,,False
5,102,11.5,49.194444446000006,8.527777779000001,0.9239999999999999,45.45566666810401,0.0,30.0,0.71,0.38333333333333336,16.19718309859155,0.924,False,shoulder,2022-06-19 05:00:00,5,6,True,2022-06-19,0.9659258262890683,0.25881904510252074,-0.7818314824680299,0.6234898018587334,0,0,3,27,0.4,52.5,0.4,52.5,0.4,52.5,,,,,0.4,0.0,,False
6,102,11.0,45.500000004,8.000000004,0.9239999999999999,42.042000003696,0.0,30.0,0.71,0.36666666666666664,15.492957746478874,0.924,False,shoulder,2022-06-19 06:00:00,6,6,True,2022-06-19,1.0,6.123233995736766e-17,-0.7818314824680299,0.6234898018587334,0,0,3,27,0.38333333333333336,49.194444446000006,0.4,52.5,0.4,52.5,,,,,0.39444444444444443,0.00962250448649377,,False
7,102,11.0,45.500000004,8.000000004,1.035,47.09250000414,0.0,30.0,0.71,0.36666666666666664,15.492957746478874,1.035,False,shoulder,2022-06-19 07:00:00,7,6,True,2022-06-19,0.9659258262890683,-0.25881904510252063,-0.7818314824680299,0.6234898018587334,0,0,3,27,0.36666666666666664,45.500000004,0.38333333333333336,49.194444446000006,0.4,52.5,,,,,0.3833333333333333,0.016666666666666715,,False
8,102,10.5,42.186666667,7.526666666999999,1.035,43.66320000034501,0.0,30.0,0.71,0.35,14.788732394366198,1.0350000000000001,False,shoulder,2022-06-19 08:00:00,8,6,True,2022-06-19,0.8660254037844387,-0.4999999999999998,-0.7818314824680299,0.6234898018587334,0,0,3,27,0.36666666666666664,45.500000004,0.36666666666666664,45.500000004,0.38333333333333336,49.194444446000006,,,,,0.37222222222222223,0.00962250448649385,,False
9,102,10.0,38.499999996,6.999999995999999,1.1229999999999998,43.23549999550799,0.0,30.0,0.71,0.3333333333333333,14.084507042253522,1.1229999999999998,False,shoulder,2022-06-19 09:00:00,9,6,True,2022-06-19,0.7071067811865476,-0.7071067811865475,-0.7818314824680299,0.6234898018587334,0,0,3,27,0.35,42.186666667,0.36666666666666664,45.500000004,0.36666666666666664,45.500000004,,,,,0.3611111111111111,0.009622504486493865,,False
10,102,10.083333333333334,38.898611107,7.056944440999999,1.1229999999999998,43.683140273160994,0.0,30.0,0.71,0.33611111111111114,14.201877934272302,1.1229999999999998,False,shoulder,2022-06-19 10:00:00,10,6,True,2022-06-19,0.49999999999999994,-0.8660254037844387,-0.7818314824680299,0.6234898018587334,0,0,3,27,0.3333333333333333,38.499999996,0.35,42.186666667,0.36666666666666664,45.500000004,,,,,0.3499999999999999,0.016666666666666736,,False
11,102,12.166666666666666,53.110555555,9.087222222,1.079,57.108998332816995,0.0,30.0,0.71,0.40555555555555556,17.136150234741784,1.0752852749521007,False,shoulder,2022-06-19 11:00:00,11,6,True,2022-06-19,0.258819045102521,-0.9659258262890682,-0.7818314824680299,0.6234898018587334,0,0,3,27,0.33611111111111114,38.898611107,0.3333333333333333,38.499999996,0.35,42.186666667,,,,,0.3398148148148148,0.008929306260178805,,False
12,102,14.0,66.500000004,11.000000003999999,1.035,68.82750000414,0.0,30.0,0.71,0.4666666666666667,19.71830985915493,1.0350000000000001,False,shoulder,2022-06-19 12:00:00,12,6,True,2022-06-19,1.2246467991473532e-16,-1.0,-0.7818314824680299,0.6234898018587334,0,0,3,27,0.40555555555555556,53.110555555,0.33611111111111114,38.898611107,0.3333333333333333,38.499999996,,,,,0.3583333333333334,0.0409192218407118,,False
13,102,13.166666666666666,61.230555554999995,10.218611110000001,1.035,63.37362499942498,0.0,30.0,0.71,0.4388888888888889,18.544600938967136,1.0349999999999997,False,shoulder,2022-06-19 13:00:00,13,6,True,2022-06-19,-0.2588190451025208,-0.9659258262890683,-0.7818314824680299,0.6234898018587334,0,0,3,27,0.4666666666666667,66.500000004,0.40555555555555556,53.110555555,0.33611111111111114,38.898611107,,,,,0.40277777777777785,0.06532208897947138,,False
14,102,11.75,54.253888891,8.750555556,1.1229999999999998,60.92711722459299,0.0,30.0,0.71,0.39166666666666666,16.549295774647888,1.1229999999999998,False,shoulder,2022-06-19 14:00:00,14,6,True,2022-06-19,-0.4999999999999997,-0.8660254037844388,-0.7818314824680299,0.6234898018587334,0,0,3,27,0.4388888888888889,61.230555554999995,0.4666666666666667,66.500000004,0.40555555555555556,53.110555555,,,,,0.43703703703703706,0.0305976141515895,,False
15,102,14.0,66.042083331,10.920833331,1.1229999999999998,74.165259580713,0.0,30.0,0.71,0.4666666666666667,19.71830985915493,1.123,False,shoulder,2022-06-19 15:00:00,15,6,True,2022-06-19,-0.7071067811865471,-0.7071067811865479,-0.7818314824680299,0.6234898018587334,0,0,3,27,0.39166666666666666,54.253888891,0.4388888888888889,61.230555554999995,0.4666666666666667,66.500000004,,,,,0.4324074074074074,0.037917768943413525,,False
16,102,14.0,66.696388893,11.028055558999998,1.079,71.974044726663,0.0,30.0,0.71,0.4666666666666667,19.71830985915493,1.0791295589050534,False,shoulder,2022-06-19 16:00:00,16,6,True,2022-06-19,-0.8660254037844385,-0.5000000000000004,-0.7818314824680299,0.6234898018587334,0,0,3,27,0.4666666666666667,66.042083331,0.39166666666666666,54.253888891,0.4388888888888889,61.230555554999995,,,,,0.4324074074074074,0.037917768943413525,,False
17,102,14.0,66.500000004,11.000000003999999,1.035,68.82750000414,0.0,30.0,0.71,0.4666666666666667,19.71830985915493,1.0350000000000001,False,shoulder,2022-06-19 17:00:00,17,6,True,2022-06-19,-0.9659258262890683,-0.25881904510252063,-0.7818314824680299,0.6234898018587334,0,0,3,27,0.4666666666666667,66.696388893,0.4666666666666667,66.042083331,0.39166666666666666,54.253888891,,,,,0.44166666666666665,0.043301270189221974,,False
18,102,15.583333333333334,77.200277776,12.528611109000002,1.035,79.90228749815999,0.0,30.0,0.71,0.5194444444444445,21.94835680751174,1.035,False,shoulder,2022-06-19 18:00:00,18,6,True,2022-06-19,-1.0,-1.8369701987210297e-16,-0.7818314824680299,0.6234898018587334,0,0,3,27,0.4666666666666667,66.500000004,0.4666666666666667,66.696388893,0.4666666666666667,66.042083331,,,,,0.4666666666666667,0.0,,False
19,102,15.166666666666666,74.85722222199999,12.193888888,1.1229999999999998,84.064660555306,0.0,30.0,0.71,0.5055555555555555,21.36150234741784,1.1230000000000002,False,shoulder,2022-06-19 19:00:00,19,6,True,2022-06-19,-0.9659258262890684,0.2588190451025203,-0.7818314824680299,0.6234898018587334,0,0,3,27,0.5194444444444445,77.200277776,0.4666666666666667,66.500000004,0.4666666666666667,66.696388893,,,,,0.4842592592592592,0.030471264207230217,,False
20,102,13.166666666666666,62.19013889,10.272222224999998,1.1229999999999998,69.83952597347002,0.0,30.0,0.71,0.4388888888888889,18.544600938967136,1.1230000000000002,False,shoulder,2022-06-19 20:00:00,20,6,True,2022-06-19,-0.8660254037844386,0.5000000000000001,-0.7818314824680299,0.6234898018587334,0,0,3,27,0.5055555555555555,74.85722222199999,0.5194444444444445,77.200277776,0.4666666666666667,66.500000004,,,,,0.49722222222222223,0.027357938338322417,,False
21,102,11.0,48.99999999599999,8.000000004,1.035,50.714999995859976,0.0,30.0,0.71,0.36666666666666664,15.492957746478874,1.0349999999999997,False,shoulder,2022-06-19 21:00:00,21,6,True,2022-06-19,-0.7071067811865477,0.7071067811865474,-0.7818314824680299,0.6234898018587334,0,0,3,27,0.4388888888888889,62.19013889,0.5055555555555555,74.85722222199999,0.5194444444444445,77.200277776,,,,,0.48796296296296293,0.04306302205271655,,False
22,102,11.0,48.99999999599999,8.000000004,1.035,50.714999995859976,0.0,30.0,0.71,0.36666666666666664,15.492957746478874,1.0349999999999997,False,shoulder,2022-06-19 22:00:00,22,6,True,2022-06-19,-0.5000000000000004,0.8660254037844384,-0.7818314824680299,0.6234898018587334,0,0,3,27,0.36666666666666664,48.99999999599999,0.4388888888888889,62.19013889,0.5055555555555555,74.85722222199999,,,,,0.43703703703703706,0.06946296049448533,,False
23,102,11.0,48.99999999599999,8.000000004,0.9239999999999999,45.27599999630399,0.0,30.0,0.71,0.36666666666666664,15.492957746478874,0.9239999999999999,False,shoulder,2022-06-19 23:00:00,23,6,True,2022-06-19,-0.25881904510252157,0.9659258262890681,-0.7818314824680299,0.6234898018587334,0,0,3,27,0.36666666666666664,48.99999999599999,0.36666666666666664,48.99999999599999,0.4388888888888889,62.19013889,,,,,0.39074074074074067,0.04169751944147288,,False
24,102,11.0,48.99999999599999,8.000000004,0.9239999999999999,45.27599999630399,0.0,30.0,0.71,0.36666666666666664,15.492957746478874,0.9239999999999999,False,shoulder,2022-06-20 00:00:00,0,0,False,2022-06-20,0.0,1.0,0.0,1.0,0,0,3,27,0.36666666666666664,48.99999999599999,0.36666666666666664,48.99999999599999,0.36666666666666664,48.99999999599999,0.4,50.983333333000004,,,0.36666666666666664,0.0,0.40844907407407405,False
25,102,11.0,48.99999999599999,8.000000004,0.9239999999999999,45.27599999630399,0.0,30.0,0.71,0.36666666666666664,15.492957746478874,0.9239999999999999,False,shoulder,2022-06-20 01:00:00,1,0,False,2022-06-20,0.25881904510252074,0.9659258262890683,0.0,1.0,0,0,3,27,0.36666666666666664,48.99999999599999,0.36666666666666664,48.99999999599999,0.36666666666666664,48.99999999599999,0.4,52.5,,,0.36666666666666664,0.0,0.40706018518518516,False
26,102,11.0,48.99999999599999,8.000000004,0.9239999999999999,45.27599999630399,0.0,30.0,0.71,0.36666666666666664,15.492957746478874,0.9239999999999999,False,shoulder,2022-06-20 02:00:00,2,0,False,2022-06-20,0.49999999999999994,0.8660254037844387,0.0,1.0,0,0,3,27,0.36666666666666664,48.99999999599999,0.36666666666666664,48.99999999599999,0.36666666666666664,48.99999999599999,0.4,52.5,,,0.36666666666666664,0.0,0.4056712962962963,False
27,102,11.0,48.99999999599999,8.000000004,0.9239999999999999,45.27599999630399,0.0,30.0,0.71,0.36666666666666664,15.492957746478874,0.9239999999999999,False,shoulder,2022-06-20 03:00:00,3,0,False,2022-06-20,0.7071067811865476,0.7071067811865476,0.0,1.0,0,0,3,27,0.36666666666666664,48.99999999599999,0.36666666666666664,48.99999999599999,0.36666666666666664,48.99999999599999,0.4,52.5,,,0.36666666666666664,0.0,0.40428240740740745,False
28,102,11.0,48.99999999599999,8.000000004,0.9239999999999999,45.27599999630399,0.0,30.0,0.71,0.36666666666666664,15.492957746478874,0.9239999999999999,False,shoulder,2022-06-20 04:00:00,4,0,False,2022-06-20,0.8660254037844386,0.5000000000000001,0.0,1.0,0,0,3,27,0.36666666666666664,48.99999999599999,0.36666666666666664,48.99999999599999,0.36666666666666664,48.99999999599999,0.4,52.5,,,0.36666666666666664,0.0,0.4028935185185185,False
29,102,11.0,48.99999999599999,8.000000004,0.9239999999999999,45.27599999630399,0.0,30.0,0.71,0.36666666666666664,15.492957746478874,0.9239999999999999,False,shoulder,2022-06-20 05:00:00,5,0,False,2022-06-20,0.9659258262890683,0.25881904510252074,0.0,1.0,0,0,3,27,0.36666666666666664,48.99999999599999,0.36666666666666664,48.99999999599999,0.36666666666666664,48.99999999599999,0.38333333333333336,49.194444446000006,,,0.36666666666666664,0.0,0.40150462962962963,False
30,102,11.0,48.99999999599999,8.000000004,0.9239999999999999,45.27599999630399,0.0,30.0,0.71,0.36666666666666664,15.492957746478874,0.9239999999999999,False,shoulder,2022-06-20 06:00:00,6,0,False,2022-06-20,1.0,6.123233995736766e-17,0.0,1.0,0,0,3,27,0.36666666666666664,48.99999999599999,0.36666666666666664,48.99999999599999,0.36666666666666664,48.99999999599999,0.36666666666666664,45.500000004,,,0.36666666666666664,0.0,0.40081018518518524,False
31,102,11.75,54.271388889,8.69888889,1.035,56.17088750011499,0.0,30.0,0.71,0.39166666666666666,16.549295774647888,1.035,False,shoulder,2022-06-20 07:00:00,7,0,False,2022-06-20,0.9659258262890683,-0.25881904510252063,0.0,1.0,0,0,3,27,0.36666666666666664,48.99999999599999,0.36666666666666664,48.99999999599999,0.36666666666666664,48.99999999599999,0.36666666666666664,45.500000004,,,0.36666666666666664,0.0,0.40081018518518513,False
32,102,16.166666666666668,80.74888888800001,13.035555554999998,1.035,83.57509999908001,0.0,30.0,0.71,0.538888888888889,22.769953051643196,1.035,False,shoulder,2022-06-20 08:00:00,8,0,False,2022-06-20,0.8660254037844387,-0.4999999999999998,0.0,1.0,0,0,3,27,0.39166666666666666,54.271388889,0.36666666666666664,48.99999999599999,0.36666666666666664,48.99999999599999,0.35,42.186666667,,,0.375,0.014433756729740349,0.40185185185185185,False
33,102,20.25,109.886388888,17.198055556,1.1229999999999998,123.40241472122402,0.0,30.0,0.71,0.675,28.52112676056338,1.1230000000000002,False,shoulder,2022-06-20 09:00:00,9,0,False,2022-06-20,0.7071067811865476,-0.7071067811865475,0.0,1.0,0,0,3,27,0.538888888888889,80.74888888800001,0.39166666666666666,54.271388889,0.36666666666666664,48.99999999599999,0.3333333333333333,38.499999996,,,0.4324074074074074,0.09305901043890547,0.40972222222222227,False
34,102,18.666666666666668,99.543888889,15.720555556,1.1229999999999998,111.78778722234702,0.0,30.0,0.71,0.6222222222222222,26.291079812206576,1.1230000000000002,False,shoulder,2022-06-20 10:00:00,10,0,False,2022-06-20,0.49999999999999994,-0.8660254037844387,0.0,1.0,0,0,3,27,0.675,109.886388888,0.538888888888889,80.74888888800001,0.39166666666666666,54.271388889,0.33611111111111114,38.898611107,,,0.5351851851851852,0.14170297283503996,0.42395833333333327,False
35,102,18.0,94.5,15.0,1.079,101.96550000000002,0.0,30.0,0.71,0.6,25.35211267605634,1.0790000000000002,False,shoulder,2022-06-20 11:00:00,11,0,False,2022-06-20,0.258819045102521,-0.9659258262890682,0.0,1.0,0,0,3,27,0.6222222222222222,99.543888889,0.675,109.886388888,0.538888888888889,80.74888888800001,0.40555555555555556,53.110555555,,,0.612037037037037,0.06862479245810288,0.4358796296296297,False
36,102,18.0,94.5,15.0,1.035,97.80750000000002,0.0,30.0,0.71,0.6,25.35211267605634,1.0350000000000001,False,shoulder,2022-06-20 12:00:00,12,0,False,2022-06-20,1.2246467991473532e-16,-1.0,0.0,1.0,0,0,3,27,0.6,94.5,0.6222222222222222,99.543888889,0.675,109.886388888,0.4666666666666667,66.500000004,,,0.6324074074074074,0.03852341493095326,0.44398148148148153,False
37,102,16.583333333333332,84.945,13.635000000000002,1.035,87.91807499999999,0.0,30.0,0.71,0.5527777777777777,23.356807511737088,1.035,False,shoulder,2022-06-20 13:00:00,13,0,False,2022-06-20,-0.2588190451025208,-0.9659258262890683,0.0,1.0,0,0,3,27,0.6,94.5,0.6,94.5,0.6222222222222222,99.543888889,0.4388888888888889,61.230555554999995,,,0.6074074074074075,0.012830005981991495,0.44953703703703707,False
38,102,15.0,73.686666667,12.026666667,1.1229999999999998,82.75012666704102,0.0,30.0,0.71,0.5,21.126760563380284,1.1230000000000002,False,shoulder,2022-06-20 14:00:00,14,0,False,2022-06-20,-0.4999999999999997,-0.8660254037844388,0.0,1.0,0,0,3,27,0.5527777777777777,84.945,0.6,94.5,0.6,94.5,0.39166666666666666,54.253888891,,,0.5842592592592593,0.02726376271173216,0.4542824074074074,False
39,102,15.0,73.5,12.0,1.1229999999999998,82.54050000000001,0.0,30.0,0.71,0.5,21.126760563380284,1.1230000000000002,False,shoulder,2022-06-20 15:00:00,15,0,False,2022-06-20,-0.7071067811865471,-0.7071067811865479,0.0,1.0,0,0,3,27,0.5,73.686666667,0.5527777777777777,84.945,0.6,94.5,0.4666666666666667,66.042083331,,,0.5509259259259259,0.050025713552740915,0.4587962962962963,False
40,102,14.25,68.434722225,11.276388891999998,1.079,73.926193058499,0.0,30.0,0.71,0.475,20.070422535211268,1.0802439266932964,False,shoulder,2022-06-20 16:00:00,16,0,False,2022-06-20,-0.8660254037844385,-0.5000000000000004,0.0,1.0,0,0,3,27,0.5,73.5,0.5,73.686666667,0.5527777777777777,84.945,0.4666666666666667,66.696388893,,,0.5175925925925926,0.030471264207229815,0.4601851851851852,False
41,102,14.0,66.500000004,11.000000003999999,1.035,68.82750000414,0.0,30.0,0.71,0.4666666666666667,19.71830985915493,1.0350000000000001,False,shoulder,2022-06-20 17:00:00,17,0,False,2022-06-20,-0.9659258262890683,-0.25881904510252063,0.0,1.0,0,0,3,27,0.475,68.434722225,0.5,73.5,0.5,73.686666667,0.4666666666666667,66.500000004,,,0.4916666666666667,0.014433756729739636,0.46053240740740736,False
42,102,11.25,49.4725,8.331111112,1.035,51.20403749999999,0.0,30.0,0.71,0.375,15.845070422535212,1.035,False,shoulder,2022-06-20 18:00:00,18,0,False,2022-06-20,-1.0,-1.8369701987210297e-16,0.0,1.0,0,0,3,27,0.4666666666666667,66.500000004,0.475,68.434722225,0.5,73.5,0.5194444444444445,77.200277776,,,0.4805555555555556,0.017347216662216846,0.46053240740740736,False
43,102,10.0,42.188611111,7.0269444409999995,1.1229999999999998,47.377810277653005,0.0,30.0,0.71,0.3333333333333333,14.084507042253522,1.123,False,shoulder,2022-06-20 19:00:00,19,0,False,2022-06-20,-0.9659258262890684,0.2588190451025203,0.0,1.0,0,0,3,27,0.375,49.4725,0.4666666666666667,66.500000004,0.475,68.434722225,0.5055555555555555,74.85722222199999,,,0.43888888888888894,0.055486067653994574,0.4545138888888889,False
44,102,10.833333333333334,47.648611108,7.806944447000001,1.1229999999999998,53.50939027428399,0.0,30.0,0.71,0.3611111111111111,15.258215962441316,1.1229999999999998,False,shoulder,2022-06-20 20:00:00,20,0,False,2022-06-20,-0.8660254037844386,0.5000000000000001,0.0,1.0,0,0,3,27,0.3333333333333333,42.188611111,0.375,49.4725,0.4666666666666667,66.500000004,0.4388888888888889,62.19013889,,,0.39166666666666666,0.06821127309893675,0.44733796296296297,False
45,102,11.0,48.99999999599999,8.000000004,1.035,50.714999995859976,0.0,30.0,0.71,0.36666666666666664,15.492957746478874,1.0349999999999997,False,shoulder,2022-06-20 21:00:00,21,0,False,2022-06-20,-0.7071067811865477,0.7071067811865474,0.0,1.0,0,0,3,27,0.3611111111111111,47.648611108,0.3333333333333333,42.188611111,0.375,49.4725,0.36666666666666664,48.99999999599999,,,0.35648148148148157,0.021215628217386918,0.4440972222222222,False
46,102,11.0,48.99999999599999,8.000000004,1.035,50.714999995859976,0.0,30.0,0.71,0.36666666666666664,15.492957746478874,1.0349999999999997,False,shoulder,2022-06-20 22:00:00,22,0,False,2022-06-20,-0.5000000000000004,0.8660254037844384,0.0,1.0,0,0,3,27,0.36666666666666664,48.99999999599999,0.3611111111111111,47.648611108,0.3333333333333333,42.188611111,0.36666666666666664,48.99999999599999,,,0.3537037037037037,0.017858612520355827,0.4440972222222222,False
47,102,11.0,48.99999999599999,8.000000004,0.9239999999999999,45.27599999630399,0.0,30.0,0.71,0.36666666666666664,15.492957746478874,0.9239999999999999,False,shoulder,2022-06-20 23:00:00,23,0,False,2022-06-20,-0.25881904510252157,0.9659258262890681,0.0,1.0,0,0,3,27,0.36666666666666664,48.99999999599999,0.36666666666666664,48.99999999599999,0.3611111111111111,47.648611108,0.36666666666666664,48.99999999599999,,,0.36481481481481487,0.0032075014954898173,0.4440972222222222,False
48,102,11.0,48.99999999599999,8.000000004,0.9239999999999999,45.27599999630399,0.0,30.0,0.71,0.36666666666666664,15.492957746478874,0.9239999999999999,False,shoulder,2022-06-21 00:00:00,0,1,False,2022-06-21,0.0,1.0,0.7818314824680298,0.6234898018587336,0,0,3,27,0.36666666666666664,48.99999999599999,0.36666666666666664,48.99999999599999,0.36666666666666664,48.99999999599999,0.36666666666666664,48.99999999599999,,,0.36666666666666664,0.0,0.4440972222222222,False
49,102,11.0,48.99999999599999,8.000000004,0.9239999999999999,45.27599999630399,0.0,30.0,0.71,0.36666666666666664,15.492957746478874,0.9239999999999999,False,shoulder,2022-06-21 01:00:00,1,1,False,2022-06-21,0.25881904510252074,0.9659258262890683,0.7818314824680298,0.6234898018587336,0,0,3,27,0.36666666666666664,48.99999999599999,0.36666666666666664,48.99999999599999,0.36666666666666664,48.99999999599999,0.36666666666666664,48.99999999599999,,,0.36666666666666664,0.0,0.4440972222222222,False
50,102,11.0,48.99999999599999,8.000000004,0.9239999999999999,45.27599999630399,0.0,30.0,0.71,0.36666666666666664,15.492957746478874,0.9239999999999999,False,shoulder,2022-06-21 02:00:00,2,1,False,2022-06-21,0.49999999999999994,0.8660254037844387,0.7818314824680298,0.6234898018587336,0,0,3,27,0.36666666666666664,48.99999999599999,0.36666666666666664,48.99999999599999,0.36666666666666664,48.99999999599999,0.36666666666666664,48.99999999599999,,,0.36666666666666664,0.0,0.4440972222222222,False
51,102,11.0,48.99999999599999,8.000000004,0.9239999999999999,45.27599999630399,0.0,30.0,0.71,0.36666666666666664,15.492957746478874,0.9239999999999999,False,shoulder,2022-06-21 03:00:00,3,1,False,2022-06-21,0.7071067811865476,0.7071067811865476,0.7818314824680298,0.6234898018587336,0,0,3,27,0.36666666666666664,48.99999999599999,0.36666666666666664,48.99999999599999,0.36666666666666664,48.99999999599999,0.36666666666666664,48.99999999599999,,,0.36666666666666664,0.0,0.44409722222222214,False
52,102,11.0,48.99999999599999,8.000000004,0.9239999999999999,45.27599999630399,0.0,30.0,0.71,0.36666666666666664,15.492957746478874,0.9239999999999999,False,shoulder,2022-06-21 04:00:00,4,1,False,2022-06-21,0.8660254037844386,0.5000000000000001,0.7818314824680298,0.6234898018587336,0,0,3,27,0.36666666666666664,48.99999999599999,0.36666666666666664,48.99999999599999,0.36666666666666664,48.99999999599999,0.36666666666666664,48.99999999599999,,,0.36666666666666664,0.0,0.4440972222222222,False
53,102,11.0,48.99999999599999,8.000000004,0.9239999999999999,45.27599999630399,0.0,30.0,0.71,0.36666666666666664,15.492957746478874,0.9239999999999999,False,shoulder,2022-06-21 05:00:00,5,1,False,2022-06-21,0.9659258262890683,0.25881904510252074,0.7818314824680298,0.6234898018587336,0,0,3,27,0.36666666666666664,48.99999999599999,0.36666666666666664,48.99999999599999,0.36666666666666664,48.99999999599999,0.36666666666666664,48.99999999599999,,,0.36666666666666664,0.0,0.4440972222222222,False
54,102,11.0,48.99999999599999,8.000000004,0.9239999999999999,45.27599999630399,0.0,30.0,0.71,0.36666666666666664,15.492957746478874,0.9239999999999999,False,shoulder,2022-06-21 06:00:00,6,1,False,2022-06-21,1.0,6.123233995736766e-17,0.7818314824680298,0.6234898018587336,0,0,3,27,0.36666666666666664,48.99999999599999,0.36666666666666664,48.99999999599999,0.36666666666666664,48.99999999599999,0.36666666666666664,48.99999999599999,,,0.36666666666666664,0.0,0.4440972222222222,False
55,102,10.0,43.936666668,7.0269444409999995,1.035,45.474450001380006,0.0,30.0,0.71,0.3333333333333333,14.084507042253522,1.0350000000000001,False,shoulder,2022-06-21 07:00:00,7,1,False,2022-06-21,0.9659258262890683,-0.25881904510252063,0.7818314824680298,0.6234898018587336,0,0,3,27,0.36666666666666664,48.99999999599999,0.36666666666666664,48.99999999599999,0.36666666666666664,48.99999999599999,0.39166666666666666,54.271388889,,,0.36666666666666664,0.0,0.4440972222222222,False
56,102,10.583333333333334,45.898611108999994,7.556944445000001,1.035,47.50506249781498,0.0,30.0,0.71,0.3527777777777778,14.906103286384978,1.0349999999999997,False,shoulder,2022-06-21 08:00:00,8,1,False,2022-06-21,0.8660254037844387,-0.4999999999999998,0.7818314824680298,0.6234898018587336,0,0,3,27,0.3333333333333333,43.936666668,0.36666666666666664,48.99999999599999,0.36666666666666664,48.99999999599999,0.538888888888889,80.74888888800001,,,0.35555555555555557,0.019245008972986154,0.44166666666666665,False
57,102,11.0,51.532638888,8.000000004,1.1229999999999998,57.871153471224005,0.0,30.0,0.71,0.36666666666666664,15.492957746478874,1.123,False,shoulder,2022-06-21 09:00:00,9,1,False,2022-06-21,0.7071067811865476,-0.7071067811865475,0.7818314824680298,0.6234898018587336,0,0,3,27,0.3527777777777778,45.898611108999994,0.3333333333333333,43.936666668,0.36666666666666664,48.99999999599999,0.675,109.886388888,,,0.3509259259259259,0.016743649370392057,0.433912037037037,False
58,102,10.583333333333334,42.952777776,6.636111111,1.1229999999999998,48.235969442447995,0.0,30.0,0.71,0.3527777777777778,14.906103286384978,1.123,False,shoulder,2022-06-21 10:00:00,10,1,False,2022-06-21,0.49999999999999994,-0.8660254037844387,0.7818314824680298,0.6234898018587336,0,0,3,27,0.36666666666666664,51.532638888,0.3527777777777778,45.898611108999994,0.3333333333333333,43.936666668,0.6222222222222222,99.543888889,,,0.3509259259259259,0.016743649370392057,0.42106481481481484,False
59,102,9.083333333333334,38.898611107,6.056944444,1.079,41.954062495569005,0.0,30.0,0.71,0.3027777777777778,12.79342723004695,1.0785491127218976,False,shoulder,2022-06-21 11:00:00,11,1,False,2022-06-21,0.258819045102521,-0.9659258262890682,0.7818314824680298,0.6234898018587336,0,0,3,27,0.3527777777777778,42.952777776,0.36666666666666664,51.532638888,0.3527777777777778,45.898611108999994,0.6,94.5,,,0.35740740740740745,0.008018753738741476,0.409837962962963,False
60,102,10.0,45.500000004,6.999999995999999,1.035,47.09250000414,0.0,30.0,0.71,0.3333333333333333,14.084507042253522,1.035,False,shoulder,2022-06-21 12:00:00,12,1,False,2022-06-21,1.2246467991473532e-16,-1.0,0.7818314824680298,0.6234898018587336,0,0,3,27,0.3027777777777778,38.898611107,0.3527777777777778,42.952777776,0.36666666666666664,51.532638888,0.6,94.5,,,0.3407407407407408,0.03360230983634001,0.39745370370370364,False
61,102,10.0,45.500000004,6.999999995999999,1.035,47.09250000414,0.0,30.0,0.71,0.3333333333333333,14.084507042253522,1.035,False,shoulder,2022-06-21 13:00:00,13,1,False,2022-06-21,-0.2588190451025208,-0.9659258262890683,0.7818314824680298,0.6234898018587336,0,0,3,27,0.3333333333333333,45.500000004,0.3027777777777778,38.898611107,0.3527777777777778,42.952777776,0.5527777777777777,84.945,,,0.32962962962962966,0.02520492146076964,0.38634259259259257,False
62,102,10.0,45.500000004,6.999999995999999,1.1229999999999998,51.09650000449199,0.0,30.0,0.71,0.3333333333333333,14.084507042253522,1.1229999999999998,False,shoulder,2022-06-21 14:00:00,14,1,False,2022-06-21,-0.4999999999999997,-0.8660254037844388,0.7818314824680298,0.6234898018587336,0,0,3,27,0.3333333333333333,45.500000004,0.3333333333333333,45.500000004,0.3027777777777778,38.898611107,0.5,73.686666667,,,0.3231481481481482,0.017641258225236954,0.37719907407407405,False
63,102,10.0,45.500000004,6.999999995999999,1.1229999999999998,51.09650000449199,0.0,30.0,0.71,0.3333333333333333,14.084507042253522,1.1229999999999998,False,shoulder,2022-06-21 15:00:00,15,1,False,2022-06-21,-0.7071067811865471,-0.7071067811865479,0.7818314824680298,0.6234898018587336,0,0,3,27,0.3333333333333333,45.500000004,0.3333333333333333,45.500000004,0.3333333333333333,45.500000004,0.5,73.5,,,0.3333333333333333,0.0,0.37025462962962963,False
64,102,10.0,45.500000004,6.999999995999999,1.079,49.094500004316004,0.0,30.0,0.71,0.3333333333333333,14.084507042253522,1.0790000000000002,False,shoulder,2022-06-21 16:00:00,16,1,False,2022-06-21,-0.8660254037844385,-0.5000000000000004,0.7818314824680298,0.6234898018587336,0,0,3,27,0.3333333333333333,45.500000004,0.3333333333333333,45.500000004,0.3333333333333333,45.500000004,0.475,68.434722225,,,0.3333333333333333,0.0,0.3633101851851852,False
65,102,10.0,45.500000004,6.999999995999999,1.035,47.09250000414,0.0,30.0,0.71,0.3333333333333333,14.084507042253522,1.035,False,shoulder,2022-06-21 17:00:00,17,1,False,2022-06-21,-0.9659258262890683,-0.25881904510252063,0.7818314824680298,0.6234898018587336,0,0,3,27,0.3333333333333333,45.500000004,0.3333333333333333,45.500000004,0.3333333333333333,45.500000004,0.4666666666666667,66.500000004,,,0.3333333333333333,0.0,0.3574074074074074,False
66,102,8.25,33.621388888,5.303055558000001,1.035,34.798137499080006,0.0,30.0,0.71,0.275,11.619718309859156,1.0350000000000001,False,offpeak,2022-06-21 18:00:00,18,1,False,2022-06-21,-1.0,-1.8369701987210297e-16,0.7818314824680298,0.6234898018587336,0,0,3,27,0.3333333333333333,45.500000004,0.3333333333333333,45.500000004,0.3333333333333333,45.500000004,0.375,49.4725,,,0.3333333333333333,0.0,0.35185185185185186,False
67,102,7.416666666666667,27.597500002000004,4.4425,1.1229999999999998,30.991992502246006,0.0,30.0,0.71,0.24722222222222223,10.446009389671362,1.123,False,offpeak,2022-06-21 19:00:00,19,1,False,2022-06-21,-0.9659258262890684,0.2588190451025203,0.7818314824680298,0.6234898018587336,0,0,3,27,0.275,33.621388888,0.3333333333333333,45.500000004,0.3333333333333333,45.500000004,0.3333333333333333,42.188611111,,,0.31388888888888894,0.03367876570272729,0.3476851851851852,False
68,102,7.666666666666667,28.970277779,4.638611112,1.1229999999999998,32.533621945816996,0.0,30.0,0.71,0.2555555555555556,10.7981220657277,1.1229999999999998,False,offpeak,2022-06-21 20:00:00,20,1,False,2022-06-21,-0.8660254037844386,0.5000000000000001,0.7818314824680298,0.6234898018587336,0,0,3,27,0.24722222222222223,27.597500002000004,0.275,33.621388888,0.3333333333333333,45.500000004,0.3611111111111111,47.648611108,,,0.2851851851851852,0.04394979365298379,0.3440972222222222,False
69,102,8.0,31.5,5.000000004,1.035,32.602500000000006,0.0,30.0,0.71,0.26666666666666666,11.267605633802818,1.0350000000000001,False,offpeak,2022-06-21 21:00:00,21,1,False,2022-06-21,-0.7071067811865477,0.7071067811865474,0.7818314824680298,0.6234898018587336,0,0,3,27,0.2555555555555556,28.970277779,0.24722222222222223,27.597500002000004,0.275,33.621388888,0.36666666666666664,48.99999999599999,,,0.2592592592592593,0.014254448442905743,0.3396990740740741,False
70,102,8.0,31.5,5.000000004,1.035,32.602500000000006,0.0,30.0,0.71,0.26666666666666666,11.267605633802818,1.0350000000000001,False,offpeak,2022-06-21 22:00:00,22,1,False,2022-06-21,-0.5000000000000004,0.8660254037844384,0.7818314824680298,0.6234898018587336,0,0,3,27,0.26666666666666666,31.5,0.2555555555555556,28.970277779,0.24722222222222223,27.597500002000004,0.36666666666666664,48.99999999599999,,,0.25648148148148153,0.00975523495634178,0.33553240740740736,False
71,102,8.0,31.5,5.000000004,0.9239999999999999,29.105999999999998,0.0,30.0,0.71,0.26666666666666666,11.267605633802818,0.9239999999999999,False,offpeak,2022-06-21 23:00:00,23,1,False,2022-06-21,-0.25881904510252157,0.9659258262890681,0.7818314824680298,0.6234898018587336,0,0,3,27,0.26666666666666666,31.5,0.26666666666666666,31.5,0.2555555555555556,28.970277779,0.36666666666666664,48.99999999599999,,,0.262962962962963,0.006415002990990782,0.3313657407407407,False
72,102,8.166666666666666,32.481944444,5.140277781,0.9239999999999999,30.013316666256003,0.0,30.0,0.71,0.2722222222222222,11.502347417840376,0.924,False,offpeak,2022-06-22 00:00:00,0,2,False,2022-06-22,0.0,1.0,0.9749279121818236,-0.22252093395631434,0,0,3,27,0.26666666666666666,31.5,0.26666666666666666,31.5,0.26666666666666666,31.5,0.36666666666666664,48.99999999599999,,,0.26666666666666666,0.0,0.32719907407407406,False
73,102,9.0,38.499999996,6.0,0.9239999999999999,35.57399999630401,0.0,30.0,0.71,0.3,12.67605633802817,0.9240000000000003,False,shoulder,2022-06-22 01:00:00,1,2,False,2022-06-22,0.25881904510252074,0.9659258262890683,0.9749279121818236,-0.22252093395631434,0,0,3,27,0.2722222222222222,32.481944444,0.26666666666666666,31.5,0.26666666666666666,31.5,0.36666666666666664,48.99999999599999,,,0.26851851851851855,0.003207501495487907,0.32326388888888885,False
74,102,9.0,38.499999996,6.0,0.9239999999999999,35.57399999630401,0.0,30.0,0.71,0.3,12.67605633802817,0.9240000000000003,False,shoulder,2022-06-22 02:00:00,2,2,False,2022-06-22,0.49999999999999994,0.8660254037844387,0.9749279121818236,-0.22252093395631434,0,0,3,27,0.3,38.499999996,0.2722222222222222,32.481944444,0.26666666666666666,31.5,0.36666666666666664,48.99999999599999,,,0.2796296296296297,0.017858612520355567,0.3204861111111111,False
75,102,9.0,38.499999996,6.0,0.9239999999999999,35.57399999630401,0.0,30.0,0.71,0.3,12.67605633802817,0.9240000000000003,False,shoulder,2022-06-22 03:00:00,3,2,False,2022-06-22,0.7071067811865476,0.7071067811865476,0.9749279121818236,-0.22252093395631434,0,0,3,27,0.3,38.499999996,0.3,38.499999996,0.2722222222222222,32.481944444,0.36666666666666664,48.99999999599999,,,0.29074074074074074,0.016037507477487733,0.3177083333333333,False
76,102,9.0,38.499999996,6.0,0.9239999999999999,35.57399999630401,0.0,30.0,0.71,0.3,12.67605633802817,0.9240000000000003,False,shoulder,2022-06-22 04:00:00,4,2,False,2022-06-22,0.8660254037844386,0.5000000000000001,0.9749279121818236,-0.22252093395631434,0,0,3,27,0.3,38.499999996,0.3,38.499999996,0.3,38.499999996,0.36666666666666664,48.99999999599999,,,0.3,0.0,0.31493055555555555,False
77,102,9.0,38.499999996,6.0,0.9239999999999999,35.57399999630401,0.0,30.0,0.71,0.3,12.67605633802817,0.9240000000000003,False,shoulder,2022-06-22 05:00:00,5,2,False,2022-06-22,0.9659258262890683,0.25881904510252074,0.9749279121818236,-0.22252093395631434,0,0,3,27,0.3,38.499999996,0.3,38.499999996,0.3,38.499999996,0.36666666666666664,48.99999999599999,,,0.3,0.0,0.3121527777777778,False
78,102,9.0,38.499999996,6.0,0.9239999999999999,35.57399999630401,0.0,30.0,0.71,0.3,12.67605633802817,0.9240000000000003,False,shoulder,2022-06-22 06:00:00,6,2,False,2022-06-22,1.0,6.123233995736766e-17,0.9749279121818236,-0.22252093395631434,0,0,3,27,0.3,38.499999996,0.3,38.499999996,0.3,38.499999996,0.36666666666666664,48.99999999599999,,,0.3,0.0,0.309375,False
79,102,9.166666666666666,38.992916663,6.140833333,1.035,40.357668746205,0.0,30.0,0.71,0.3055555555555555,12.910798122065728,1.035,False,shoulder,2022-06-22 07:00:00,7,2,False,2022-06-22,0.9659258262890683,-0.25881904510252063,0.9749279121818236,-0.22252093395631434,0,0,3,27,0.3,38.499999996,0.3,38.499999996,0.3,38.499999996,0.3333333333333333,43.936666668,,,0.3,0.0,0.30659722222222224,False
80,102,11.0,48.634444446,7.947777776000001,1.035,50.33665000161,0.0,30.0,0.71,0.36666666666666664,15.492957746478874,1.035,False,shoulder,2022-06-22 08:00:00,8,2,False,2022-06-22,0.8660254037844387,-0.4999999999999998,0.9749279121818236,-0.22252093395631434,0,0,3,27,0.3055555555555555,38.992916663,0.3,38.499999996,0.3,38.499999996,0.3527777777777778,45.898611108999994,,,0.30185185185185187,0.0032075014954890562,0.3054398148148148,False
81,102,12.0,56.00000000400001,9.0,1.1229999999999998,62.88800000449199,0.0,30.0,0.71,0.4,16.901408450704228,1.1229999999999998,False,shoulder,2022-06-22 09:00:00,9,2,False,2022-06-22,0.7071067811865476,-0.7071067811865475,0.9749279121818236,-0.22252093395631434,0,0,3,27,0.36666666666666664,48.634444446,0.3055555555555555,38.992916663,0.3,38.499999996,0.36666666666666664,51.532638888,,,0.3240740740740741,0.03699071176932928,0.3060185185185185,False
82,102,12.0,56.00000000400001,9.0,1.1229999999999998,62.88800000449199,0.0,30.0,0.71,0.4,16.901408450704228,1.1229999999999998,False,shoulder,2022-06-22 10:00:00,10,2,False,2022-06-22,0.49999999999999994,-0.8660254037844387,0.9749279121818236,-0.22252093395631434,0,0,3,27,0.4,56.00000000400001,0.36666666666666664,48.634444446,0.3055555555555555,38.992916663,0.3527777777777778,42.952777776,,,0.3574074074074074,0.047898211690286886,0.3074074074074074,False
83,102,12.25,57.73638889200001,9.248055555,1.079,62.373964725540006,0.0,30.0,0.71,0.4083333333333333,17.253521126760564,1.0803232748451745,False,shoulder,2022-06-22 11:00:00,11,2,False,2022-06-22,0.258819045102521,-0.9659258262890682,0.9749279121818236,-0.22252093395631434,0,0,3,27,0.4,56.00000000400001,0.4,56.00000000400001,0.36666666666666664,48.634444446,0.3027777777777778,38.898611107,,,0.3888888888888889,0.01924500897298679,0.309375,False
84,102,12.75,61.067222223,9.723888886000001,1.035,63.20457500080501,0.0,30.0,0.71,0.425,17.95774647887324,1.0350000000000001,False,shoulder,2022-06-22 12:00:00,12,2,False,2022-06-22,1.2246467991473532e-16,-1.0,0.9749279121818236,-0.22252093395631434,0,0,3,27,0.4083333333333333,57.73638889200001,0.4,56.00000000400001,0.4,56.00000000400001,0.3333333333333333,45.500000004,,,0.40277777777777785,0.004811252243244284,0.31377314814814816,False
85,102,12.666666666666666,60.847500001,9.692499997,1.035,62.977162501035004,0.0,30.0,0.71,0.4222222222222222,17.84037558685446,1.0350000000000001,False,shoulder,2022-06-22 13:00:00,13,2,False,2022-06-22,-0.2588190451025208,-0.9659258262890683,0.9749279121818236,-0.22252093395631434,0,0,3,27,0.425,61.067222223,0.4083333333333333,57.73638889200001,0.4,56.00000000400001,0.3333333333333333,45.500000004,,,0.41111111111111115,0.012729376930432015,0.3175925925925926,False
86,102,11.25,50.934722221,8.276388892000002,1.1229999999999998,57.19969305418299,0.0,30.0,0.71,0.375,15.845070422535212,1.1229999999999998,False,shoulder,2022-06-22 14:00:00,14,2,False,2022-06-22,-0.4999999999999997,-0.8660254037844388,0.9749279121818236,-0.22252093395631434,0,0,3,27,0.4222222222222222,60.847500001,0.425,61.067222223,0.4083333333333333,57.73638889200001,0.3333333333333333,45.500000004,,,0.4185185185185185,0.008929306260177596,0.32129629629629625,False
87,102,11.0,48.99999999599999,8.000000004,1.1229999999999998,55.026999995507985,0.0,30.0,0.71,0.36666666666666664,15.492957746478874,1.1229999999999998,False,shoulder,2022-06-22 15:00:00,15,2,False,2022-06-22,-0.7071067811865471,-0.7071067811865479,0.9749279121818236,-0.22252093395631434,0,0,3,27,0.375,50.934722221,0.4222222222222222,60.847500001,0.425,61.067222223,0.3333333333333333,45.500000004,,,0.40740740740740744,0.028099983158320914,0.3230324074074074,False
88,102,11.0,48.99999999599999,8.000000004,1.079,52.87099999568398,0.0,30.0,0.71,0.36666666666666664,15.492957746478874,1.0789999999999997,False,shoulder,2022-06-22 16:00:00,16,2,False,2022-06-22,-0.8660254037844385,-0.5000000000000004,0.9749279121818236,-0.22252093395631434,0,0,3,27,0.36666666666666664,48.99999999599999,0.375,50.934722221,0.4222222222222222,60.847500001,0.3333333333333333,45.500000004,,,0.387962962962963,0.029960536458079935,0.3244212962962963,False
89,102,11.25,50.746111109,8.249444447,1.035,52.522224997814995,0.0,30.0,0.71,0.375,15.845070422535212,1.035,False,shoulder,2022-06-22 17:00:00,17,2,False,2022-06-22,-0.9659258262890683,-0.25881904510252063,0.9749279121818236,-0.22252093395631434,0,0,3,27,0.36666666666666664,48.99999999599999,0.36666666666666664,48.99999999599999,0.375,50.934722221,0.3333333333333333,45.500000004,,,0.36944444444444446,0.0048112522432430214,0.3258101851851852,False
90,102,11.0,48.99999999599999,8.000000004,1.035,50.714999995859976,0.0,30.0,0.71,0.36666666666666664,15.492957746478874,1.0349999999999997,False,shoulder,2022-06-22 18:00:00,18,2,False,2022-06-22,-1.0,-1.8369701987210297e-16,0.9749279121818236,-0.22252093395631434,0,0,3,27,0.375,50.746111109,0.36666666666666664,48.99999999599999,0.36666666666666664,48.99999999599999,0.275,33.621388888,,,0.36944444444444446,0.0048112522432430214,0.3275462962962963,False
91,102,11.0,48.99999999599999,8.000000004,1.1229999999999998,55.026999995507985,0.0,30.0,0.71,0.36666666666666664,15.492957746478874,1.1229999999999998,False,shoulder,2022-06-22 19:00:00,19,2,False,2022-06-22,-0.9659258262890684,0.2588190451025203,0.9749279121818236,-0.22252093395631434,0,0,3,27,0.36666666666666664,48.99999999599999,0.375,50.746111109,0.36666666666666664,48.99999999599999,0.24722222222222223,27.597500002000004,,,0.36944444444444446,0.0048112522432430214,0.3313657407407407,False
92,102,10.666666666666666,46.853333330999995,7.693333334999999,1.1229999999999998,52.616293330713006,0.0,30.0,0.71,0.3555555555555555,15.023474178403756,1.1230000000000002,False,shoulder,2022-06-22 20:00:00,20,2,False,2022-06-22,-0.8660254037844386,0.5000000000000001,0.9749279121818236,-0.22252093395631434,0,0,3,27,0.36666666666666664,48.99999999599999,0.36666666666666664,48.99999999599999,0.375,50.746111109,0.2555555555555556,28.970277779,,,0.36944444444444446,0.0048112522432430214,0.33634259259259264,False
93,102,10.0,42.0,6.999999995999999,1.035,43.470000000000006,0.0,30.0,0.71,0.3333333333333333,14.084507042253522,1.0350000000000001,False,shoulder,2022-06-22 21:00:00,21,2,False,2022-06-22,-0.7071067811865477,0.7071067811865474,0.9749279121818236,-0.22252093395631434,0,0,3,27,0.3555555555555555,46.853333330999995,0.36666666666666664,48.99999999599999,0.36666666666666664,48.99999999599999,0.26666666666666666,31.5,,,0.36296296296296293,0.00641500299099277,0.3405092592592593,False
94,102,10.0,42.0,6.999999995999999,1.035,43.470000000000006,0.0,30.0,0.71,0.3333333333333333,14.084507042253522,1.0350000000000001,False,shoulder,2022-06-22 22:00:00,22,2,False,2022-06-22,-0.5000000000000004,0.8660254037844384,0.9749279121818236,-0.22252093395631434,0,0,3,27,0.3333333333333333,42.0,0.3555555555555555,46.853333330999995,0.36666666666666664,48.99999999599999,0.26666666666666666,31.5,,,0.35185185185185186,0.016972502573909264,0.34328703703703706,False
95,102,10.0,42.0,6.999999995999999,0.9239999999999999,38.80800000000001,0.0,30.0,0.71,0.3333333333333333,14.084507042253522,0.9240000000000002,False,shoulder,2022-06-22 23:00:00,23,2,False,2022-06-22,-0.25881904510252157,0.9659258262890681,0.9749279121818236,-0.22252093395631434,0,0,3,27,0.3333333333333333,42.0,0.3333333333333333,42.0,0.3555555555555555,46.853333330999995,0.26666666666666666,31.5,,,0.34074074074074073,0.012830005981989943,0.3460648148148148,False
96,102,10.0,42.0,6.999999995999999,0.9239999999999999,38.80800000000001,0.0,30.0,0.71,0.3333333333333333,14.084507042253522,0.9240000000000002,False,shoulder,2022-06-23 00:00:00,0,3,False,2022-06-23,0.0,1.0,0.43388373911755823,-0.900968867902419,0,0,3,27,0.3333333333333333,42.0,0.3333333333333333,42.0,0.3333333333333333,42.0,0.2722222222222222,32.481944444,,,0.3333333333333333,0.0,0.3488425925925926,False
97,102,10.0,42.0,6.999999995999999,0.9239999999999999,38.80800000000001,0.0,30.0,0.71,0.3333333333333333,14.084507042253522,0.9240000000000002,False,shoulder,2022-06-23 01:00:00,1,3,False,2022-06-23,0.25881904510252074,0.9659258262890683,0.43388373911755823,-0.900968867902419,0,0,3,27,0.3333333333333333,42.0,0.3333333333333333,42.0,0.3333333333333333,42.0,0.3,38.499999996,,,0.3333333333333333,0.0,0.3513888888888888,False
98,102,10.0,42.0,6.999999995999999,0.9239999999999999,38.80800000000001,0.0,30.0,0.71,0.3333333333333333,14.084507042253522,0.9240000000000002,False,shoulder,2022-06-23 02:00:00,2,3,False,2022-06-23,0.49999999999999994,0.8660254037844387,0.43388373911755823,-0.900968867902419,0,0,3,27,0.3333333333333333,42.0,0.3333333333333333,42.0,0.3333333333333333,42.0,0.3,38.499999996,,,0.3333333333333333,0.0,0.3527777777777778,False
99,102,10.0,42.0,6.999999995999999,0.9239999999999999,38.80800000000001,0.0,30.0,0.71,0.3333333333333333,14.084507042253522,0.9240000000000002,False,shoulder,2022-06-23 03:00:00,3,3,False,2022-06-23,0.7071067811865476,0.7071067811865476,0.43388373911755823,-0.900968867902419,0,0,3,27,0.3333333333333333,42.0,0.3333333333333333,42.0,0.3333333333333333,42.0,0.3,38.499999996,,,0.3333333333333333,0.0,0.3541666666666667,False
100,102,10.0,42.0,6.999999995999999,0.9239999999999999,38.80800000000001,0.0,30.0,0.71,0.3333333333333333,14.084507042253522,0.9240000000000002,False,shoulder,2022-06-23 04:00:00,4,3,False,2022-06-23,0.8660254037844386,0.5000000000000001,0.43388373911755823,-0.900968867902419,0,0,3,27,0.3333333333333333,42.0,0.3333333333333333,42.0,0.3333333333333333,42.0,0.3,38.499999996,,,0.3333333333333333,0.0,0.35555555555555546,False
101,102,10.0,42.0,6.999999995999999,0.9239999999999999,38.80800000000001,0.0,30.0,0.71,0.3333333333333333,14.084507042253522,0.9240000000000002,False,shoulder,2022-06-23 05:00:00,5,3,False,2022-06-23,0.9659258262890683,0.25881904510252074,0.43388373911755823,-0.900968867902419,0,0,3,27,0.3333333333333333,42.0,0.3333333333333333,42.0,0.3333333333333333,42.0,0.3,38.499999996,,,0.3333333333333333,0.0,0.35694444444444445,False
102,102,10.0,42.0,6.999999995999999,0.9239999999999999,38.80800000000001,0.0,30.0,0.71,0.3333333333333333,14.084507042253522,0.9240000000000002,False,shoulder,2022-06-23 06:00:00,6,3,False,2022-06-23,1.0,6.123233995736766e-17,0.43388373911755823,-0.900968867902419,0,0,3,27,0.3333333333333333,42.0,0.3333333333333333,42.0,0.3333333333333333,42.0,0.3,38.499999996,,,0.3333333333333333,0.0,0.35833333333333334,False
103,102,9.333333333333334,39.253472222000006,6.356388889,1.035,40.62734374977,0.0,30.0,0.71,0.3111111111111111,13.145539906103288,1.0349999999999997,False,shoulder,2022-06-23 07:00:00,7,3,False,2022-06-23,0.9659258262890683,-0.25881904510252063,0.43388373911755823,-0.900968867902419,0,0,3,27,0.3333333333333333,42.0,0.3333333333333333,42.0,0.3333333333333333,42.0,0.3055555555555555,38.992916663,,,0.3333333333333333,0.0,0.3597222222222222,False
104,102,9.416666666666666,32.087222223000005,5.583888891,1.035,33.210275000805005,0.0,30.0,0.71,0.3138888888888889,13.262910798122066,1.035,False,shoulder,2022-06-23 08:00:00,8,3,False,2022-06-23,0.8660254037844387,-0.4999999999999998,0.43388373911755823,-0.900968867902419,0,0,3,27,0.3111111111111111,39.253472222000006,0.3333333333333333,42.0,0.3333333333333333,42.0,0.36666666666666664,48.634444446,,,0.32592592592592595,0.012830005981989885,0.3599537037037037,False
105,102,10.75,45.709999997999994,7.530000001000001,1.1229999999999998,51.33232999775399,0.0,30.0,0.71,0.35833333333333334,15.140845070422536,1.1229999999999998,False,shoulder,2022-06-23 09:00:00,9,3,False,2022-06-23,0.7071067811865476,-0.7071067811865475,0.43388373911755823,-0.900968867902419,0,0,3,27,0.3138888888888889,32.087222223000005,0.3111111111111111,39.253472222000006,0.3333333333333333,42.0,0.4,56.00000000400001,,,0.3194444444444445,0.0121080526209444,0.3577546296296296,False
106,102,11.0,48.99999999599999,8.000000004,1.1229999999999998,55.026999995507985,0.0,30.0,0.71,0.36666666666666664,15.492957746478874,1.1229999999999998,False,shoulder,2022-06-23 10:00:00,10,3,False,2022-06-23,0.49999999999999994,-0.8660254037844387,0.43388373911755823,-0.900968867902419,0,0,3,27,0.35833333333333334,45.709999997999994,0.3138888888888889,32.087222223000005,0.3111111111111111,39.253472222000006,0.4,56.00000000400001,,,0.32777777777777783,0.02649831115046984,0.3560185185185185,False
107,102,11.083333333333334,49.40055555199999,8.057222226,1.079,53.285574996143986,0.0,30.0,0.71,0.36944444444444446,15.610328638497654,1.0786432338813385,False,shoulder,2022-06-23 11:00:00,11,3,False,2022-06-23,0.258819045102521,-0.9659258262890682,0.43388373911755823,-0.900968867902419,0,0,3,27,0.36666666666666664,48.99999999599999,0.35833333333333334,45.709999997999994,0.3138888888888889,32.087222223000005,0.4083333333333333,57.73638889200001,,,0.3462962962962963,0.028373247122303904,0.35462962962962963,False
108,102,12.0,56.00000000400001,9.0,1.035,57.96000000414001,0.0,30.0,0.71,0.4,16.901408450704228,1.035,False,shoulder,2022-06-23 12:00:00,12,3,False,2022-06-23,1.2246467991473532e-16,-1.0,0.43388373911755823,-0.900968867902419,0,0,3,27,0.36944444444444446,49.40055555199999,0.36666666666666664,48.99999999599999,0.35833333333333334,45.709999997999994,0.425,61.067222223,,,0.36481481481481487,0.0057824055540683095,0.35300925925925924,False
109,102,12.0,56.00000000400001,9.0,1.035,57.96000000414001,0.0,30.0,0.71,0.4,16.901408450704228,1.035,False,shoulder,2022-06-23 13:00:00,13,3,False,2022-06-23,-0.2588190451025208,-0.9659258262890683,0.43388373911755823,-0.900968867902419,0,0,3,27,0.4,56.00000000400001,0.36944444444444446,49.40055555199999,0.36666666666666664,48.99999999599999,0.4222222222222222,60.847500001,,,0.37870370370370376,0.018495355884663597,0.35196759259259264,False
110,102,10.833333333333334,48.20472222099999,7.886388888999999,1.1229999999999998,54.133903054183,0.0,30.0,0.71,0.3611111111111111,15.258215962441316,1.1230000000000002,False,shoulder,2022-06-23 14:00:00,14,3,False,2022-06-23,-0.4999999999999997,-0.8660254037844388,0.43388373911755823,-0.900968867902419,0,0,3,27,0.4,56.00000000400001,0.4,56.00000000400001,0.36944444444444446,49.40055555199999,0.375,50.934722221,,,0.38981481481481484,0.017641258225237055,0.3510416666666667,False
111,102,10.166666666666666,42.970277777,7.138611108,1.1229999999999998,48.25562194357099,0.0,30.0,0.71,0.33888888888888885,14.31924882629108,1.1229999999999998,False,shoulder,2022-06-23 15:00:00,15,3,False,2022-06-23,-0.7071067811865471,-0.7071067811865479,0.43388373911755823,-0.900968867902419,0,0,3,27,0.3611111111111111,48.20472222099999,0.4,56.00000000400001,0.4,56.00000000400001,0.36666666666666664,48.99999999599999,,,0.38703703703703707,0.022452510468484295,0.350462962962963,False
112,102,11.333333333333334,51.140833332,8.305833336,1.079,55.086762498444,0.0,30.0,0.71,0.3777777777777778,15.962441314553992,1.0771580928458384,False,shoulder,2022-06-23 16:00:00,16,3,False,2022-06-23,-0.8660254037844385,-0.5000000000000004,0.43388373911755823,-0.900968867902419,0,0,3,27,0.33888888888888885,42.970277777,0.3611111111111111,48.20472222099999,0.4,56.00000000400001,0.36666666666666664,48.99999999599999,,,0.3666666666666667,0.0309320242379438,0.34930555555555554,False
113,102,11.916666666666666,55.63250000400001,8.9475,1.035,57.57963750414,0.0,30.0,0.71,0.3972222222222222,16.784037558685448,1.035,False,shoulder,2022-06-23 17:00:00,17,3,False,2022-06-23,-0.9659258262890683,-0.25881904510252063,0.43388373911755823,-0.900968867902419,0,0,3,27,0.3777777777777778,51.140833332,0.33888888888888885,42.970277777,0.3611111111111111,48.20472222099999,0.375,50.746111109,,,0.35925925925925933,0.019510469912689062,0.3497685185185185,False
114,102,10.75,47.442499997,7.777500002,1.035,49.10298749689499,0.0,30.0,0.71,0.35833333333333334,15.140845070422536,1.035,False,shoulder,2022-06-23 18:00:00,18,3,False,2022-06-23,-1.0,-1.8369701987210297e-16,0.43388373911755823,-0.900968867902419,0,0,3,27,0.3972222222222222,55.63250000400001,0.3777777777777778,51.140833332,0.33888888888888885,42.970277777,0.36666666666666664,48.99999999599999,,,0.3712962962962963,0.029701879504342582,0.3506944444444444,False
115,102,12.166666666666666,56.612500001,9.087499999999999,1.1229999999999998,63.575837501123,0.0,30.0,0.71,0.40555555555555556,17.136150234741784,1.123,False,shoulder,2022-06-23 19:00:00,19,3,False,2022-06-23,-0.9659258262890684,0.2588190451025203,0.43388373911755823,-0.900968867902419,0,0,3,27,0.35833333333333334,47.442499997,0.3972222222222222,55.63250000400001,0.3777777777777778,51.140833332,0.36666666666666664,48.99999999599999,,,0.3777777777777778,0.019444444444443116,0.3503472222222222,False
116,102,13.0,63.0,9.999999996000001,1.1229999999999998,70.749,0.0,30.0,0.71,0.43333333333333335,18.30985915492958,1.123,False,shoulder,2022-06-23 20:00:00,20,3,False,2022-06-23,-0.8660254037844386,0.5000000000000001,0.43388373911755823,-0.900968867902419,0,0,3,27,0.40555555555555556,56.612500001,0.35833333333333334,47.442499997,0.3972222222222222,55.63250000400001,0.3555555555555555,46.853333330999995,,,0.38703703703703707,0.025204921460769702,0.35196759259259264,False
117,102,13.416666666666666,65.729999999,10.389999998999999,1.035,68.03054999896499,0.0,30.0,0.71,0.4472222222222222,18.896713615023476,1.0349999999999997,False,shoulder,2022-06-23 21:00:00,21,3,False,2022-06-23,-0.7071067811865477,0.7071067811865474,0.43388373911755823,-0.900968867902419,0,0,3,27,0.43333333333333335,63.0,0.40555555555555556,56.612500001,0.35833333333333334,47.442499997,0.3333333333333333,42.0,,,0.39907407407407414,0.037917768943412755,0.3552083333333333,False
118,102,14.0,69.999999996,11.000000003999999,1.035,72.44999999585998,0.0,30.0,0.71,0.4666666666666667,19.71830985915493,1.0349999999999997,False,shoulder,2022-06-23 22:00:00,22,3,False,2022-06-23,-0.5000000000000004,0.8660254037844384,0.43388373911755823,-0.900968867902419,0,0,3,27,0.4472222222222222,65.729999999,0.43333333333333335,63.0,0.40555555555555556,56.612500001,0.3333333333333333,42.0,,,0.42870370370370375,0.021215628217386758,0.3599537037037037,False
119,102,14.0,69.999999996,11.000000003999999,0.9239999999999999,64.679999996304,0.0,30.0,0.71,0.4666666666666667,19.71830985915493,0.924,False,shoulder,2022-06-23 23:00:00,23,3,False,2022-06-23,-0.25881904510252157,0.9659258262890681,0.43388373911755823,-0.900968867902419,0,0,3,27,0.4666666666666667,69.999999996,0.4472222222222222,65.729999999,0.43333333333333335,63.0,0.3333333333333333,42.0,,,0.4490740740740741,0.016743649370391772,0.36550925925925926,False
120,102,14.0,69.999999996,11.000000003999999,0.9239999999999999,64.679999996304,0.0,30.0,0.71,0.4666666666666667,19.71830985915493,0.924,False,shoulder,2022-06-24 00:00:00,0,4,False,2022-06-24,0.0,1.0,-0.433883739117558,-0.9009688679024191,0,0,3,27,0.4666666666666667,69.999999996,0.4666666666666667,69.999999996,0.4472222222222222,65.729999999,0.3333333333333333,42.0,,,0.4601851851851852,0.011226255234239913,0.3710648148148148,False
121,102,13.916666666666666,69.597499996,10.942500004,0.9239999999999999,64.308089996304,0.0,30.0,0.71,0.46388888888888885,19.600938967136152,0.9240000000000002,False,shoulder,2022-06-24 01:00:00,1,4,False,2022-06-24,0.25881904510252074,0.9659258262890683,-0.433883739117558,-0.9009688679024191,0,0,3,27,0.4666666666666667,69.999999996,0.4666666666666667,69.999999996,0.4666666666666667,69.999999996,0.3333333333333333,42.0,,,0.4666666666666667,0.0,0.3766203703703704,False
122,102,13.0,63.0,9.999999996000001,0.9239999999999999,58.211999999999996,0.0,30.0,0.71,0.43333333333333335,18.30985915492958,0.9239999999999999,False,shoulder,2022-06-24 02:00:00,2,4,False,2022-06-24,0.49999999999999994,0.8660254037844387,-0.433883739117558,-0.9009688679024191,0,0,3,27,0.46388888888888885,69.597499996,0.4666666666666667,69.999999996,0.4666666666666667,69.999999996,0.3333333333333333,42.0,,,0.4657407407407408,0.0016037507477290943,0.3820601851851852,False
123,102,13.583333333333334,66.713888889,10.530555554,0.9239999999999999,61.643633333436,0.0,30.0,0.71,0.4527777777777778,19.131455399061036,0.9239999999999999,False,shoulder,2022-06-24 03:00:00,3,4,False,2022-06-24,0.7071067811865476,0.7071067811865476,-0.433883739117558,-0.9009688679024191,0,0,3,27,0.43333333333333335,63.0,0.46388888888888885,69.597499996,0.4666666666666667,69.999999996,0.3333333333333333,42.0,,,0.45462962962962966,0.018495355884663264,0.38622685185185185,False
124,102,15.0,77.000000004,12.0,0.9239999999999999,71.14800000369601,0.0,30.0,0.71,0.5,21.126760563380284,0.9240000000000002,False,shoulder,2022-06-24 04:00:00,4,4,False,2022-06-24,0.8660254037844386,0.5000000000000001,-0.433883739117558,-0.9009688679024191,0,0,3,27,0.4527777777777778,66.713888889,0.43333333333333335,63.0,0.46388888888888885,69.597499996,0.3333333333333333,42.0,,,0.45,0.015466012118970243,0.3912037037037037,False
125,102,14.25,71.932777776,11.276111113999997,0.9239999999999999,66.465886665024,0.0,30.0,0.71,0.475,20.070422535211268,0.924,False,shoulder,2022-06-24 05:00:00,5,4,False,2022-06-24,0.9659258262890683,0.25881904510252074,-0.433883739117558,-0.9009688679024191,0,0,3,27,0.5,77.000000004,0.4527777777777778,66.713888889,0.43333333333333335,63.0,0.3333333333333333,42.0,,,0.4620370370370371,0.03428427515106132,0.39814814814814814,False
126,102,14.0,69.999999996,11.000000003999999,0.9239999999999999,64.679999996304,0.0,30.0,0.71,0.4666666666666667,19.71830985915493,0.924,False,shoulder,2022-06-24 06:00:00,6,4,False,2022-06-24,1.0,6.123233995736766e-17,-0.433883739117558,-0.9009688679024191,0,0,3,27,0.475,71.932777776,0.5,77.000000004,0.4527777777777778,66.713888889,0.3333333333333333,42.0,,,0.47592592592592603,0.02362472374476356,0.4040509259259259,False
127,102,11.666666666666666,57.633333332999996,8.747500001999999,1.035,59.65049999965501,0.0,30.0,0.71,0.3888888888888889,16.431924882629108,1.0350000000000004,False,shoulder,2022-06-24 07:00:00,7,4,False,2022-06-24,0.9659258262890683,-0.25881904510252063,-0.433883739117558,-0.9009688679024191,0,0,3,27,0.4666666666666667,69.999999996,0.475,71.932777776,0.5,77.000000004,0.3111111111111111,39.253472222000006,,,0.4805555555555556,0.017347216662215847,0.4096064814814815,False
128,102,10.833333333333334,47.464861111999994,7.5588888889999994,1.035,49.12613125092,0.0,30.0,0.71,0.3611111111111111,15.258215962441316,1.0350000000000001,False,shoulder,2022-06-24 08:00:00,8,4,False,2022-06-24,0.8660254037844387,-0.4999999999999998,-0.433883739117558,-0.9009688679024191,0,0,3,27,0.3888888888888889,57.633333332999996,0.4666666666666667,69.999999996,0.475,71.932777776,0.3138888888888889,32.087222223000005,,,0.4435185185185186,0.047493772604562855,0.4128472222222222,False
129,102,14.5,73.900555556,11.557222224,1.1229999999999998,82.990323889388,0.0,30.0,0.71,0.48333333333333334,20.422535211267608,1.123,False,shoulder,2022-06-24 09:00:00,9,4,False,2022-06-24,0.7071067811865476,-0.7071067811865475,-0.433883739117558,-0.9009688679024191,0,0,3,27,0.3611111111111111,47.464861111999994,0.3888888888888889,57.633333332999996,0.4666666666666667,69.999999996,0.35833333333333334,45.709999997999994,,,0.4055555555555556,0.054715876676644445,0.4148148148148148,False
130,102,15.833333333333334,82.63888889,12.805555553000001,1.1229999999999998,92.80347222347001,0.0,30.0,0.71,0.5277777777777778,22.300469483568076,1.123,False,shoulder,2022-06-24 10:00:00,10,4,False,2022-06-24,0.49999999999999994,-0.8660254037844387,-0.433883739117558,-0.9009688679024191,0,0,3,27,0.48333333333333334,73.900555556,0.3611111111111111,47.464861111999994,0.3888888888888889,57.633333332999996,0.36666666666666664,48.99999999599999,,,0.41111111111111115,0.06406979219261505,0.4200231481481482,False
131,102,16.0,84.0,12.999999996000001,1.079,90.63600000000001,0.0,30.0,0.71,0.5333333333333333,22.535211267605636,1.0790000000000002,False,shoulder,2022-06-24 11:00:00,11,4,False,2022-06-24,0.258819045102521,-0.9659258262890682,-0.433883739117558,-0.9009688679024191,0,0,3,27,0.5277777777777778,82.63888889,0.48333333333333334,73.900555556,0.3611111111111111,47.464861111999994,0.36944444444444446,49.40055555199999,,,0.4574074074074075,0.0863050385017111,0.42673611111111104,False
132,102,16.0,84.0,12.999999996000001,1.035,86.94000000000001,0.0,30.0,0.71,0.5333333333333333,22.535211267605636,1.0350000000000001,False,shoulder,2022-06-24 12:00:00,12,4,False,2022-06-24,1.2246467991473532e-16,-1.0,-0.433883739117558,-0.9009688679024191,0,0,3,27,0.5333333333333333,84.0,0.5277777777777778,82.63888889,0.48333333333333334,73.900555556,0.4,56.00000000400001,,,0.514814814814815,0.027404904790644814,0.4335648148148148,False
133,102,16.0,84.0,12.999999996000001,1.035,86.94000000000001,0.0,30.0,0.71,0.5333333333333333,22.535211267605636,1.0350000000000001,False,shoulder,2022-06-24 13:00:00,13,4,False,2022-06-24,-0.2588190451025208,-0.9659258262890683,-0.433883739117558,-0.9009688679024191,0,0,3,27,0.5333333333333333,84.0,0.5333333333333333,84.0,0.5277777777777778,82.63888889,0.4,56.00000000400001,,,0.5314814814814816,0.0032075014954892765,0.4391203703703703,False
134,102,13.833333333333334,68.7925,10.827499996000002,1.1229999999999998,77.25397749999999,0.0,30.0,0.71,0.46111111111111114,19.483568075117372,1.1229999999999998,False,shoulder,2022-06-24 14:00:00,14,4,False,2022-06-24,-0.4999999999999997,-0.8660254037844388,-0.433883739117558,-0.9009688679024191,0,0,3,27,0.5333333333333333,84.0,0.5333333333333333,84.0,0.5333333333333333,84.0,0.3611111111111111,48.20472222099999,,,0.5333333333333333,0.0,0.44467592592592586,False
135,102,13.0,63.0,9.999999996000001,1.1229999999999998,70.749,0.0,30.0,0.71,0.43333333333333335,18.30985915492958,1.123,False,shoulder,2022-06-24 15:00:00,15,4,False,2022-06-24,-0.7071067811865471,-0.7071067811865479,-0.433883739117558,-0.9009688679024191,0,0,3,27,0.46111111111111114,68.7925,0.5333333333333333,84.0,0.5333333333333333,84.0,0.33888888888888885,42.970277777,,,0.5092592592592594,0.04169751944147223,0.44884259259259257,False
136,102,12.5,60.652083333,9.552777775,1.079,65.546906249655,0.0,30.0,0.71,0.4166666666666667,17.605633802816904,1.0807032940613235,False,shoulder,2022-06-24 16:00:00,16,4,False,2022-06-24,-0.8660254037844385,-0.5000000000000004,-0.433883739117558,-0.9009688679024191,0,0,3,27,0.43333333333333335,63.0,0.46111111111111114,68.7925,0.5333333333333333,84.0,0.3777777777777778,51.140833332,,,0.47592592592592603,0.051619851350985825,0.4527777777777778,False
137,102,11.333333333333334,53.572361112,8.306388892000001,1.035,55.44739375092,0.0,30.0,0.71,0.3777777777777778,15.962441314553992,1.035,False,shoulder,2022-06-24 17:00:00,17,4,False,2022-06-24,-0.9659258262890683,-0.25881904510252063,-0.433883739117558,-0.9009688679024191,0,0,3,27,0.4166666666666667,60.652083333,0.43333333333333335,63.0,0.46111111111111114,68.7925,0.3972222222222222,55.63250000400001,,,0.4370370370370371,0.022452510468483754,0.4543981481481481,False
138,102,11.833333333333334,55.02000000300001,8.86,1.035,56.945700003104996,0.0,30.0,0.71,0.3944444444444445,16.666666666666668,1.0349999999999997,False,shoulder,2022-06-24 18:00:00,18,4,False,2022-06-24,-1.0,-1.8369701987210297e-16,-0.433883739117558,-0.9009688679024191,0,0,3,27,0.3777777777777778,53.572361112,0.4166666666666667,60.652083333,0.43333333333333335,63.0,0.35833333333333334,47.442499997,,,0.4092592592592594,0.02850889688581458,0.45358796296296294,False
139,102,9.75,40.619444445000006,6.802777774999999,1.1229999999999998,45.615636111735,0.0,30.0,0.71,0.325,13.732394366197184,1.1229999999999998,False,shoulder,2022-06-24 19:00:00,19,4,False,2022-06-24,-0.9659258262890684,0.2588190451025203,-0.433883739117558,-0.9009688679024191,0,0,3,27,0.3944444444444445,55.02000000300001,0.3777777777777778,53.572361112,0.4166666666666667,60.652083333,0.40555555555555556,56.612500001,,,0.39629629629629637,0.019510469912688087,0.4550925925925926,False
140,102,9.0,35.000000004,6.0,1.1229999999999998,39.305000004491994,0.0,30.0,0.71,0.3,12.67605633802817,1.1229999999999998,False,shoulder,2022-06-24 20:00:00,20,4,False,2022-06-24,-0.8660254037844386,0.5000000000000001,-0.433883739117558,-0.9009688679024191,0,0,3,27,0.325,40.619444445000006,0.3944444444444445,55.02000000300001,0.3777777777777778,53.572361112,0.43333333333333335,63.0,,,0.36574074074074087,0.0362532813897245,0.4517361111111111,False
141,102,9.25,36.744166669,6.249166666,1.035,38.030212502415004,0.0,30.0,0.71,0.30833333333333335,13.028169014084508,1.0350000000000001,False,shoulder,2022-06-24 21:00:00,21,4,False,2022-06-24,-0.7071067811865477,0.7071067811865474,-0.433883739117558,-0.9009688679024191,0,0,3,27,0.3,35.000000004,0.325,40.619444445000006,0.3944444444444445,55.02000000300001,0.4472222222222222,65.729999999,,,0.33981481481481496,0.04893411208045763,0.4461805555555556,False
142,102,9.083333333333334,35.39666667,6.056666667,1.035,36.63555000345,0.0,30.0,0.71,0.3027777777777778,12.79342723004695,1.035,False,shoulder,2022-06-24 22:00:00,22,4,False,2022-06-24,-0.5000000000000004,0.8660254037844384,-0.433883739117558,-0.9009688679024191,0,0,3,27,0.30833333333333335,36.744166669,0.3,35.000000004,0.325,40.619444445000006,0.4666666666666667,69.999999996,,,0.31111111111111117,0.012729376930429087,0.44039351851851855,False
143,102,10.833333333333334,47.64083332999999,7.805833336000001,0.9239999999999999,44.02012999691999,0.0,30.0,0.71,0.3611111111111111,15.258215962441316,0.9239999999999999,False,shoulder,2022-06-24 23:00:00,23,4,False,2022-06-24,-0.25881904510252157,0.9659258262890681,-0.433883739117558,-0.9009688679024191,0,0,3,27,0.3027777777777778,35.39666667,0.30833333333333335,36.744166669,0.3,35.000000004,0.4666666666666667,69.999999996,,,0.3037037037037038,0.004243125643466057,0.4335648148148148,False
144,102,11.0,48.99999999599999,8.000000004,0.9239999999999999,45.27599999630399,0.0,30.0,0.71,0.36666666666666664,15.492957746478874,0.9239999999999999,False,shoulder,2022-06-25 00:00:00,0,5,True,2022-06-25,0.0,1.0,-0.9749279121818236,-0.2225209339563146,0,0,3,27,0.3611111111111111,47.64083332999999,0.3027777777777778,35.39666667,0.30833333333333335,36.744166669,0.4666666666666667,69.999999996,,,0.3240740740740742,0.03219507157539428,0.4291666666666667,False
145,102,11.0,48.99999999599999,8.000000004,0.9239999999999999,45.27599999630399,0.0,30.0,0.71,0.36666666666666664,15.492957746478874,0.9239999999999999,False,shoulder,2022-06-25 01:00:00,1,5,True,2022-06-25,0.25881904510252074,0.9659258262890683,-0.9749279121818236,-0.2225209339563146,0,0,3,27,0.36666666666666664,48.99999999599999,0.3611111111111111,47.64083332999999,0.3027777777777778,35.39666667,0.46388888888888885,69.597499996,,,0.3435185185185186,0.03539169417336239,0.425,False
146,102,11.0,48.99999999599999,8.000000004,0.9239999999999999,45.27599999630399,0.0,30.0,0.71,0.36666666666666664,15.492957746478874,0.9239999999999999,False,shoulder,2022-06-25 02:00:00,2,5,True,2022-06-25,0.49999999999999994,0.8660254037844387,-0.9749279121818236,-0.2225209339563146,0,0,3,27,0.36666666666666664,48.99999999599999,0.36666666666666664,48.99999999599999,0.3611111111111111,47.64083332999999,0.43333333333333335,63.0,,,0.36481481481481487,0.0032075014954846067,0.42094907407407406,False
147,102,11.0,48.99999999599999,8.000000004,0.9239999999999999,45.27599999630399,0.0,30.0,0.71,0.36666666666666664,15.492957746478874,0.9239999999999999,False,shoulder,2022-06-25 03:00:00,3,5,True,2022-06-25,0.7071067811865476,0.7071067811865476,-0.9749279121818236,-0.2225209339563146,0,0,3,27,0.36666666666666664,48.99999999599999,0.36666666666666664,48.99999999599999,0.36666666666666664,48.99999999599999,0.4527777777777778,66.713888889,,,0.36666666666666664,0.0,0.4181712962962963,False
148,102,11.0,48.99999999599999,8.000000004,0.9239999999999999,45.27599999630399,0.0,30.0,0.71,0.36666666666666664,15.492957746478874,0.9239999999999999,False,shoulder,2022-06-25 04:00:00,4,5,True,2022-06-25,0.8660254037844386,0.5000000000000001,-0.9749279121818236,-0.2225209339563146,0,0,3,27,0.36666666666666664,48.99999999599999,0.36666666666666664,48.99999999599999,0.36666666666666664,48.99999999599999,0.5,77.000000004,,,0.36666666666666664,0.0,0.41458333333333336,False
149,102,11.0,48.99999999599999,8.000000004,0.9239999999999999,45.27599999630399,0.0,30.0,0.71,0.36666666666666664,15.492957746478874,0.9239999999999999,False,shoulder,2022-06-25 05:00:00,5,5,True,2022-06-25,0.9659258262890683,0.25881904510252074,-0.9749279121818236,-0.2225209339563146,0,0,3,27,0.36666666666666664,48.99999999599999,0.36666666666666664,48.99999999599999,0.36666666666666664,48.99999999599999,0.475,71.932777776,,,0.36666666666666664,0.0,0.40902777777777777,False
150,102,11.0,48.99999999599999,8.000000004,0.9239999999999999,45.27599999630399,0.0,30.0,0.71,0.36666666666666664,15.492957746478874,0.9239999999999999,False,shoulder,2022-06-25 06:00:00,6,5,True,2022-06-25,1.0,6.123233995736766e-17,-0.9749279121818236,-0.2225209339563146,0,0,3,27,0.36666666666666664,48.99999999599999,0.36666666666666664,48.99999999599999,0.36666666666666664,48.99999999599999,0.4666666666666667,69.999999996,,,0.36666666666666664,0.0,0.4045138888888889,False
151,102,11.0,48.99999999599999,8.000000004,1.035,50.714999995859976,0.0,30.0,0.71,0.36666666666666664,15.492957746478874,1.0349999999999997,False,shoulder,2022-06-25 07:00:00,7,5,True,2022-06-25,0.9659258262890683,-0.25881904510252063,-0.9749279121818236,-0.2225209339563146,0,0,3,27,0.36666666666666664,48.99999999599999,0.36666666666666664,48.99999999599999,0.36666666666666664,48.99999999599999,0.3888888888888889,57.633333332999996,,,0.36666666666666664,0.0,0.40034722222222224,False
152,102,11.166666666666666,49.983888885999995,8.140555559000001,1.035,51.73332499700999,0.0,30.0,0.71,0.3722222222222222,15.727699530516432,1.035,False,shoulder,2022-06-25 08:00:00,8,5,True,2022-06-25,0.8660254037844387,-0.4999999999999998,-0.9749279121818236,-0.2225209339563146,0,0,3,27,0.36666666666666664,48.99999999599999,0.36666666666666664,48.99999999599999,0.36666666666666664,48.99999999599999,0.3611111111111111,47.464861111999994,,,0.36666666666666664,0.0,0.39942129629629625,False
153,102,11.25,50.93666666499999,8.276666669,1.1229999999999998,57.20187666479498,0.0,30.0,0.71,0.375,15.845070422535212,1.1229999999999998,False,shoulder,2022-06-25 09:00:00,9,5,True,2022-06-25,0.7071067811865476,-0.7071067811865475,-0.9749279121818236,-0.2225209339563146,0,0,3,27,0.3722222222222222,49.983888885999995,0.36666666666666664,48.99999999599999,0.36666666666666664,48.99999999599999,0.48333333333333334,73.900555556,,,0.3685185185185185,0.0032075014954847988,0.3998842592592593,False
154,102,11.0,48.99999999599999,8.000000004,1.1229999999999998,55.026999995507985,0.0,30.0,0.71,0.36666666666666664,15.492957746478874,1.1229999999999998,False,shoulder,2022-06-25 10:00:00,10,5,True,2022-06-25,0.49999999999999994,-0.8660254037844387,-0.9749279121818236,-0.2225209339563146,0,0,3,27,0.375,50.93666666499999,0.3722222222222222,49.983888885999995,0.36666666666666664,48.99999999599999,0.5277777777777778,82.63888889,,,0.3712962962962963,0.004243125643467834,0.39537037037037037,False
155,102,11.25,50.751944441999996,8.25027778,1.079,54.68426249729399,0.0,30.0,0.71,0.375,15.845070422535212,1.0774811309897279,False,shoulder,2022-06-25 11:00:00,11,5,True,2022-06-25,0.258819045102521,-0.9659258262890682,-0.9749279121818236,-0.2225209339563146,0,0,3,27,0.36666666666666664,48.99999999599999,0.375,50.93666666499999,0.3722222222222222,49.983888885999995,0.5333333333333333,84.0,,,0.3712962962962963,0.004243125643467834,0.3886574074074074,False
156,102,11.333333333333334,51.152499998,8.307500003,1.035,52.94283749793,0.0,30.0,0.71,0.3777777777777778,15.962441314553992,1.035,False,shoulder,2022-06-25 12:00:00,12,5,True,2022-06-25,1.2246467991473532e-16,-1.0,-0.9749279121818236,-0.2225209339563146,0,0,3,27,0.375,50.751944441999996,0.36666666666666664,48.99999999599999,0.375,50.93666666499999,0.5333333333333333,84.0,,,0.3722222222222223,0.004811252243238276,0.3820601851851852,False
157,102,12.833333333333334,61.635000001,9.804999997000001,1.035,63.79222500103501,0.0,30.0,0.71,0.4277777777777778,18.07511737089202,1.0350000000000001,False,shoulder,2022-06-25 13:00:00,13,5,True,2022-06-25,-0.2588190451025208,-0.9659258262890683,-0.9749279121818236,-0.2225209339563146,0,0,3,27,0.3777777777777778,51.152499998,0.375,50.751944441999996,0.36666666666666664,48.99999999599999,0.5333333333333333,84.0,,,0.37314814814814823,0.005782405554065473,0.3755787037037037,False
158,102,13.166666666666666,64.54097222099999,10.191666665,1.1229999999999998,72.47951180418299,0.0,30.0,0.71,0.4388888888888889,18.544600938967136,1.123,False,shoulder,2022-06-25 14:00:00,14,5,True,2022-06-25,-0.4999999999999997,-0.8660254037844388,-0.9749279121818236,-0.2225209339563146,0,0,3,27,0.4277777777777778,61.635000001,0.3777777777777778,51.152499998,0.375,50.751944441999996,0.46111111111111114,68.7925,,,0.3935185185185186,0.029701879504342128,0.3711805555555556,False
159,102,12.0,59.49999999599999,9.0,1.1229999999999998,66.818499995508,0.0,30.0,0.71,0.4,16.901408450704228,1.1230000000000002,False,shoulder,2022-06-25 15:00:00,15,5,True,2022-06-25,-0.7071067811865471,-0.7071067811865479,-0.9749279121818236,-0.2225209339563146,0,0,3,27,0.4388888888888889,64.54097222099999,0.4277777777777778,61.635000001,0.3777777777777778,51.152499998,0.43333333333333335,63.0,,,0.4148148148148149,0.032552584872678425,0.37025462962962963,False
160,102,12.166666666666666,59.49999999599999,9.0,1.079,64.20049999568398,0.0,30.0,0.71,0.40555555555555556,17.136150234741784,1.079,False,shoulder,2022-06-25 16:00:00,16,5,True,2022-06-25,-0.8660254037844385,-0.5000000000000004,-0.9749279121818236,-0.2225209339563146,0,0,3,27,0.4,59.49999999599999,0.4388888888888889,64.54097222099999,0.4277777777777778,61.635000001,0.4166666666666667,60.652083333,,,0.42222222222222233,0.020030840419242673,0.36886574074074074,False
161,102,12.25,60.672499996999996,9.1675,1.035,62.79603749689498,0.0,30.0,0.71,0.4083333333333333,17.253521126760564,1.0349999999999997,False,shoulder,2022-06-25 17:00:00,17,5,True,2022-06-25,-0.9659258262890683,-0.25881904510252063,-0.9749279121818236,-0.2225209339563146,0,0,3,27,0.40555555555555556,59.49999999599999,0.4,59.49999999599999,0.4388888888888889,64.54097222099999,0.3777777777777778,53.572361112,,,0.4148148148148149,0.021032993873332673,0.3684027777777778,False
162,102,11.833333333333334,58.51805555199999,8.859722223,1.035,60.56618749631998,0.0,30.0,0.71,0.3944444444444445,16.666666666666668,1.035,False,shoulder,2022-06-25 18:00:00,18,5,True,2022-06-25,-1.0,-1.8369701987210297e-16,-0.9749279121818236,-0.2225209339563146,0,0,3,27,0.4083333333333333,60.672499996999996,0.40555555555555556,59.49999999599999,0.4,59.49999999599999,0.3944444444444445,55.02000000300001,,,0.4046296296296297,0.0042431256434691126,0.3696759259259259,False
163,102,11.5,54.15666666800001,8.473333335,1.1229999999999998,60.817936668163995,0.0,30.0,0.71,0.38333333333333336,16.19718309859155,1.1229999999999998,False,shoulder,2022-06-25 19:00:00,19,5,True,2022-06-25,-0.9659258262890684,0.2588190451025203,-0.9749279121818236,-0.2225209339563146,0,0,3,27,0.3944444444444445,58.51805555199999,0.4083333333333333,60.672499996999996,0.40555555555555556,59.49999999599999,0.325,40.619444445000006,,,0.40277777777777785,0.007349309197396686,0.3696759259259259,False
164,102,13.0,62.809444444,9.972777774,1.1229999999999998,70.53500611061199,0.0,30.0,0.71,0.43333333333333335,18.30985915492958,1.1229999999999998,False,shoulder,2022-06-25 20:00:00,20,5,True,2022-06-25,-0.8660254037844386,0.5000000000000001,-0.9749279121818236,-0.2225209339563146,0,0,3,27,0.38333333333333336,54.15666666800001,0.3944444444444445,58.51805555199999,0.4083333333333333,60.672499996999996,0.3,35.000000004,,,0.3953703703703704,0.012525693757838399,0.37210648148148145,False
165,102,13.0,63.0,9.999999996000001,1.035,65.20500000000001,0.0,30.0,0.71,0.43333333333333335,18.30985915492958,1.0350000000000001,False,shoulder,2022-06-25 21:00:00,21,5,True,2022-06-25,-0.7071067811865477,0.7071067811865474,-0.9749279121818236,-0.2225209339563146,0,0,3,27,0.43333333333333335,62.809444444,0.38333333333333336,54.15666666800001,0.3944444444444445,58.51805555199999,0.30833333333333335,36.744166669,,,0.40370370370370384,0.02625453125695754,0.3776620370370371,False
166,102,13.833333333333334,68.646666664,10.806666668999998,1.035,71.04929999723998,0.0,30.0,0.71,0.46111111111111114,19.483568075117372,1.035,False,shoulder,2022-06-25 22:00:00,22,5,True,2022-06-25,-0.5000000000000004,0.8660254037844384,-0.9749279121818236,-0.2225209339563146,0,0,3,27,0.43333333333333335,63.0,0.43333333333333335,62.809444444,0.38333333333333336,54.15666666800001,0.3027777777777778,35.39666667,,,0.41666666666666674,0.028867513459480056,0.38287037037037036,False
167,102,14.0,69.999999996,11.000000003999999,0.9239999999999999,64.679999996304,0.0,30.0,0.71,0.4666666666666667,19.71830985915493,0.924,False,shoulder,2022-06-25 23:00:00,23,5,True,2022-06-25,-0.25881904510252157,0.9659258262890681,-0.9749279121818236,-0.2225209339563146,0,0,3,27,0.46111111111111114,68.646666664,0.43333333333333335,63.0,0.43333333333333335,62.809444444,0.3611111111111111,47.64083332999999,,,0.4425925925925927,0.01603750747748757,0.3894675925925926,False
168,102,14.0,69.999999996,11.000000003999999,0.9239999999999999,64.679999996304,0.0,30.0,0.71,0.4666666666666667,19.71830985915493,0.924,False,shoulder,2022-06-26 00:00:00,0,6,True,2022-06-26,0.0,1.0,-0.7818314824680299,0.6234898018587334,0,0,3,27,0.4666666666666667,69.999999996,0.46111111111111114,68.646666664,0.43333333333333335,63.0,0.36666666666666664,48.99999999599999,0.4,50.983333333000004,0.4537037037037038,0.017858612520355553,0.3938657407407407,True
169,102,14.0,69.999999996,11.000000003999999,0.9239999999999999,64.679999996304,0.0,30.0,0.71,0.4666666666666667,19.71830985915493,0.924,False,shoulder,2022-06-26 01:00:00,1,6,True,2022-06-26,0.25881904510252074,0.9659258262890683,-0.7818314824680299,0.6234898018587334,0,0,3,27,0.4666666666666667,69.999999996,0.4666666666666667,69.999999996,0.46111111111111114,68.646666664,0.36666666666666664,48.99999999599999,0.4,52.5,0.46481481481481496,0.003207501495488401,0.3980324074074075,True
170,102,14.0,69.999999996,11.000000003999999,0.9239999999999999,64.679999996304,0.0,30.0,0.71,0.4666666666666667,19.71830985915493,0.924,False,shoulder,2022-06-26 02:00:00,2,6,True,2022-06-26,0.49999999999999994,0.8660254037844387,-0.7818314824680299,0.6234898018587334,0,0,3,27,0.4666666666666667,69.999999996,0.4666666666666667,69.999999996,0.4666666666666667,69.999999996,0.36666666666666664,48.99999999599999,0.4,52.5,0.4666666666666667,0.0,0.4021990740740741,True
171,102,14.0,69.999999996,11.000000003999999,0.9239999999999999,64.679999996304,0.0,30.0,0.71,0.4666666666666667,19.71830985915493,0.924,False,shoulder,2022-06-26 03:00:00,3,6,True,2022-06-26,0.7071067811865476,0.7071067811865476,-0.7818314824680299,0.6234898018587334,0,0,3,27,0.4666666666666667,69.999999996,0.4666666666666667,69.999999996,0.4666666666666667,69.999999996,0.36666666666666664,48.99999999599999,0.4,52.5,0.4666666666666667,0.0,0.4063657407407408,True
172,102,14.0,69.999999996,11.000000003999999,0.9239999999999999,64.679999996304,0.0,30.0,0.71,0.4666666666666667,19.71830985915493,0.924,False,shoulder,2022-06-26 04:00:00,4,6,True,2022-06-26,0.8660254037844386,0.5000000000000001,-0.7818314824680299,0.6234898018587334,0,0,3,27,0.4666666666666667,69.999999996,0.4666666666666667,69.999999996,0.4666666666666667,69.999999996,0.36666666666666664,48.99999999599999,0.4,52.5,0.4666666666666667,0.0,0.41053240740740743,True
173,102,17.333333333333332,69.999999996,11.000000003999999,0.9239999999999999,64.679999996304,0.0,30.0,0.71,0.5777777777777777,24.413145539906104,0.924,False,shoulder,2022-06-26 05:00:00,5,6,True,2022-06-26,0.9659258262890683,0.25881904510252074,-0.7818314824680299,0.6234898018587334,0,0,3,27,0.4666666666666667,69.999999996,0.4666666666666667,69.999999996,0.4666666666666667,69.999999996,0.36666666666666664,48.99999999599999,0.38333333333333336,49.194444446000006,0.4666666666666667,0.0,0.4146990740740741,True
174,102,19.0,69.999999996,11.000000003999999,0.9239999999999999,64.679999996304,0.0,30.0,0.71,0.6333333333333333,26.760563380281692,0.924,False,shoulder,2022-06-26 06:00:00,6,6,True,2022-06-26,1.0,6.123233995736766e-17,-0.7818314824680299,0.6234898018587334,0,0,3,27,0.5777777777777777,69.999999996,0.4666666666666667,69.999999996,0.4666666666666667,69.999999996,0.36666666666666664,48.99999999599999,0.36666666666666664,45.500000004,0.5037037037037038,0.06415002990995795,0.4234953703703704,True
175,102,19.0,69.999999996,11.000000003999999,1.035,72.44999999585998,0.0,30.0,0.71,0.6333333333333333,26.760563380281692,1.0349999999999997,False,shoulder,2022-06-26 07:00:00,7,6,True,2022-06-26,0.9659258262890683,-0.25881904510252063,-0.7818314824680299,0.6234898018587334,0,0,3,27,0.6333333333333333,69.999999996,0.5777777777777777,69.999999996,0.4666666666666667,69.999999996,0.36666666666666664,48.99999999599999,0.36666666666666664,45.500000004,0.5592592592592593,0.08486251286955226,0.43460648148148145,True
176,102,19.0,69.999999996,11.000000003999999,1.035,72.44999999585998,0.0,30.0,0.71,0.6333333333333333,26.760563380281692,1.0349999999999997,False,shoulder,2022-06-26 08:00:00,8,6,True,2022-06-26,0.8660254037844387,-0.4999999999999998,-0.7818314824680299,0.6234898018587334,0,0,3,27,0.6333333333333333,69.999999996,0.6333333333333333,69.999999996,0.5777777777777777,69.999999996,0.3722222222222222,49.983888885999995,0.35,42.186666667,0.6148148148148148,0.03207501495497842,0.44571759259259264,True
177,102,18.666666666666668,68.432777775,10.776111113,1.1229999999999998,76.850009441325,0.0,30.0,0.71,0.6222222222222222,26.291079812206576,1.123,False,shoulder,2022-06-26 09:00:00,9,6,True,2022-06-26,0.7071067811865476,-0.7071067811865475,-0.7818314824680299,0.6234898018587334,0,0,3,27,0.6333333333333333,69.999999996,0.6333333333333333,69.999999996,0.6333333333333333,69.999999996,0.375,50.93666666499999,0.3333333333333333,38.499999996,0.6333333333333333,0.0,0.45659722222222215,True
178,102,17.416666666666668,63.0,9.999999996000001,1.1229999999999998,70.749,0.0,30.0,0.71,0.5805555555555556,24.530516431924884,1.123,False,shoulder,2022-06-26 10:00:00,10,6,True,2022-06-26,0.49999999999999994,-0.8660254037844387,-0.7818314824680299,0.6234898018587334,0,0,3,27,0.6222222222222222,68.432777775,0.6333333333333333,69.999999996,0.6333333333333333,69.999999996,0.36666666666666664,48.99999999599999,0.33611111111111114,38.898611107,0.6296296296296297,0.006415002990991728,0.4668981481481482,True
179,102,13.083333333333334,63.0,9.999999996000001,1.079,67.977,0.0,30.0,0.71,0.4361111111111111,18.42723004694836,1.079,False,shoulder,2022-06-26 11:00:00,11,6,True,2022-06-26,0.258819045102521,-0.9659258262890682,-0.7818314824680299,0.6234898018587334,0,0,3,27,0.5805555555555556,63.0,0.6222222222222222,68.432777775,0.6333333333333333,69.999999996,0.375,50.751944441999996,0.40555555555555556,53.110555555,0.612037037037037,0.027824035557992947,0.47581018518518525,True
180,102,13.833333333333334,68.65055555299999,10.807222224999999,1.035,71.05332499735499,0.0,30.0,0.71,0.46111111111111114,19.483568075117372,1.0350000000000001,False,shoulder,2022-06-26 12:00:00,12,6,True,2022-06-26,1.2246467991473532e-16,-1.0,-0.7818314824680299,0.6234898018587334,0,0,3,27,0.4361111111111111,63.0,0.5805555555555556,63.0,0.6222222222222222,68.432777775,0.3777777777777778,51.152499998,0.4666666666666667,66.500000004,0.5462962962962964,0.0976709222517014,0.4783564814814815,True
181,102,14.0,69.999999996,11.000000003999999,1.035,72.44999999585998,0.0,30.0,0.71,0.4666666666666667,19.71830985915493,1.0349999999999997,False,shoulder,2022-06-26 13:00:00,13,6,True,2022-06-26,-0.2588190451025208,-0.9659258262890683,-0.7818314824680299,0.6234898018587334,0,0,3,27,0.46111111111111114,68.65055555299999,0.4361111111111111,63.0,0.5805555555555556,63.0,0.4277777777777778,61.635000001,0.4388888888888889,61.230555554999995,0.4925925925925927,0.0771969049892395,0.48182870370370373,True
182,102,14.166666666666666,70.98583332999999,11.140833337,1.1229999999999998,79.71709082958999,0.0,30.0,0.71,0.4722222222222222,19.953051643192488,1.123,False,shoulder,2022-06-26 14:00:00,14,6,True,2022-06-26,-0.4999999999999997,-0.8660254037844388,-0.7818314824680299,0.6234898018587334,0,0,3,27,0.4666666666666667,69.999999996,0.46111111111111114,68.65055555299999,0.4361111111111111,63.0,0.4388888888888889,64.54097222099999,0.39166666666666666,54.253888891,0.4546296296296297,0.01627629243633938,0.48344907407407417,True
183,102,15.0,77.000000004,12.0,1.1229999999999998,86.47100000449198,0.0,30.0,0.71,0.5,21.126760563380284,1.1229999999999998,False,shoulder,2022-06-26 15:00:00,15,6,True,2022-06-26,-0.7071067811865471,-0.7071067811865479,-0.7818314824680299,0.6234898018587334,0,0,3,27,0.4722222222222222,70.98583332999999,0.4666666666666667,69.999999996,0.46111111111111114,68.65055555299999,0.4,59.49999999599999,0.4666666666666667,66.042083331,0.4666666666666668,0.005555555555553927,0.48483796296296294,True
184,102,14.25,71.934722221,11.276388891999998,1.079,77.70269305435899,0.0,30.0,0.71,0.475,20.070422535211268,1.0801834031643085,False,shoulder,2022-06-26 16:00:00,16,6,True,2022-06-26,-0.8660254037844385,-0.5000000000000004,-0.7818314824680299,0.6234898018587334,0,0,3,27,0.5,77.000000004,0.4722222222222222,70.98583332999999,0.4666666666666667,69.999999996,0.40555555555555556,59.49999999599999,0.4666666666666667,66.696388893,0.4796296296296297,0.017858612520356653,0.4890046296296296,True
185,102,14.5,73.49611111200001,11.499444447,1.035,76.06847500091999,0.0,30.0,0.71,0.48333333333333334,20.422535211267608,1.0349999999999997,False,shoulder,2022-06-26 17:00:00,17,6,True,2022-06-26,-0.9659258262890683,-0.25881904510252063,-0.7818314824680299,0.6234898018587334,0,0,3,27,0.475,71.934722221,0.5,77.000000004,0.4722222222222222,70.98583332999999,0.4083333333333333,60.672499996999996,0.4666666666666667,66.500000004,0.48240740740740745,0.015298807075793907,0.49189814814814814,True
186,102,13.666666666666666,67.85527777499999,10.693611113000001,1.035,70.230212497125,0.0,30.0,0.71,0.45555555555555555,19.248826291079812,1.0350000000000001,False,shoulder,2022-06-26 18:00:00,18,6,True,2022-06-26,-1.0,-1.8369701987210297e-16,-0.7818314824680299,0.6234898018587334,0,0,3,27,0.48333333333333334,73.49611111200001,0.475,71.934722221,0.5,77.000000004,0.3944444444444445,58.51805555199999,0.5194444444444445,77.200277776,0.48611111111111116,0.012729376930431822,0.4950231481481482,True
187,102,13.0,63.0,9.999999996000001,1.1229999999999998,70.749,0.0,30.0,0.71,0.43333333333333335,18.30985915492958,1.123,False,shoulder,2022-06-26 19:00:00,19,6,True,2022-06-26,-0.9659258262890684,0.2588190451025203,-0.7818314824680299,0.6234898018587334,0,0,3,27,0.45555555555555555,67.85527777499999,0.48333333333333334,73.49611111200001,0.475,71.934722221,0.38333333333333336,54.15666666800001,0.5055555555555555,74.85722222199999,0.4712962962962964,0.014254448442907307,0.4975694444444445,True
188,102,13.0,63.0,9.999999996000001,1.1229999999999998,70.749,0.0,30.0,0.71,0.43333333333333335,18.30985915492958,1.123,False,shoulder,2022-06-26 20:00:00,20,6,True,2022-06-26,-0.8660254037844386,0.5000000000000001,-0.7818314824680299,0.6234898018587334,0,0,3,27,0.43333333333333335,63.0,0.45555555555555555,67.85527777499999,0.48333333333333334,73.49611111200001,0.43333333333333335,62.809444444,0.4388888888888889,62.19013889,0.4574074074074075,0.025051387515682456,0.4996527777777777,True
189,102,14.25,63.0,9.999999996000001,1.035,65.20500000000001,0.0,30.0,0.71,0.475,20.070422535211268,1.0350000000000001,False,shoulder,2022-06-26 21:00:00,21,6,True,2022-06-26,-0.7071067811865477,0.7071067811865474,-0.7818314824680299,0.6234898018587334,0,0,3,27,0.43333333333333335,63.0,0.43333333333333335,63.0,0.45555555555555555,67.85527777499999,0.43333333333333335,63.0,0.36666666666666664,48.99999999599999,0.4407407407407408,0.012830005981991363,0.4996527777777777,True
190,102,18.0,63.0,9.999999996000001,1.035,65.20500000000001,0.0,30.0,0.71,0.6,25.35211267605634,1.0350000000000001,False,shoulder,2022-06-26 22:00:00,22,6,True,2022-06-26,-0.5000000000000004,0.8660254037844384,-0.7818314824680299,0.6234898018587334,0,0,3,27,0.475,63.0,0.43333333333333335,63.0,0.43333333333333335,63.0,0.46111111111111114,68.646666664,0.36666666666666664,48.99999999599999,0.44722222222222224,0.024056261216234165,0.501388888888889,True
191,102,17.583333333333332,63.0,9.999999996000001,0.9239999999999999,58.211999999999996,0.0,30.0,0.71,0.586111111111111,24.76525821596244,0.9239999999999999,False,shoulder,2022-06-26 23:00:00,23,6,True,2022-06-26,-0.25881904510252157,0.9659258262890681,-0.7818314824680299,0.6234898018587334,0,0,3,27,0.6,63.0,0.475,63.0,0.43333333333333335,63.0,0.4666666666666667,69.999999996,0.36666666666666664,48.99999999599999,0.5027777777777779,0.08673608331108869,0.507175925925926,True
192,102,18.0,63.0,9.999999996000001,0.9239999999999999,58.211999999999996,0.0,30.0,0.71,0.6,25.35211267605634,0.9239999999999999,False,shoulder,2022-06-27 00:00:00,0,0,False,2022-06-27,0.0,1.0,0.0,1.0,0,0,3,27,0.586111111111111,63.0,0.6,63.0,0.475,63.0,0.4666666666666667,69.999999996,0.36666666666666664,48.99999999599999,0.5537037037037037,0.06851226197661424,0.5121527777777778,True
193,102,18.0,63.0,9.999999996000001,0.9239999999999999,58.211999999999996,0.0,30.0,0.71,0.6,25.35211267605634,0.9239999999999999,False,shoulder,2022-06-27 01:00:00,1,0,False,2022-06-27,0.25881904510252074,0.9659258262890683,0.0,1.0,0,0,3,27,0.6,63.0,0.586111111111111,63.0,0.6,63.0,0.4666666666666667,69.999999996,0.36666666666666664,48.99999999599999,0.5953703703703704,0.008018753738742003,0.5177083333333333,True
194,102,18.0,63.0,9.999999996000001,0.9239999999999999,58.211999999999996,0.0,30.0,0.71,0.6,25.35211267605634,0.9239999999999999,False,shoulder,2022-06-27 02:00:00,2,0,False,2022-06-27,0.49999999999999994,0.8660254037844387,0.0,1.0,0,0,3,27,0.6,63.0,0.6,63.0,0.586111111111111,63.0,0.4666666666666667,69.999999996,0.36666666666666664,48.99999999599999,0.5953703703703704,0.008018753738742003,0.5232638888888889,True
195,102,18.0,63.0,9.999999996000001,0.9239999999999999,58.211999999999996,0.0,30.0,0.71,0.6,25.35211267605634,0.9239999999999999,False,shoulder,2022-06-27 03:00:00,3,0,False,2022-06-27,0.7071067811865476,0.7071067811865476,0.0,1.0,0,0,3,27,0.6,63.0,0.6,63.0,0.6,63.0,0.4666666666666667,69.999999996,0.36666666666666664,48.99999999599999,0.6,0.0,0.5288194444444444,True
196,102,18.0,63.0,9.999999996000001,0.9239999999999999,58.211999999999996,0.0,30.0,0.71,0.6,25.35211267605634,0.9239999999999999,False,shoulder,2022-06-27 04:00:00,4,0,False,2022-06-27,0.8660254037844386,0.5000000000000001,0.0,1.0,0,0,3,27,0.6,63.0,0.6,63.0,0.6,63.0,0.4666666666666667,69.999999996,0.36666666666666664,48.99999999599999,0.6,0.0,0.5343749999999999,True
197,102,18.0,63.0,9.999999996000001,0.9239999999999999,58.211999999999996,0.0,30.0,0.71,0.6,25.35211267605634,0.9239999999999999,False,shoulder,2022-06-27 05:00:00,5,0,False,2022-06-27,0.9659258262890683,0.25881904510252074,0.0,1.0,0,0,3,27,0.6,63.0,0.6,63.0,0.6,63.0,0.5777777777777777,69.999999996,0.36666666666666664,48.99999999599999,0.6,0.0,0.5399305555555556,True
198,102,18.0,63.0,9.999999996000001,0.9239999999999999,58.211999999999996,0.0,30.0,0.71,0.6,25.35211267605634,0.9239999999999999,False,shoulder,2022-06-27 06:00:00,6,0,False,2022-06-27,1.0,6.123233995736766e-17,0.0,1.0,0,0,3,27,0.6,63.0,0.6,63.0,0.6,63.0,0.6333333333333333,69.999999996,0.36666666666666664,48.99999999599999,0.6,0.0,0.5408564814814815,True
199,102,18.0,63.0,9.999999996000001,1.035,65.20500000000001,0.0,30.0,0.71,0.6,25.35211267605634,1.0350000000000001,False,shoulder,2022-06-27 07:00:00,7,0,False,2022-06-27,0.9659258262890683,-0.25881904510252063,0.0,1.0,0,0,3,27,0.6,63.0,0.6,63.0,0.6,63.0,0.6333333333333333,69.999999996,0.39166666666666666,54.271388889,0.6,0.0,0.5394675925925926,True
200,102,16.666666666666668,59.29,9.47,1.035,61.36514999999999,0.0,30.0,0.71,0.5555555555555556,23.47417840375587,1.035,False,shoulder,2022-06-27 08:00:00,8,0,False,2022-06-27,0.8660254037844387,-0.4999999999999998,0.0,1.0,0,0,3,27,0.6,63.0,0.6,63.0,0.6,63.0,0.6333333333333333,69.999999996,0.538888888888889,80.74888888800001,0.6,0.0,0.5380787037037037,True
201,102,16.5,48.99999999599999,8.000000004,1.1229999999999998,55.026999995507985,0.0,30.0,0.71,0.55,23.23943661971831,1.1229999999999998,False,shoulder,2022-06-27 09:00:00,9,0,False,2022-06-27,0.7071067811865476,-0.7071067811865475,0.0,1.0,0,0,3,27,0.5555555555555556,59.29,0.6,63.0,0.6,63.0,0.6222222222222222,68.432777775,0.675,109.886388888,0.5851851851851853,0.02566001196398244,0.534837962962963,True
202,102,16.0,54.067222224000005,8.72388889,1.1229999999999998,60.717490557552,0.0,30.0,0.71,0.5333333333333333,22.535211267605636,1.1229999999999998,False,shoulder,2022-06-27 10:00:00,10,0,False,2022-06-27,0.49999999999999994,-0.8660254037844387,0.0,1.0,0,0,3,27,0.55,48.99999999599999,0.5555555555555556,59.29,0.6,63.0,0.5805555555555556,63.0,0.6222222222222222,99.543888889,0.5685185185185186,0.02740490479064492,0.5318287037037036,True
203,102,16.916666666666668,49.184722218999994,8.026388893000002,1.079,53.07844305211299,0.0,30.0,0.71,0.5638888888888889,23.826291079812208,1.0791652500501234,False,shoulder,2022-06-27 11:00:00,11,0,False,2022-06-27,0.258819045102521,-0.9659258262890682,0.0,1.0,0,0,3,27,0.5333333333333333,54.067222224000005,0.55,48.99999999599999,0.5555555555555556,59.29,0.4361111111111111,63.0,0.6,94.5,0.5462962962962964,0.011564811108143133,0.529861111111111,True
204,102,16.0,46.174722225000004,7.192777774999998,1.035,47.790837502875,0.0,30.0,0.71,0.5333333333333333,22.535211267605636,1.035,False,shoulder,2022-06-27 12:00:00,12,0,False,2022-06-27,1.2246467991473532e-16,-1.0,0.0,1.0,0,0,3,27,0.5638888888888889,49.184722218999994,0.5333333333333333,54.067222224000005,0.55,48.99999999599999,0.46111111111111114,68.65055555299999,0.6,94.5,0.5490740740740742,0.015298807075793177,0.5351851851851852,True
205,102,13.916666666666666,40.04972221999999,6.249999999,1.035,41.4514624977,0.0,30.0,0.71,0.46388888888888885,19.600938967136152,1.0350000000000001,False,shoulder,2022-06-27 13:00:00,13,0,False,2022-06-27,-0.2588190451025208,-0.9659258262890683,0.0,1.0,0,0,3,27,0.5333333333333333,46.174722225000004,0.5638888888888889,49.184722218999994,0.5333333333333333,54.067222224000005,0.4666666666666667,69.999999996,0.5527777777777777,84.945,0.5435185185185186,0.01764125822523721,0.5381944444444444,True
206,102,15.583333333333334,46.476111108999994,7.6394444450000005,1.1229999999999998,52.19267277540699,0.0,30.0,0.71,0.5194444444444445,21.94835680751174,1.123,False,shoulder,2022-06-27 14:00:00,14,0,False,2022-06-27,-0.4999999999999997,-0.8660254037844388,0.0,1.0,0,0,3,27,0.46388888888888885,40.04972221999999,0.5333333333333333,46.174722225000004,0.5638888888888889,49.184722218999994,0.4722222222222222,70.98583332999999,0.5,73.686666667,0.5203703703703704,0.051244792970450356,0.5380787037037037,True
207,102,16.666666666666668,48.60333332999999,7.943333337000001,1.1229999999999998,54.58154332958999,0.0,30.0,0.71,0.5555555555555556,23.47417840375587,1.123,False,shoulder,2022-06-27 15:00:00,15,0,False,2022-06-27,-0.7071067811865471,-0.7071067811865479,0.0,1.0,0,0,3,27,0.5194444444444445,46.476111108999994,0.46388888888888885,40.04972221999999,0.5333333333333333,46.174722225000004,0.5,77.000000004,0.5,73.5,0.5055555555555556,0.03674654598700762,0.5400462962962963,True
208,102,15.583333333333334,42.0,6.999999995999999,1.079,45.318000000000005,0.0,30.0,0.71,0.5194444444444445,21.94835680751174,1.0790000000000002,False,shoulder,2022-06-27 16:00:00,16,0,False,2022-06-27,-0.8660254037844385,-0.5000000000000004,0.0,1.0,0,0,3,27,0.5555555555555556,48.60333332999999,0.5194444444444445,46.476111108999994,0.46388888888888885,40.04972221999999,0.475,71.934722221,0.475,68.434722225,0.5129629629629631,0.046175769036265045,0.5423611111111111,True
209,102,16.0,42.0,6.999999995999999,1.035,43.470000000000006,0.0,30.0,0.71,0.5333333333333333,22.535211267605636,1.0350000000000001,False,shoulder,2022-06-27 17:00:00,17,0,False,2022-06-27,-0.9659258262890683,-0.25881904510252063,0.0,1.0,0,0,3,27,0.5194444444444445,42.0,0.5555555555555556,48.60333332999999,0.5194444444444445,46.476111108999994,0.48333333333333334,73.49611111200001,0.4666666666666667,66.500000004,0.5314814814814817,0.020848759720735435,0.544212962962963,True
210,102,16.166666666666668,45.806250002,7.946944446000001,1.035,47.40946875207,0.0,30.0,0.71,0.538888888888889,22.769953051643196,1.035,False,shoulder,2022-06-27 18:00:00,18,0,False,2022-06-27,-1.0,-1.8369701987210297e-16,0.0,1.0,0,0,3,27,0.5333333333333333,42.0,0.5194444444444445,42.0,0.5555555555555556,48.60333332999999,0.45555555555555555,67.85527777499999,0.375,49.4725,0.5361111111111112,0.018215107011948835,0.5462962962962963,True
211,102,19.25,63.96638889,10.638055558,1.1229999999999998,71.83425472347001,0.0,30.0,0.71,0.6416666666666667,27.112676056338028,1.1230000000000002,False,shoulder,2022-06-27 19:00:00,19,0,False,2022-06-27,-0.9659258262890684,0.2588190451025203,0.0,1.0,0,0,3,27,0.538888888888889,45.806250002,0.5333333333333333,42.0,0.5194444444444445,42.0,0.43333333333333335,63.0,0.3333333333333333,42.188611111,0.5305555555555557,0.010015420209619971,0.5497685185185185,True
212,102,18.5,57.528333329999995,9.71833333,1.1229999999999998,64.60431832959,0.0,30.0,0.71,0.6166666666666667,26.056338028169016,1.123,False,shoulder,2022-06-27 20:00:00,20,0,False,2022-06-27,-0.8660254037844386,0.5000000000000001,0.0,1.0,0,0,3,27,0.6416666666666667,63.96638889,0.538888888888889,45.806250002,0.5333333333333333,42.0,0.43333333333333335,63.0,0.3611111111111111,47.648611108,0.5712962962962963,0.06100580151862619,0.5584490740740741,True
213,102,17.333333333333332,49.402500002,8.557500002,1.035,51.131587502070005,0.0,30.0,0.71,0.5777777777777777,24.413145539906104,1.0350000000000001,False,shoulder,2022-06-27 21:00:00,21,0,False,2022-06-27,-0.7071067811865477,0.7071067811865474,0.0,1.0,0,0,3,27,0.6166666666666667,57.528333329999995,0.6416666666666667,63.96638889,0.538888888888889,45.806250002,0.475,63.0,0.36666666666666664,48.99999999599999,0.5990740740740742,0.053599835697800934,0.566087962962963,True
214,102,18.0,52.5,9.0,1.035,54.337500000000006,0.0,30.0,0.71,0.6,25.35211267605634,1.0350000000000001,False,shoulder,2022-06-27 22:00:00,22,0,False,2022-06-27,-0.5000000000000004,0.8660254037844384,0.0,1.0,0,0,3,27,0.5777777777777777,49.402500002,0.6166666666666667,57.528333329999995,0.6416666666666667,63.96638889,0.6,63.0,0.36666666666666664,48.99999999599999,0.612037037037037,0.032195071575395605,0.5703703703703703,True
215,102,18.0,52.5,9.0,0.9239999999999999,48.51000000000002,0.0,30.0,0.71,0.6,25.35211267605634,0.9240000000000004,False,shoulder,2022-06-27 23:00:00,23,0,False,2022-06-27,-0.25881904510252157,0.9659258262890681,0.0,1.0,0,0,3,27,0.6,52.5,0.5777777777777777,49.402500002,0.6166666666666667,57.528333329999995,0.586111111111111,63.0,0.36666666666666664,48.99999999599999,0.5981481481481482,0.019510469912689715,0.5703703703703703,True
216,102,18.75,57.571111108,9.724444442000001,0.9239999999999999,53.195706663791995,0.0,30.0,0.71,0.625,26.408450704225352,0.9239999999999999,False,shoulder,2022-06-28 00:00:00,0,1,False,2022-06-28,0.0,1.0,0.7818314824680298,0.6234898018587336,0,0,3,27,0.6,52.5,0.6,52.5,0.5777777777777777,49.402500002,0.6,63.0,0.36666666666666664,48.99999999599999,0.5925925925925927,0.012830005981990635,0.570949074074074,True
217,102,19.0,59.49999999599999,9.999999996000001,0.9239999999999999,54.977999996304,0.0,30.0,0.71,0.6333333333333333,26.760563380281692,0.9240000000000002,False,shoulder,2022-06-28 01:00:00,1,1,False,2022-06-28,0.25881904510252074,0.9659258262890683,0.7818314824680298,0.6234898018587336,0,0,3,27,0.625,57.571111108,0.6,52.5,0.6,52.5,0.6,63.0,0.36666666666666664,48.99999999599999,0.6083333333333334,0.014433756729740089,0.5719907407407407,True
218,102,18.583333333333332,59.49999999599999,9.999999996000001,0.9239999999999999,54.977999996304,0.0,30.0,0.71,0.6194444444444444,26.173708920187792,0.9240000000000002,False,shoulder,2022-06-28 02:00:00,2,1,False,2022-06-28,0.49999999999999994,0.8660254037844387,0.7818314824680298,0.6234898018587336,0,0,3,27,0.6333333333333333,59.49999999599999,0.625,57.571111108,0.6,52.5,0.6,63.0,0.36666666666666664,48.99999999599999,0.6194444444444445,0.01734721666221756,0.5733796296296296,True
219,102,19.0,59.49999999599999,9.999999996000001,0.9239999999999999,54.977999996304,0.0,30.0,0.71,0.6333333333333333,26.760563380281692,0.9240000000000002,False,shoulder,2022-06-28 03:00:00,3,1,False,2022-06-28,0.7071067811865476,0.7071067811865476,0.7818314824680298,0.6234898018587336,0,0,3,27,0.6194444444444444,59.49999999599999,0.6333333333333333,59.49999999599999,0.625,57.571111108,0.6,63.0,0.36666666666666664,48.99999999599999,0.6259259259259259,0.006990587440065404,0.5741898148148148,True
220,102,19.0,59.49999999599999,9.999999996000001,0.9239999999999999,54.977999996304,0.0,30.0,0.71,0.6333333333333333,26.760563380281692,0.9240000000000002,False,shoulder,2022-06-28 04:00:00,4,1,False,2022-06-28,0.8660254037844386,0.5000000000000001,0.7818314824680298,0.6234898018587336,0,0,3,27,0.6333333333333333,59.49999999599999,0.6194444444444444,59.49999999599999,0.6333333333333333,59.49999999599999,0.6,63.0,0.36666666666666664,48.99999999599999,0.6287037037037037,0.008018753738744895,0.5755787037037037,True
221,102,19.0,59.49999999599999,9.999999996000001,0.9239999999999999,54.977999996304,0.0,30.0,0.71,0.6333333333333333,26.760563380281692,0.9240000000000002,False,shoulder,2022-06-28 05:00:00,5,1,False,2022-06-28,0.9659258262890683,0.25881904510252074,0.7818314824680298,0.6234898018587336,0,0,3,27,0.6333333333333333,59.49999999599999,0.6333333333333333,59.49999999599999,0.6194444444444444,59.49999999599999,0.6,63.0,0.36666666666666664,48.99999999599999,0.6287037037037037,0.008018753738744895,0.5769675925925926,True
222,102,19.0,59.49999999599999,9.999999996000001,0.9239999999999999,54.977999996304,0.0,30.0,0.71,0.6333333333333333,26.760563380281692,0.9240000000000002,False,shoulder,2022-06-28 06:00:00,6,1,False,2022-06-28,1.0,6.123233995736766e-17,0.7818314824680298,0.6234898018587336,0,0,3,27,0.6333333333333333,59.49999999599999,0.6333333333333333,59.49999999599999,0.6333333333333333,59.49999999599999,0.6,63.0,0.36666666666666664,48.99999999599999,0.6333333333333333,0.0,0.5783564814814816,True
223,102,19.916666666666668,65.809722225,10.831666669999999,1.035,68.11306250287501,0.0,30.0,0.71,0.663888888888889,28.051643192488267,1.0350000000000001,False,shoulder,2022-06-28 07:00:00,7,1,False,2022-06-28,0.9659258262890683,-0.25881904510252063,0.7818314824680298,0.6234898018587336,0,0,3,27,0.6333333333333333,59.49999999599999,0.6333333333333333,59.49999999599999,0.6333333333333333,59.49999999599999,0.6,63.0,0.3333333333333333,43.936666668,0.6333333333333333,0.0,0.5797453703703704,True
224,102,21.333333333333332,81.695833333,12.67083333,1.035,84.555187499655,0.0,30.0,0.71,0.711111111111111,30.046948356807512,1.0350000000000001,False,shoulder,2022-06-28 08:00:00,8,1,False,2022-06-28,0.8660254037844387,-0.4999999999999998,0.7818314824680298,0.6234898018587336,0,0,3,27,0.663888888888889,65.809722225,0.6333333333333333,59.49999999599999,0.6333333333333333,59.49999999599999,0.5555555555555556,59.29,0.3527777777777778,45.898611108999994,0.6435185185185186,0.017641258225239022,0.5824074074074074,True
225,102,20.75,78.934722225,12.276388888,1.1229999999999998,88.64369305867498,0.0,30.0,0.71,0.6916666666666667,29.225352112676056,1.1229999999999998,False,shoulder,2022-06-28 09:00:00,9,1,False,2022-06-28,0.7071067811865476,-0.7071067811865475,0.7818314824680298,0.6234898018587336,0,0,3,27,0.711111111111111,81.695833333,0.663888888888889,65.809722225,0.6333333333333333,59.49999999599999,0.55,48.99999999599999,0.36666666666666664,51.532638888,0.6694444444444446,0.039185377721294504,0.5888888888888889,True
226,102,20.0,80.325000002,12.670000000000002,1.1229999999999998,90.204975002246,0.0,30.0,0.71,0.6666666666666666,28.169014084507044,1.123,False,shoulder,2022-06-28 10:00:00,10,1,False,2022-06-28,0.49999999999999994,-0.8660254037844387,0.7818314824680298,0.6234898018587336,0,0,3,27,0.6916666666666667,78.934722225,0.711111111111111,81.695833333,0.663888888888889,65.809722225,0.5333333333333333,54.067222224000005,0.3527777777777778,42.952777776,0.688888888888889,0.023733343736994084,0.5947916666666667,True
227,102,17.416666666666668,90.615000002,14.445000002,1.079,97.65363611331802,0.0,30.0,0.71,0.5805555555555556,24.530516431924884,1.0776762799885522,False,shoulder,2022-06-28 11:00:00,11,1,False,2022-06-28,0.258819045102521,-0.9659258262890682,0.7818314824680298,0.6234898018587336,0,0,3,27,0.6666666666666666,80.325000002,0.6916666666666667,78.934722225,0.711111111111111,81.695833333,0.5638888888888889,49.184722218999994,0.3027777777777778,38.898611107,0.6898148148148149,0.022280017436141768,0.6003472222222223,True
228,102,16.666666666666668,85.34944444599999,13.692777779000002,1.035,88.33667500160999,0.0,30.0,0.71,0.5555555555555556,23.47417840375587,1.035,False,shoulder,2022-06-28 12:00:00,12,1,False,2022-06-28,1.2246467991473532e-16,-1.0,0.7818314824680298,0.6234898018587336,0,0,3,27,0.5805555555555556,90.615000002,0.6666666666666666,80.325000002,0.6916666666666667,78.934722225,0.5333333333333333,46.174722225000004,0.3333333333333333,45.500000004,0.6462962962962964,0.058289224946433855,0.6010416666666666,True
229,102,17.166666666666668,88.287500001,14.112500001,1.035,91.377562501035,0.0,30.0,0.71,0.5722222222222223,24.178403755868548,1.0350000000000001,False,shoulder,2022-06-28 13:00:00,13,1,False,2022-06-28,-0.2588190451025208,-0.9659258262890683,0.7818314824680298,0.6234898018587336,0,0,3,27,0.5555555555555556,85.34944444599999,0.5805555555555556,90.615000002,0.6666666666666666,80.325000002,0.46388888888888885,40.04972221999999,0.3333333333333333,45.500000004,0.600925925925926,0.05828922494643341,0.6019675925925926,True
230,102,18.0,94.5,15.0,1.1229999999999998,106.1235,0.0,30.0,0.71,0.6,25.35211267605634,1.123,False,shoulder,2022-06-28 14:00:00,14,1,False,2022-06-28,-0.4999999999999997,-0.8660254037844388,0.7818314824680298,0.6234898018587336,0,0,3,27,0.5722222222222223,88.287500001,0.5555555555555556,85.34944444599999,0.5805555555555556,90.615000002,0.5194444444444445,46.476111108999994,0.3333333333333333,45.500000004,0.5694444444444446,0.012729376930429541,0.6064814814814815,True
231,102,16.583333333333332,84.956666666,13.636666667000002,1.1229999999999998,95.406336665918,0.0,30.0,0.71,0.5527777777777777,23.356807511737088,1.123,False,shoulder,2022-06-28 15:00:00,15,1,False,2022-06-28,-0.7071067811865471,-0.7071067811865479,0.7818314824680298,0.6234898018587336,0,0,3,27,0.6,94.5,0.5722222222222223,88.287500001,0.5555555555555556,85.34944444599999,0.5555555555555556,48.60333332999999,0.3333333333333333,45.500000004,0.5759259259259261,0.0224525104684837,0.609837962962963,True
232,102,16.0,80.499999996,12.999999996000001,1.079,86.85949999568399,0.0,30.0,0.71,0.5333333333333333,22.535211267605636,1.079,False,shoulder,2022-06-28 16:00:00,16,1,False,2022-06-28,-0.8660254037844385,-0.5000000000000004,0.7818314824680298,0.6234898018587336,0,0,3,27,0.5527777777777777,84.956666666,0.6,94.5,0.5722222222222223,88.287500001,0.5194444444444445,42.0,0.3333333333333333,45.500000004,0.5750000000000001,0.0237333437369915,0.6097222222222223,True
233,102,16.5,83.819166666,13.474166665999999,1.035,86.75283749930998,0.0,30.0,0.71,0.55,23.23943661971831,1.0349999999999997,False,shoulder,2022-06-28 17:00:00,17,1,False,2022-06-28,-0.9659258262890683,-0.25881904510252063,0.7818314824680298,0.6234898018587336,0,0,3,27,0.5333333333333333,80.499999996,0.5527777777777777,84.956666666,0.6,94.5,0.5333333333333333,42.0,0.3333333333333333,45.500000004,0.562037037037037,0.034284275151060854,0.6103009259259259,True
234,102,17.166666666666668,88.670555558,14.167222224999998,1.035,91.77402500252998,0.0,30.0,0.71,0.5722222222222223,24.178403755868548,1.0349999999999997,False,shoulder,2022-06-28 18:00:00,18,1,False,2022-06-28,-1.0,-1.8369701987210297e-16,0.7818314824680298,0.6234898018587336,0,0,3,27,0.55,83.819166666,0.5333333333333333,80.499999996,0.5527777777777777,84.956666666,0.538888888888889,45.806250002,0.275,33.621388888,0.5453703703703704,0.010516496936661535,0.6109953703703703,True
235,102,17.166666666666668,88.499444444,14.142777778,1.1229999999999998,99.38487611061201,0.0,30.0,0.71,0.5722222222222223,24.178403755868548,1.123,False,shoulder,2022-06-28 19:00:00,19,1,False,2022-06-28,-0.9659258262890684,0.2588190451025203,0.7818314824680298,0.6234898018587336,0,0,3,27,0.5722222222222223,88.670555558,0.55,83.819166666,0.5333333333333333,80.499999996,0.6416666666666667,63.96638889,0.24722222222222223,27.597500002000004,0.5518518518518519,0.01951046991268747,0.6123842592592593,True
236,102,16.666666666666668,85.563333331,13.723333331000003,1.1229999999999998,96.087623330713,0.0,30.0,0.71,0.5555555555555556,23.47417840375587,1.123,False,shoulder,2022-06-28 20:00:00,20,1,False,2022-06-28,-0.8660254037844386,0.5000000000000001,0.7818314824680298,0.6234898018587336,0,0,3,27,0.5722222222222223,88.499444444,0.5722222222222223,88.670555558,0.55,83.819166666,0.6166666666666667,57.528333329999995,0.2555555555555556,28.970277779,0.564814814814815,0.012830005981988026,0.6094907407407407,True
237,102,18.0,73.493194443,11.804166666999997,1.035,76.06545624850499,0.0,30.0,0.71,0.6,25.35211267605634,1.035,False,shoulder,2022-06-28 21:00:00,21,1,False,2022-06-28,-0.7071067811865477,0.7071067811865474,0.7818314824680298,0.6234898018587336,0,0,3,27,0.5555555555555556,85.563333331,0.5722222222222223,88.499444444,0.5722222222222223,88.670555558,0.5777777777777777,49.402500002,0.26666666666666666,31.5,0.5666666666666668,0.009622504486489035,0.6069444444444444,True
238,102,18.25,63.196388889,10.028055552000001,1.035,65.40826250011501,0.0,30.0,0.71,0.6083333333333333,25.704225352112676,1.0350000000000004,False,shoulder,2022-06-28 22:00:00,22,1,False,2022-06-28,-0.5000000000000004,0.8660254037844384,0.7818314824680298,0.6234898018587336,0,0,3,27,0.6,73.493194443,0.5555555555555556,85.563333331,0.5722222222222223,88.499444444,0.6,52.5,0.26666666666666666,31.5,0.5759259259259261,0.022452510468483646,0.6078703703703704,True
239,102,18.166666666666668,63.0,9.999999996000001,0.9239999999999999,58.211999999999996,0.0,30.0,0.71,0.6055555555555556,25.5868544600939,0.9239999999999999,False,shoulder,2022-06-28 23:00:00,23,1,False,2022-06-28,-0.25881904510252157,0.9659258262890681,0.7818314824680298,0.6234898018587336,0,0,3,27,0.6083333333333333,63.196388889,0.6,73.493194443,0.5555555555555556,85.563333331,0.6,52.5,0.26666666666666666,31.5,0.587962962962963,0.02837324712230361,0.6082175925925926,True
240,102,18.583333333333332,63.0,9.999999996000001,0.9239999999999999,58.211999999999996,0.0,30.0,0.71,0.6194444444444444,26.173708920187792,0.9239999999999999,False,shoulder,2022-06-29 00:00:00,0,2,False,2022-06-29,0.0,1.0,0.9749279121818236,-0.22252093395631434,0,0,3,27,0.6055555555555556,63.0,0.6083333333333333,63.196388889,0.6,73.493194443,0.625,57.571111108,0.2722222222222222,32.481944444,0.6046296296296297,0.0042431256434732325,0.6084490740740741,True
241,102,18.833333333333332,63.0,9.999999996000001,0.9239999999999999,58.211999999999996,0.0,30.0,0.71,0.6277777777777778,26.525821596244132,0.9239999999999999,False,shoulder,2022-06-29 01:00:00,1,2,False,2022-06-29,0.25881904510252074,0.9659258262890683,0.9749279121818236,-0.22252093395631434,0,0,3,27,0.6194444444444444,63.0,0.6055555555555556,63.0,0.6083333333333333,63.196388889,0.6333333333333333,59.49999999599999,0.3,38.499999996,0.6111111111111112,0.007349309197399786,0.6082175925925927,True
242,102,18.75,63.0,9.999999996000001,0.9239999999999999,58.211999999999996,0.0,30.0,0.71,0.625,26.408450704225352,0.9239999999999999,False,shoulder,2022-06-29 02:00:00,2,2,False,2022-06-29,0.49999999999999994,0.8660254037844387,0.9749279121818236,-0.22252093395631434,0,0,3,27,0.6277777777777778,63.0,0.6194444444444444,63.0,0.6055555555555556,63.0,0.6194444444444444,59.49999999599999,0.3,38.499999996,0.6175925925925926,0.01122625523424199,0.6079861111111111,True
243,102,18.666666666666668,63.0,9.999999996000001,0.9239999999999999,58.211999999999996,0.0,30.0,0.71,0.6222222222222222,26.291079812206576,0.9239999999999999,False,shoulder,2022-06-29 03:00:00,3,2,False,2022-06-29,0.7071067811865476,0.7071067811865476,0.9749279121818236,-0.22252093395631434,0,0,3,27,0.625,63.0,0.6277777777777778,63.0,0.6194444444444444,63.0,0.6333333333333333,59.49999999599999,0.3,38.499999996,0.6240740740740741,0.004243125643477137,0.6082175925925926,True
244,102,18.916666666666668,63.0,9.999999996000001,0.9239999999999999,58.211999999999996,0.0,30.0,0.71,0.6305555555555556,26.643192488262915,0.9239999999999999,False,shoulder,2022-06-29 04:00:00,4,2,False,2022-06-29,0.8660254037844386,0.5000000000000001,0.9749279121818236,-0.22252093395631434,0,0,3,27,0.6222222222222222,63.0,0.625,63.0,0.6277777777777778,63.0,0.6333333333333333,59.49999999599999,0.3,38.499999996,0.625,0.002777777777777256,0.6077546296296297,True
245,102,19.0,63.0,9.999999996000001,0.9239999999999999,58.211999999999996,0.0,30.0,0.71,0.6333333333333333,26.760563380281692,0.9239999999999999,False,shoulder,2022-06-29 05:00:00,5,2,False,2022-06-29,0.9659258262890683,0.25881904510252074,0.9749279121818236,-0.22252093395631434,0,0,3,27,0.6305555555555556,63.0,0.6222222222222222,63.0,0.625,63.0,0.6333333333333333,59.49999999599999,0.3,38.499999996,0.625925925925926,0.004243125643477558,0.607638888888889,True
246,102,19.0,63.0,9.999999996000001,0.9239999999999999,58.211999999999996,0.0,30.0,0.71,0.6333333333333333,26.760563380281692,0.9239999999999999,False,shoulder,2022-06-29 06:00:00,6,2,False,2022-06-29,1.0,6.123233995736766e-17,0.9749279121818236,-0.22252093395631434,0,0,3,27,0.6333333333333333,63.0,0.6305555555555556,63.0,0.6222222222222222,63.0,0.6333333333333333,59.49999999599999,0.3,38.499999996,0.6287037037037039,0.005782405554072955,0.6076388888888888,True
247,102,18.416666666666668,63.0,9.999999996000001,1.035,65.20500000000001,0.0,30.0,0.71,0.6138888888888889,25.93896713615024,1.0350000000000001,False,shoulder,2022-06-29 07:00:00,7,2,False,2022-06-29,0.9659258262890683,-0.25881904510252063,0.9749279121818236,-0.22252093395631434,0,0,3,27,0.6333333333333333,63.0,0.6333333333333333,63.0,0.6305555555555556,63.0,0.663888888888889,65.809722225,0.3055555555555555,38.992916663,0.6324074074074075,0.0016037507477524007,0.607638888888889,True
248,102,20.75,81.491666663,12.641666669999998,1.035,84.34387499620499,0.0,30.0,0.71,0.6916666666666667,29.225352112676056,1.035,False,shoulder,2022-06-29 08:00:00,8,2,False,2022-06-29,0.8660254037844387,-0.4999999999999998,0.9749279121818236,-0.22252093395631434,0,0,3,27,0.6138888888888889,63.0,0.6333333333333333,63.0,0.6333333333333333,63.0,0.711111111111111,81.695833333,0.36666666666666664,48.634444446,0.6268518518518519,0.011226255234242708,0.6055555555555555,True
249,102,23.5,94.303611111,14.471944446000002,1.1229999999999998,105.902955277653,0.0,30.0,0.71,0.7833333333333333,33.098591549295776,1.1230000000000002,False,shoulder,2022-06-29 09:00:00,9,2,False,2022-06-29,0.7071067811865476,-0.7071067811865475,0.9749279121818236,-0.22252093395631434,0,0,3,27,0.6916666666666667,81.491666663,0.6138888888888889,63.0,0.6333333333333333,63.0,0.6916666666666667,78.934722225,0.4,56.00000000400001,0.6462962962962964,0.04047683887850855,0.6047453703703703,True
250,102,23.583333333333332,98.000000004,15.0,1.1229999999999998,110.05400000449202,0.0,30.0,0.71,0.7861111111111111,33.21596244131455,1.1230000000000002,False,shoulder,2022-06-29 10:00:00,10,2,False,2022-06-29,0.49999999999999994,-0.8660254037844387,0.9749279121818236,-0.22252093395631434,0,0,3,27,0.7833333333333333,94.303611111,0.6916666666666667,81.491666663,0.6138888888888889,63.0,0.6666666666666666,80.325000002,0.4,56.00000000400001,0.6962962962962963,0.08481703862522189,0.6085648148148148,True
251,102,21.5,100.728055558,15.389722221000003,1.079,108.56553750270601,0.0,30.0,0.71,0.7166666666666667,30.281690140845072,1.0778083315645175,False,shoulder,2022-06-29 11:00:00,11,2,False,2022-06-29,0.258819045102521,-0.9659258262890682,0.9749279121818236,-0.22252093395631434,0,0,3,27,0.7861111111111111,98.000000004,0.7833333333333333,94.303611111,0.6916666666666667,81.491666663,0.5805555555555556,90.615000002,0.4083333333333333,57.73638889200001,0.7537037037037037,0.05374359948493332,0.6135416666666668,True
252,102,19.0,105.0,15.999999996000001,1.035,108.67500000000001,0.0,30.0,0.71,0.6333333333333333,26.760563380281692,1.0350000000000001,False,shoulder,2022-06-29 12:00:00,12,2,False,2022-06-29,1.2246467991473532e-16,-1.0,0.9749279121818236,-0.22252093395631434,0,0,3,27,0.7166666666666667,100.728055558,0.7861111111111111,98.000000004,0.7833333333333333,94.303611111,0.5555555555555556,85.34944444599999,0.425,61.067222223,0.7620370370370372,0.03931643286215504,0.619212962962963,True
253,102,18.583333333333332,102.454722223,15.636388885999999,1.035,106.04063750080499,0.0,30.0,0.71,0.6194444444444444,26.173708920187792,1.035,False,shoulder,2022-06-29 13:00:00,13,2,False,2022-06-29,-0.2588190451025208,-0.9659258262890683,0.9749279121818236,-0.22252093395631434,0,0,3,27,0.6333333333333333,105.0,0.7166666666666667,100.728055558,0.7861111111111111,98.000000004,0.5722222222222223,88.287500001,0.4222222222222222,60.847500001,0.7120370370370371,0.07649403537897458,0.6224537037037038,True
254,102,17.0,90.999999996,14.000000003999999,1.1229999999999998,102.19299999550799,0.0,30.0,0.71,0.5666666666666667,23.943661971830988,1.1229999999999998,False,shoulder,2022-06-29 14:00:00,14,2,False,2022-06-29,-0.4999999999999997,-0.8660254037844388,0.9749279121818236,-0.22252093395631434,0,0,3,27,0.6194444444444444,102.454722223,0.6333333333333333,105.0,0.7166666666666667,100.728055558,0.6,94.5,0.375,50.934722221,0.6564814814814816,0.05258248468333639,0.6244212962962963,True
255,102,17.583333333333332,94.898611111,14.556944446,1.1229999999999998,106.57114027765303,0.0,30.0,0.71,0.586111111111111,24.76525821596244,1.1230000000000004,False,shoulder,2022-06-29 15:00:00,15,2,False,2022-06-29,-0.7071067811865471,-0.7071067811865479,0.9749279121818236,-0.22252093395631434,0,0,3,27,0.5666666666666667,90.999999996,0.6194444444444444,102.454722223,0.6333333333333333,105.0,0.5527777777777777,84.956666666,0.36666666666666664,48.99999999599999,0.6064814814814815,0.03517299983930058,0.6230324074074074,True
256,102,18.0,98.000000004,15.0,1.079,105.74200000431598,0.0,30.0,0.71,0.6,25.35211267605634,1.0789999999999997,False,shoulder,2022-06-29 16:00:00,16,2,False,2022-06-29,-0.8660254037844385,-0.5000000000000004,0.9749279121818236,-0.22252093395631434,0,0,3,27,0.586111111111111,94.898611111,0.5666666666666667,90.999999996,0.6194444444444444,102.454722223,0.5333333333333333,80.499999996,0.36666666666666664,48.99999999599999,0.5907407407407408,0.026691732047035042,0.6244212962962963,True
257,102,18.166666666666668,98.980000003,15.14,1.035,102.44430000310498,0.0,30.0,0.71,0.6055555555555556,25.5868544600939,1.035,False,shoulder,2022-06-29 17:00:00,17,2,False,2022-06-29,-0.9659258262890683,-0.25881904510252063,0.9749279121818236,-0.22252093395631434,0,0,3,27,0.6,98.000000004,0.586111111111111,94.898611111,0.5666666666666667,90.999999996,0.55,83.819166666,0.375,50.746111109,0.5842592592592593,0.016743649370391356,0.627199074074074,True
258,102,18.75,101.59041666599998,15.749444442000001,1.035,105.14608124930999,0.0,30.0,0.71,0.625,26.408450704225352,1.0350000000000001,False,shoulder,2022-06-29 18:00:00,18,2,False,2022-06-29,-1.0,-1.8369701987210297e-16,0.9749279121818236,-0.22252093395631434,0,0,3,27,0.6055555555555556,98.980000003,0.6,98.000000004,0.586111111111111,94.898611111,0.5722222222222223,88.670555558,0.36666666666666664,48.99999999599999,0.5972222222222223,0.010015420209619702,0.6295138888888889,True
259,102,19.0,101.499999996,15.999999996000001,1.1229999999999998,113.984499995508,0.0,30.0,0.71,0.6333333333333333,26.760563380281692,1.123,False,shoulder,2022-06-29 19:00:00,19,2,False,2022-06-29,-0.9659258262890684,0.2588190451025203,0.9749279121818236,-0.22252093395631434,0,0,3,27,0.625,101.59041666599998,0.6055555555555556,98.980000003,0.6,98.000000004,0.5722222222222223,88.499444444,0.36666666666666664,48.99999999599999,0.6101851851851853,0.013127265628478539,0.631712962962963,True
260,102,18.083333333333332,95.446944443,15.135277776999999,1.1229999999999998,107.18691860948901,0.0,30.0,0.71,0.6027777777777777,25.469483568075116,1.123,False,shoulder,2022-06-29 20:00:00,20,2,False,2022-06-29,-0.8660254037844386,0.5000000000000001,0.9749279121818236,-0.22252093395631434,0,0,3,27,0.6333333333333333,101.499999996,0.625,101.59041666599998,0.6055555555555556,98.980000003,0.5555555555555556,85.563333331,0.3555555555555555,46.853333330999995,0.6212962962962963,0.014254448442907965,0.6342592592592592,True
261,102,19.583333333333332,83.5975,13.442500000000003,1.035,86.52341249999999,0.0,30.0,0.71,0.6527777777777778,27.582159624413144,1.035,False,shoulder,2022-06-29 21:00:00,21,2,False,2022-06-29,-0.7071067811865477,0.7071067811865474,0.9749279121818236,-0.22252093395631434,0,0,3,27,0.6027777777777777,95.446944443,0.6333333333333333,101.499999996,0.625,101.59041666599998,0.6,73.493194443,0.3333333333333333,42.0,0.6203703703703703,0.015795113064103614,0.6362268518518518,True
262,102,21.583333333333332,80.499999996,12.999999996000001,1.035,83.31749999585999,0.0,30.0,0.71,0.7194444444444444,30.399061032863848,1.035,False,shoulder,2022-06-29 22:00:00,22,2,False,2022-06-29,-0.5000000000000004,0.8660254037844384,0.9749279121818236,-0.22252093395631434,0,0,3,27,0.6527777777777778,83.5975,0.6027777777777777,95.446944443,0.6333333333333333,101.499999996,0.6083333333333333,63.196388889,0.3333333333333333,42.0,0.6296296296296297,0.025204921460771128,0.6384259259259258,True
263,102,22.0,80.499999996,12.999999996000001,0.9239999999999999,74.38199999630402,0.0,30.0,0.71,0.7333333333333333,30.985915492957748,0.9240000000000003,False,shoulder,2022-06-29 23:00:00,23,2,False,2022-06-29,-0.25881904510252157,0.9659258262890681,0.9749279121818236,-0.22252093395631434,0,0,3,27,0.7194444444444444,80.499999996,0.6527777777777778,83.5975,0.6027777777777777,95.446944443,0.6055555555555556,63.0,0.3333333333333333,42.0,0.6583333333333333,0.0585314097380715,0.6430555555555556,True
264,102,21.666666666666668,80.499999996,12.999999996000001,0.9239999999999999,74.38199999630402,0.0,30.0,0.71,0.7222222222222222,30.51643192488263,0.9240000000000003,False,shoulder,2022-06-30 00:00:00,0,3,False,2022-06-30,0.0,1.0,0.43388373911755823,-0.900968867902419,0,0,3,27,0.7333333333333333,80.499999996,0.7194444444444444,80.499999996,0.6527777777777778,83.5975,0.6194444444444444,63.0,0.3333333333333333,42.0,0.7018518518518518,0.043063022052718704,0.6483796296296297,True
265,102,21.666666666666668,80.499999996,12.999999996000001,0.9239999999999999,74.38199999630402,0.0,30.0,0.71,0.7222222222222222,30.51643192488263,0.9240000000000003,False,shoulder,2022-06-30 01:00:00,1,3,False,2022-06-30,0.25881904510252074,0.9659258262890683,0.43388373911755823,-0.900968867902419,0,0,3,27,0.7222222222222222,80.499999996,0.7333333333333333,80.499999996,0.7194444444444444,80.499999996,0.6277777777777778,63.0,0.3333333333333333,42.0,0.7250000000000001,0.007349309197417802,0.652662037037037,True
266,102,22.0,80.499999996,12.999999996000001,0.9239999999999999,74.38199999630402,0.0,30.0,0.71,0.7333333333333333,30.985915492957748,0.9240000000000003,False,shoulder,2022-06-30 02:00:00,2,3,False,2022-06-30,0.49999999999999994,0.8660254037844387,0.43388373911755823,-0.900968867902419,0,0,3,27,0.7222222222222222,80.499999996,0.7222222222222222,80.499999996,0.7333333333333333,80.499999996,0.625,63.0,0.3333333333333333,42.0,0.725925925925926,0.006415002991014529,0.6565972222222222,True
267,102,22.0,80.499999996,12.999999996000001,0.9239999999999999,74.38199999630402,0.0,30.0,0.71,0.7333333333333333,30.985915492957748,0.9240000000000003,False,shoulder,2022-06-30 03:00:00,3,3,False,2022-06-30,0.7071067811865476,0.7071067811865476,0.43388373911755823,-0.900968867902419,0,0,3,27,0.7333333333333333,80.499999996,0.7222222222222222,80.499999996,0.7222222222222222,80.499999996,0.6222222222222222,63.0,0.3333333333333333,42.0,0.725925925925926,0.006415002991014529,0.6611111111111111,True
268,102,22.0,80.499999996,12.999999996000001,0.9239999999999999,74.38199999630402,0.0,30.0,0.71,0.7333333333333333,30.985915492957748,0.9240000000000003,False,shoulder,2022-06-30 04:00:00,4,3,False,2022-06-30,0.8660254037844386,0.5000000000000001,0.43388373911755823,-0.900968867902419,0,0,3,27,0.7333333333333333,80.499999996,0.7333333333333333,80.499999996,0.7222222222222222,80.499999996,0.6305555555555556,63.0,0.3333333333333333,42.0,0.7296296296296297,0.006415002991015242,0.6657407407407406,True
269,102,22.0,80.499999996,12.999999996000001,0.9239999999999999,74.38199999630402,0.0,30.0,0.71,0.7333333333333333,30.985915492957748,0.9240000000000003,False,shoulder,2022-06-30 05:00:00,5,3,False,2022-06-30,0.9659258262890683,0.25881904510252074,0.43388373911755823,-0.900968867902419,0,0,3,27,0.7333333333333333,80.499999996,0.7333333333333333,80.499999996,0.7333333333333333,80.499999996,0.6333333333333333,63.0,0.3333333333333333,42.0,0.7333333333333333,0.0,0.6700231481481481,True
270,102,22.0,80.499999996,12.999999996000001,0.9239999999999999,74.38199999630402,0.0,30.0,0.71,0.7333333333333333,30.985915492957748,0.9240000000000003,False,shoulder,2022-06-30 06:00:00,6,3,False,2022-06-30,1.0,6.123233995736766e-17,0.43388373911755823,-0.900968867902419,0,0,3,27,0.7333333333333333,80.499999996,0.7333333333333333,80.499999996,0.7333333333333333,80.499999996,0.6333333333333333,63.0,0.3333333333333333,42.0,0.7333333333333333,0.0,0.6741898148148149,True
271,102,21.666666666666668,78.35333333099999,12.693333331,1.035,81.095699997585,0.0,30.0,0.71,0.7222222222222222,30.51643192488263,1.0350000000000001,False,shoulder,2022-06-30 07:00:00,7,3,False,2022-06-30,0.9659258262890683,-0.25881904510252063,0.43388373911755823,-0.900968867902419,0,0,3,27,0.7333333333333333,80.499999996,0.7333333333333333,80.499999996,0.7333333333333333,80.499999996,0.6138888888888889,63.0,0.3111111111111111,39.253472222000006,0.7333333333333333,0.0,0.6783564814814814,True
272,102,21.166666666666668,76.630555556,12.447222222999999,1.035,79.31262500045999,0.0,30.0,0.71,0.7055555555555556,29.812206572769956,1.0349999999999997,False,shoulder,2022-06-30 08:00:00,8,3,False,2022-06-30,0.8660254037844387,-0.4999999999999998,0.43388373911755823,-0.900968867902419,0,0,3,27,0.7222222222222222,78.35333333099999,0.7333333333333333,80.499999996,0.7333333333333333,80.499999996,0.6916666666666667,81.491666663,0.3138888888888889,32.087222223000005,0.7296296296296297,0.006415002991015242,0.6828703703703703,True
273,102,23.416666666666668,87.500000004,14.000000003999999,1.1229999999999998,98.26250000449198,0.0,30.0,0.71,0.7805555555555556,32.981220657277,1.1229999999999998,False,shoulder,2022-06-30 09:00:00,9,3,False,2022-06-30,0.7071067811865476,-0.7071067811865475,0.43388373911755823,-0.900968867902419,0,0,3,27,0.7055555555555556,76.630555556,0.7222222222222222,78.35333333099999,0.7333333333333333,80.499999996,0.7833333333333333,94.303611111,0.35833333333333334,45.709999997999994,0.7203703703703704,0.013981174880139068,0.6834490740740741,True
274,102,23.75,92.56333333399999,14.723333334,1.1229999999999998,103.94862333408201,0.0,30.0,0.71,0.7916666666666666,33.45070422535211,1.1230000000000002,False,shoulder,2022-06-30 10:00:00,10,3,False,2022-06-30,0.49999999999999994,-0.8660254037844387,0.43388373911755823,-0.900968867902419,0,0,3,27,0.7805555555555556,87.500000004,0.7055555555555556,76.630555556,0.7222222222222222,78.35333333099999,0.7861111111111111,98.000000004,0.36666666666666664,48.99999999599999,0.7361111111111112,0.039381796885441765,0.6833333333333332,True
275,102,24.0,94.5,15.0,1.079,101.96550000000002,0.0,30.0,0.71,0.8,33.802816901408455,1.0790000000000002,False,peak,2022-06-30 11:00:00,11,3,False,2022-06-30,0.258819045102521,-0.9659258262890682,0.43388373911755823,-0.900968867902419,0,0,3,27,0.7916666666666666,92.56333333399999,0.7805555555555556,87.500000004,0.7055555555555556,76.630555556,0.7166666666666667,100.728055558,0.36944444444444446,49.40055555199999,0.7592592592592592,0.04683940692571359,0.6835648148148148,True
276,102,23.416666666666668,90.603333335,14.443333334999998,1.035,93.77445000172499,0.0,30.0,0.71,0.7805555555555556,32.981220657277,1.035,False,shoulder,2022-06-30 12:00:00,12,3,False,2022-06-30,1.2246467991473532e-16,-1.0,0.43388373911755823,-0.900968867902419,0,0,3,27,0.8,94.5,0.7916666666666666,92.56333333399999,0.7805555555555556,87.500000004,0.6333333333333333,105.0,0.4,56.00000000400001,0.7907407407407409,0.00975523495636589,0.687037037037037,True
277,102,23.0,87.500000004,14.000000003999999,1.035,90.56250000413999,0.0,30.0,0.71,0.7666666666666667,32.3943661971831,1.035,False,shoulder,2022-06-30 13:00:00,13,3,False,2022-06-30,-0.2588190451025208,-0.9659258262890683,0.43388373911755823,-0.900968867902419,0,0,3,27,0.7805555555555556,90.603333335,0.8,94.5,0.7916666666666666,92.56333333399999,0.6194444444444444,102.454722223,0.4,56.00000000400001,0.7907407407407409,0.00975523495636589,0.6931712962962963,True
278,102,22.5,84.186666667,13.526666667000004,1.1229999999999998,94.54162666704102,0.0,30.0,0.71,0.75,31.690140845070424,1.1230000000000002,False,shoulder,2022-06-30 14:00:00,14,3,False,2022-06-30,-0.4999999999999997,-0.8660254037844388,0.43388373911755823,-0.900968867902419,0,0,3,27,0.7666666666666667,87.500000004,0.7805555555555556,90.603333335,0.8,94.5,0.5666666666666667,90.999999996,0.3611111111111111,48.20472222099999,0.7824074074074074,0.016743649370405136,0.6993055555555556,True
279,102,22.0,80.499999996,12.999999996000001,1.1229999999999998,90.40149999550799,0.0,30.0,0.71,0.7333333333333333,30.985915492957748,1.1229999999999998,False,shoulder,2022-06-30 15:00:00,15,3,False,2022-06-30,-0.7071067811865471,-0.7071067811865479,0.43388373911755823,-0.900968867902419,0,0,3,27,0.75,84.186666667,0.7666666666666667,87.500000004,0.7805555555555556,90.603333335,0.586111111111111,94.898611111,0.33888888888888885,42.970277777,0.7657407407407408,0.015298807075806007,0.7069444444444445,True
280,102,22.0,80.499999996,12.999999996000001,1.079,86.85949999568399,0.0,30.0,0.71,0.7333333333333333,30.985915492957748,1.079,False,shoulder,2022-06-30 16:00:00,16,3,False,2022-06-30,-0.8660254037844385,-0.5000000000000004,0.43388373911755823,-0.900968867902419,0,0,3,27,0.7333333333333333,80.499999996,0.75,84.186666667,0.7666666666666667,87.500000004,0.6,98.000000004,0.3777777777777778,51.140833332,0.7500000000000001,0.016666666666675954,0.7130787037037036,True
281,102,22.0,80.499999996,12.999999996000001,1.035,83.31749999585999,0.0,30.0,0.71,0.7333333333333333,30.985915492957748,1.035,False,shoulder,2022-06-30 17:00:00,17,3,False,2022-06-30,-0.9659258262890683,-0.25881904510252063,0.43388373911755823,-0.900968867902419,0,0,3,27,0.7333333333333333,80.499999996,0.7333333333333333,80.499999996,0.75,84.186666667,0.6055555555555556,98.980000003,0.3972222222222222,55.63250000400001,0.7388888888888889,0.009622504486508436,0.7186342592592593,True
282,102,21.25,75.43083333199999,12.275833332,1.035,78.07091249861999,0.0,30.0,0.71,0.7083333333333334,29.929577464788736,1.035,False,shoulder,2022-06-30 18:00:00,18,3,False,2022-06-30,-1.0,-1.8369701987210297e-16,0.43388373911755823,-0.900968867902419,0,0,3,27,0.7333333333333333,80.499999996,0.7333333333333333,80.499999996,0.7333333333333333,80.499999996,0.625,101.59041666599998,0.35833333333333334,47.442499997,0.7333333333333333,0.0,0.7239583333333334,True
283,102,21.0,73.5,12.0,1.1229999999999998,82.54050000000001,0.0,30.0,0.71,0.7,29.577464788732396,1.1230000000000002,False,shoulder,2022-06-30 19:00:00,19,3,False,2022-06-30,-0.9659258262890684,0.2588190451025203,0.43388373911755823,-0.900968867902419,0,0,3,27,0.7083333333333334,75.43083333199999,0.7333333333333333,80.499999996,0.7333333333333333,80.499999996,0.6333333333333333,101.499999996,0.40555555555555556,56.612500001,0.725,0.014433756729749196,0.7274305555555555,True
284,102,20.833333333333332,72.51805555600001,11.859722223,1.1229999999999998,81.43777638938799,0.0,30.0,0.71,0.6944444444444444,29.342723004694836,1.1229999999999998,False,shoulder,2022-06-30 20:00:00,20,3,False,2022-06-30,-0.8660254037844386,0.5000000000000001,0.43388373911755823,-0.900968867902419,0,0,3,27,0.7,73.5,0.7083333333333334,75.43083333199999,0.7333333333333333,80.499999996,0.6027777777777777,95.446944443,0.43333333333333335,63.0,0.7138888888888889,0.017347216662224125,0.7302083333333332,True
285,102,21.0,73.305555556,11.972222222,1.035,75.87125000046,0.0,30.0,0.71,0.7,29.577464788732396,1.035,False,shoulder,2022-06-30 21:00:00,21,3,False,2022-06-30,-0.7071067811865477,0.7071067811865474,0.43388373911755823,-0.900968867902419,0,0,3,27,0.6944444444444444,72.51805555600001,0.7,73.5,0.7083333333333334,75.43083333199999,0.6527777777777778,83.5975,0.4472222222222222,65.729999999,0.700925925925926,0.006990587440078987,0.7340277777777778,True
286,102,21.0,73.5,12.0,1.035,76.07249999999999,0.0,30.0,0.71,0.7,29.577464788732396,1.035,False,shoulder,2022-06-30 22:00:00,22,3,False,2022-06-30,-0.5000000000000004,0.8660254037844384,0.43388373911755823,-0.900968867902419,0,0,3,27,0.7,73.305555556,0.6944444444444444,72.51805555600001,0.7,73.5,0.7194444444444444,80.499999996,0.4666666666666667,69.999999996,0.6981481481481482,0.0032075014955260947,0.7359953703703703,True
287,102,21.0,73.5,12.0,0.9239999999999999,67.914,0.0,30.0,0.71,0.7,29.577464788732396,0.924,False,shoulder,2022-06-30 23:00:00,23,3,False,2022-06-30,-0.25881904510252157,0.9659258262890681,0.43388373911755823,-0.900968867902419,0,0,3,27,0.7,73.5,0.7,73.305555556,0.6944444444444444,72.51805555600001,0.7333333333333333,80.499999996,0.4666666666666667,69.999999996,0.6981481481481482,0.0032075014955260947,0.735185185185185,True
288,102,21.0,73.5,12.0,0.9239999999999999,67.914,0.0,30.0,0.71,0.7,29.577464788732396,0.924,False,shoulder,2022-07-01 00:00:00,0,4,False,2022-07-01,0.0,1.0,-0.433883739117558,-0.9009688679024191,0,0,3,27,0.7,73.5,0.7,73.5,0.7,73.305555556,0.7222222222222222,80.499999996,0.4666666666666667,69.999999996,0.7,0.0,0.7337962962962963,True
289,102,21.0,73.5,12.0,0.9239999999999999,67.914,0.0,30.0,0.71,0.7,29.577464788732396,0.924,False,shoulder,2022-07-01 01:00:00,1,4,False,2022-07-01,0.25881904510252074,0.9659258262890683,-0.433883739117558,-0.9009688679024191,0,0,3,27,0.7,73.5,0.7,73.5,0.7,73.5,0.7222222222222222,80.499999996,0.46388888888888885,69.597499996,0.7,0.0,0.7328703703703702,True
290,102,21.0,73.5,12.0,0.9239999999999999,67.914,0.0,30.0,0.71,0.7,29.577464788732396,0.924,False,shoulder,2022-07-01 02:00:00,2,4,False,2022-07-01,0.49999999999999994,0.8660254037844387,-0.433883739117558,-0.9009688679024191,0,0,3,27,0.7,73.5,0.7,73.5,0.7,73.5,0.7333333333333333,80.499999996,0.43333333333333335,63.0,0.7,0.0,0.7319444444444444,True
291,102,21.0,73.5,12.0,0.9239999999999999,67.914,0.0,30.0,0.71,0.7,29.577464788732396,0.924,False,shoulder,2022-07-01 03:00:00,3,4,False,2022-07-01,0.7071067811865476,0.7071067811865476,-0.433883739117558,-0.9009688679024191,0,0,3,27,0.7,73.5,0.7,73.5,0.7,73.5,0.7333333333333333,80.499999996,0.4527777777777778,66.713888889,0.7,0.0,0.7305555555555556,True
292,102,21.0,73.5,12.0,0.9239999999999999,67.914,0.0,30.0,0.71,0.7,29.577464788732396,0.924,False,shoulder,2022-07-01 04:00:00,4,4,False,2022-07-01,0.8660254037844386,0.5000000000000001,-0.433883739117558,-0.9009688679024191,0,0,3,27,0.7,73.5,0.7,73.5,0.7,73.5,0.7333333333333333,80.499999996,0.5,77.000000004,0.7,0.0,0.7291666666666666,True
293,102,21.0,73.5,12.0,0.9239999999999999,67.914,0.0,30.0,0.71,0.7,29.577464788732396,0.924,False,shoulder,2022-07-01 05:00:00,5,4,False,2022-07-01,0.9659258262890683,0.25881904510252074,-0.433883739117558,-0.9009688679024191,0,0,3,27,0.7,73.5,0.7,73.5,0.7,73.5,0.7333333333333333,80.499999996,0.475,71.932777776,0.7,0.0,0.7277777777777777,True
294,102,21.0,73.5,12.0,0.9239999999999999,67.914,0.0,30.0,0.71,0.7,29.577464788732396,0.924,False,shoulder,2022-07-01 06:00:00,6,4,False,2022-07-01,1.0,6.123233995736766e-17,-0.433883739117558,-0.9009688679024191,0,0,3,27,0.7,73.5,0.7,73.5,0.7,73.5,0.7333333333333333,80.499999996,0.4666666666666667,69.999999996,0.7,0.0,0.7263888888888888,True
295,102,20.75,71.932777778,11.776111111999999,1.035,74.45042500022998,0.0,30.0,0.71,0.6916666666666667,29.225352112676056,1.0349999999999997,False,shoulder,2022-07-01 07:00:00,7,4,False,2022-07-01,0.9659258262890683,-0.25881904510252063,-0.433883739117558,-0.9009688679024191,0,0,3,27,0.7,73.5,0.7,73.5,0.7,73.5,0.7222222222222222,78.35333333099999,0.3888888888888889,57.633333332999996,0.7,0.0,0.7250000000000001,True
296,102,21.333333333333332,74.393472223,11.974444444,1.035,76.99724375080498,0.0,30.0,0.71,0.711111111111111,30.046948356807512,1.0349999999999997,False,shoulder,2022-07-01 08:00:00,8,4,False,2022-07-01,0.8660254037844387,-0.4999999999999998,-0.433883739117558,-0.9009688679024191,0,0,3,27,0.6916666666666667,71.932777778,0.7,73.5,0.7,73.5,0.7055555555555556,76.630555556,0.3611111111111111,47.464861111999994,0.6972222222222223,0.004811252243265409,0.7237268518518518,True
297,102,21.916666666666668,81.388611113,12.696944443000001,1.1229999999999998,91.399410279899,0.0,30.0,0.71,0.7305555555555556,30.86854460093897,1.123,False,shoulder,2022-07-01 09:00:00,9,4,False,2022-07-01,0.7071067811865476,-0.7071067811865475,-0.433883739117558,-0.9009688679024191,0,0,3,27,0.711111111111111,74.393472223,0.6916666666666667,71.932777778,0.7,73.5,0.7805555555555556,87.500000004,0.48333333333333334,73.900555556,0.700925925925926,0.00975523495635476,0.7239583333333334,True
298,102,23.0,87.500000004,14.000000003999999,1.1229999999999998,98.26250000449198,0.0,30.0,0.71,0.7666666666666667,32.3943661971831,1.1229999999999998,False,shoulder,2022-07-01 10:00:00,10,4,False,2022-07-01,0.49999999999999994,-0.8660254037844387,-0.433883739117558,-0.9009688679024191,0,0,3,27,0.7305555555555556,81.388611113,0.711111111111111,74.393472223,0.6916666666666667,71.932777778,0.7916666666666666,92.56333333399999,0.5277777777777778,82.63888889,0.7111111111111112,0.01944444444445002,0.7218749999999999,True
299,102,21.25,85.567222221,13.723888888000001,1.079,92.27415944319901,0.0,30.0,0.71,0.7083333333333334,29.929577464788736,1.0783820842620855,False,shoulder,2022-07-01 11:00:00,11,4,False,2022-07-01,0.258819045102521,-0.9659258262890682,-0.433883739117558,-0.9009688679024191,0,0,3,27,0.7666666666666667,87.500000004,0.7305555555555556,81.388611113,0.711111111111111,74.393472223,0.8,94.5,0.5333333333333333,84.0,0.7361111111111112,0.028191365458594485,0.7208333333333333,True
300,102,18.666666666666668,99.16861110900001,15.666944442,1.035,102.63951249781499,0.0,30.0,0.71,0.6222222222222222,26.291079812206576,1.0349999999999997,False,shoulder,2022-07-01 12:00:00,12,4,False,2022-07-01,1.2246467991473532e-16,-1.0,-0.433883739117558,-0.9009688679024191,0,0,3,27,0.7083333333333334,85.567222221,0.7666666666666667,87.500000004,0.7305555555555556,81.388611113,0.7805555555555556,90.603333335,0.5333333333333333,84.0,0.7351851851851853,0.029440950177013286,0.7170138888888888,True
301,102,18.0,94.5,15.0,1.035,97.80750000000002,0.0,30.0,0.71,0.6,25.35211267605634,1.0350000000000001,False,shoulder,2022-07-01 13:00:00,13,4,False,2022-07-01,-0.2588190451025208,-0.9659258262890683,-0.433883739117558,-0.9009688679024191,0,0,3,27,0.6222222222222222,99.16861110900001,0.7083333333333334,85.567222221,0.7666666666666667,87.500000004,0.7666666666666667,87.500000004,0.5333333333333333,84.0,0.6990740740740741,0.07266601540086579,0.7104166666666667,True
302,102,20.75,99.16472222000002,15.666388887,1.1229999999999998,111.36198305306,0.0,30.0,0.71,0.6916666666666667,29.225352112676056,1.1229999999999998,False,shoulder,2022-07-01 14:00:00,14,4,False,2022-07-01,-0.4999999999999997,-0.8660254037844388,-0.433883739117558,-0.9009688679024191,0,0,3,27,0.6,94.5,0.6222222222222222,99.16861110900001,0.7083333333333334,85.567222221,0.75,84.186666667,0.46111111111111114,68.7925,0.6435185185185186,0.057220424279557175,0.7034722222222222,True
303,102,23.0,94.5,15.0,1.1229999999999998,106.1235,0.0,30.0,0.71,0.7666666666666667,32.3943661971831,1.123,False,shoulder,2022-07-01 15:00:00,15,4,False,2022-07-01,-0.7071067811865471,-0.7071067811865479,-0.433883739117558,-0.9009688679024191,0,0,3,27,0.6916666666666667,99.16472222000002,0.6,94.5,0.6222222222222222,99.16861110900001,0.7333333333333333,80.499999996,0.43333333333333335,63.0,0.6379629629629631,0.04781759753213101,0.7010416666666667,True
304,102,22.166666666666668,88.857222225,14.193888891999997,1.079,95.936660558499,0.0,30.0,0.71,0.7388888888888889,31.220657276995308,1.0796720644223243,False,shoulder,2022-07-01 16:00:00,16,4,False,2022-07-01,-0.8660254037844385,-0.5000000000000004,-0.433883739117558,-0.9009688679024191,0,0,3,27,0.7666666666666667,94.5,0.6916666666666667,99.16472222000002,0.6,94.5,0.7333333333333333,80.499999996,0.4166666666666667,60.652083333,0.6861111111111112,0.08347210667398262,0.7024305555555556,True
305,102,21.916666666666668,87.099444448,13.942777780999998,1.035,90.14792500368,0.0,30.0,0.71,0.7305555555555556,30.86854460093897,1.035,False,shoulder,2022-07-01 17:00:00,17,4,False,2022-07-01,-0.9659258262890683,-0.25881904510252063,-0.433883739117558,-0.9009688679024191,0,0,3,27,0.7388888888888889,88.857222225,0.7666666666666667,94.5,0.6916666666666667,99.16472222000002,0.7333333333333333,80.499999996,0.3777777777777778,53.572361112,0.7324074074074075,0.037917768943416884,0.702662037037037,True
306,102,20.666666666666668,78.359166664,12.694166663999999,1.035,81.10173749724,0.0,30.0,0.71,0.6888888888888889,29.10798122065728,1.035,False,shoulder,2022-07-01 18:00:00,18,4,False,2022-07-01,-1.0,-1.8369701987210297e-16,-0.433883739117558,-0.9009688679024191,0,0,3,27,0.7305555555555556,87.099444448,0.7388888888888889,88.857222225,0.7666666666666667,94.5,0.7083333333333334,75.43083333199999,0.3944444444444445,55.02000000300001,0.7453703703703706,0.018907942459879975,0.7025462962962963,True
307,102,20.0,73.5,12.0,1.1229999999999998,82.54050000000001,0.0,30.0,0.71,0.6666666666666666,28.169014084507044,1.1230000000000002,False,shoulder,2022-07-01 19:00:00,19,4,False,2022-07-01,-0.9659258262890684,0.2588190451025203,-0.433883739117558,-0.9009688679024191,0,0,3,27,0.6888888888888889,78.359166664,0.7305555555555556,87.099444448,0.7388888888888889,88.857222225,0.7,73.5,0.325,40.619444445000006,0.7194444444444446,0.026787918780540345,0.701736111111111,True
308,102,20.0,73.5,12.0,1.1229999999999998,82.54050000000001,0.0,30.0,0.71,0.6666666666666666,28.169014084507044,1.1230000000000002,False,shoulder,2022-07-01 20:00:00,20,4,False,2022-07-01,-0.8660254037844386,0.5000000000000001,-0.433883739117558,-0.9009688679024191,0,0,3,27,0.6666666666666666,73.5,0.6888888888888889,78.359166664,0.7305555555555556,87.099444448,0.6944444444444444,72.51805555600001,0.3,35.000000004,0.6953703703703704,0.03243385164470103,0.7003472222222222,True
309,102,20.0,73.5,12.0,1.035,76.07249999999999,0.0,30.0,0.71,0.6666666666666666,28.169014084507044,1.035,False,shoulder,2022-07-01 21:00:00,21,4,False,2022-07-01,-0.7071067811865477,0.7071067811865474,-0.433883739117558,-0.9009688679024191,0,0,3,27,0.6666666666666666,73.5,0.6666666666666666,73.5,0.6888888888888889,78.359166664,0.7,73.305555556,0.30833333333333335,36.744166669,0.674074074074074,0.012830005981997296,0.6991898148148148,True
310,102,20.0,73.5,12.0,1.035,76.07249999999999,0.0,30.0,0.71,0.6666666666666666,28.169014084507044,1.035,False,shoulder,2022-07-01 22:00:00,22,4,False,2022-07-01,-0.5000000000000004,0.8660254037844384,-0.433883739117558,-0.9009688679024191,0,0,3,27,0.6666666666666666,73.5,0.6666666666666666,73.5,0.6666666666666666,73.5,0.7,73.5,0.3027777777777778,35.39666667,0.6666666666666666,0.0,0.6978009259259258,True
311,102,20.0,73.5,12.0,0.9239999999999999,67.914,0.0,30.0,0.71,0.6666666666666666,28.169014084507044,0.924,False,shoulder,2022-07-01 23:00:00,23,4,False,2022-07-01,-0.25881904510252157,0.9659258262890681,-0.433883739117558,-0.9009688679024191,0,0,3,27,0.6666666666666666,73.5,0.6666666666666666,73.5,0.6666666666666666,73.5,0.7,73.5,0.3611111111111111,47.64083332999999,0.6666666666666666,0.0,0.696412037037037,True
312,102,20.0,73.5,12.0,0.9239999999999999,67.914,0.0,30.0,0.71,0.6666666666666666,28.169014084507044,0.924,False,shoulder,2022-07-02 00:00:00,0,5,True,2022-07-02,0.0,1.0,-0.9749279121818236,-0.2225209339563146,0,0,3,27,0.6666666666666666,73.5,0.6666666666666666,73.5,0.6666666666666666,73.5,0.7,73.5,0.36666666666666664,48.99999999599999,0.6666666666666666,0.0,0.6950231481481483,True
313,102,20.0,73.5,12.0,0.9239999999999999,67.914,0.0,30.0,0.71,0.6666666666666666,28.169014084507044,0.924,False,shoulder,2022-07-02 01:00:00,1,5,True,2022-07-02,0.25881904510252074,0.9659258262890683,-0.9749279121818236,-0.2225209339563146,0,0,3,27,0.6666666666666666,73.5,0.6666666666666666,73.5,0.6666666666666666,73.5,0.7,73.5,0.36666666666666664,48.99999999599999,0.6666666666666666,0.0,0.6936342592592593,True
314,102,20.0,73.5,12.0,0.9239999999999999,67.914,0.0,30.0,0.71,0.6666666666666666,28.169014084507044,0.924,False,shoulder,2022-07-02 02:00:00,2,5,True,2022-07-02,0.49999999999999994,0.8660254037844387,-0.9749279121818236,-0.2225209339563146,0,0,3,27,0.6666666666666666,73.5,0.6666666666666666,73.5,0.6666666666666666,73.5,0.7,73.5,0.36666666666666664,48.99999999599999,0.6666666666666666,0.0,0.6922453703703705,True
315,102,20.0,73.5,12.0,0.9239999999999999,67.914,0.0,30.0,0.71,0.6666666666666666,28.169014084507044,0.924,False,shoulder,2022-07-02 03:00:00,3,5,True,2022-07-02,0.7071067811865476,0.7071067811865476,-0.9749279121818236,-0.2225209339563146,0,0,3,27,0.6666666666666666,73.5,0.6666666666666666,73.5,0.6666666666666666,73.5,0.7,73.5,0.36666666666666664,48.99999999599999,0.6666666666666666,0.0,0.6908564814814815,True
316,102,20.0,73.5,12.0,0.9239999999999999,67.914,0.0,30.0,0.71,0.6666666666666666,28.169014084507044,0.924,False,shoulder,2022-07-02 04:00:00,4,5,True,2022-07-02,0.8660254037844386,0.5000000000000001,-0.9749279121818236,-0.2225209339563146,0,0,3,27,0.6666666666666666,73.5,0.6666666666666666,73.5,0.6666666666666666,73.5,0.7,73.5,0.36666666666666664,48.99999999599999,0.6666666666666666,0.0,0.6894675925925925,True
317,102,20.0,73.5,12.0,0.9239999999999999,67.914,0.0,30.0,0.71,0.6666666666666666,28.169014084507044,0.924,False,shoulder,2022-07-02 05:00:00,5,5,True,2022-07-02,0.9659258262890683,0.25881904510252074,-0.9749279121818236,-0.2225209339563146,0,0,3,27,0.6666666666666666,73.5,0.6666666666666666,73.5,0.6666666666666666,73.5,0.7,73.5,0.36666666666666664,48.99999999599999,0.6666666666666666,0.0,0.6880787037037037,True
318,102,20.0,73.5,12.0,0.9239999999999999,67.914,0.0,30.0,0.71,0.6666666666666666,28.169014084507044,0.924,False,shoulder,2022-07-02 06:00:00,6,5,True,2022-07-02,1.0,6.123233995736766e-17,-0.9749279121818236,-0.2225209339563146,0,0,3,27,0.6666666666666666,73.5,0.6666666666666666,73.5,0.6666666666666666,73.5,0.7,73.5,0.36666666666666664,48.99999999599999,0.6666666666666666,0.0,0.6866898148148147,True
319,102,19.916666666666668,73.299722222,11.942777778,1.035,75.86521249976998,0.0,30.0,0.71,0.663888888888889,28.051643192488267,1.0349999999999997,False,shoulder,2022-07-02 07:00:00,7,5,True,2022-07-02,0.9659258262890683,-0.25881904510252063,-0.9749279121818236,-0.2225209339563146,0,0,3,27,0.6666666666666666,73.5,0.6666666666666666,73.5,0.6666666666666666,73.5,0.6916666666666667,71.932777778,0.36666666666666664,48.99999999599999,0.6666666666666666,0.0,0.685300925925926,True
320,102,19.0,69.999999996,11.000000003999999,1.035,72.44999999585998,0.0,30.0,0.71,0.6333333333333333,26.760563380281692,1.0349999999999997,False,shoulder,2022-07-02 08:00:00,8,5,True,2022-07-02,0.8660254037844387,-0.4999999999999998,-0.9749279121818236,-0.2225209339563146,0,0,3,27,0.663888888888889,73.299722222,0.6666666666666666,73.5,0.6666666666666666,73.5,0.711111111111111,74.393472223,0.3722222222222222,49.983888885999995,0.6657407407407409,0.0016037507477884537,0.6841435185185185,True
321,102,19.0,69.999999996,11.000000003999999,1.1229999999999998,78.609999995508,0.0,30.0,0.71,0.6333333333333333,26.760563380281692,1.123,False,shoulder,2022-07-02 09:00:00,9,5,True,2022-07-02,0.7071067811865476,-0.7071067811865475,-0.9749279121818236,-0.2225209339563146,0,0,3,27,0.6333333333333333,69.999999996,0.663888888888889,73.299722222,0.6666666666666666,73.5,0.7305555555555556,81.388611113,0.375,50.93666666499999,0.6546296296296297,0.01849535588466779,0.6809027777777777,True
322,102,19.666666666666668,74.472222223,11.63888889,1.1229999999999998,83.63230555642899,0.0,30.0,0.71,0.6555555555555556,27.699530516431928,1.1229999999999998,False,shoulder,2022-07-02 10:00:00,10,5,True,2022-07-02,0.49999999999999994,-0.8660254037844387,-0.9749279121818236,-0.2225209339563146,0,0,3,27,0.6333333333333333,69.999999996,0.6333333333333333,69.999999996,0.663888888888889,73.299722222,0.7666666666666667,87.500000004,0.36666666666666664,48.99999999599999,0.6435185185185186,0.017641258225240857,0.6768518518518518,True
323,102,20.0,77.000000004,12.0,1.079,83.08300000431599,0.0,30.0,0.71,0.6666666666666666,28.169014084507044,1.079,False,shoulder,2022-07-02 11:00:00,11,5,True,2022-07-02,0.258819045102521,-0.9659258262890682,-0.9749279121818236,-0.2225209339563146,0,0,3,27,0.6555555555555556,74.472222223,0.6333333333333333,69.999999996,0.6333333333333333,69.999999996,0.7083333333333334,85.567222221,0.375,50.751944441999996,0.6407407407407408,0.012830005981994559,0.6722222222222222,True
324,102,20.583333333333332,78.950277777,12.557222220000002,1.035,81.71353749919498,0.0,30.0,0.71,0.6861111111111111,28.990610328638496,1.035,False,shoulder,2022-07-02 12:00:00,12,5,True,2022-07-02,1.2246467991473532e-16,-1.0,-0.9749279121818236,-0.2225209339563146,0,0,3,27,0.6666666666666666,77.000000004,0.6555555555555556,74.472222223,0.6333333333333333,69.999999996,0.6222222222222222,99.16861110900001,0.3777777777777778,51.152499998,0.6518518518518519,0.016972502573913452,0.670486111111111,True
325,102,21.0,80.499999996,12.999999996000001,1.035,83.31749999585999,0.0,30.0,0.71,0.7,29.577464788732396,1.035,False,shoulder,2022-07-02 13:00:00,13,5,True,2022-07-02,-0.2588190451025208,-0.9659258262890683,-0.9749279121818236,-0.2225209339563146,0,0,3,27,0.6861111111111111,78.950277777,0.6666666666666666,77.000000004,0.6555555555555556,74.472222223,0.6,94.5,0.4277777777777778,61.635000001,0.6694444444444446,0.015466012118976896,0.6731481481481482,True
326,102,20.583333333333332,77.773888887,12.610555553,1.1229999999999998,87.34007722010102,0.0,30.0,0.71,0.6861111111111111,28.990610328638496,1.1230000000000002,False,shoulder,2022-07-02 14:00:00,14,5,True,2022-07-02,-0.4999999999999997,-0.8660254037844388,-0.9749279121818236,-0.2225209339563146,0,0,3,27,0.7,80.499999996,0.6861111111111111,78.950277777,0.6666666666666666,77.000000004,0.6916666666666667,99.16472222000002,0.4388888888888889,64.54097222099999,0.6842592592592593,0.01674364937039902,0.6773148148148148,True
327,102,20.0,73.5,12.0,1.1229999999999998,82.54050000000001,0.0,30.0,0.71,0.6666666666666666,28.169014084507044,1.1230000000000002,False,shoulder,2022-07-02 15:00:00,15,5,True,2022-07-02,-0.7071067811865471,-0.7071067811865479,-0.9749279121818236,-0.2225209339563146,0,0,3,27,0.6861111111111111,77.773888887,0.7,80.499999996,0.6861111111111111,78.950277777,0.7666666666666667,94.5,0.4,59.49999999599999,0.6907407407407408,0.00801875373875711,0.6770833333333334,True
328,102,20.0,73.5,12.0,1.079,79.3065,0.0,30.0,0.71,0.6666666666666666,28.169014084507044,1.079,False,shoulder,2022-07-02 16:00:00,16,5,True,2022-07-02,-0.8660254037844385,-0.5000000000000004,-0.9749279121818236,-0.2225209339563146,0,0,3,27,0.6666666666666666,73.5,0.6861111111111111,77.773888887,0.7,80.499999996,0.7388888888888889,88.857222225,0.40555555555555556,59.49999999599999,0.6842592592592593,0.01674364937039902,0.6729166666666666,True
329,102,20.0,73.5,12.0,1.035,76.07249999999999,0.0,30.0,0.71,0.6666666666666666,28.169014084507044,1.035,False,shoulder,2022-07-02 17:00:00,17,5,True,2022-07-02,-0.9659258262890683,-0.25881904510252063,-0.9749279121818236,-0.2225209339563146,0,0,3,27,0.6666666666666666,73.5,0.6666666666666666,73.5,0.6861111111111111,77.773888887,0.7305555555555556,87.099444448,0.4083333333333333,60.672499996999996,0.6731481481481483,0.011226255234249501,0.6699074074074073,True
330,102,20.0,73.5,12.0,1.035,76.07249999999999,0.0,30.0,0.71,0.6666666666666666,28.169014084507044,1.035,False,shoulder,2022-07-02 18:00:00,18,5,True,2022-07-02,-1.0,-1.8369701987210297e-16,-0.9749279121818236,-0.2225209339563146,0,0,3,27,0.6666666666666666,73.5,0.6666666666666666,73.5,0.6666666666666666,73.5,0.6888888888888889,78.359166664,0.3944444444444445,58.51805555199999,0.6666666666666666,0.0,0.6672453703703703,True
331,102,20.0,73.5,12.0,1.1229999999999998,82.54050000000001,0.0,30.0,0.71,0.6666666666666666,28.169014084507044,1.1230000000000002,False,shoulder,2022-07-02 19:00:00,19,5,True,2022-07-02,-0.9659258262890684,0.2588190451025203,-0.9749279121818236,-0.2225209339563146,0,0,3,27,0.6666666666666666,73.5,0.6666666666666666,73.5,0.6666666666666666,73.5,0.6666666666666666,73.5,0.38333333333333336,54.15666666800001,0.6666666666666666,0.0,0.6663194444444444,True
332,102,20.0,73.5,12.0,1.1229999999999998,82.54050000000001,0.0,30.0,0.71,0.6666666666666666,28.169014084507044,1.1230000000000002,False,shoulder,2022-07-02 20:00:00,20,5,True,2022-07-02,-0.8660254037844386,0.5000000000000001,-0.9749279121818236,-0.2225209339563146,0,0,3,27,0.6666666666666666,73.5,0.6666666666666666,73.5,0.6666666666666666,73.5,0.6666666666666666,73.5,0.43333333333333335,62.809444444,0.6666666666666666,0.0,0.6663194444444445,True
333,102,20.0,73.5,12.0,1.035,76.07249999999999,0.0,30.0,0.71,0.6666666666666666,28.169014084507044,1.035,False,shoulder,2022-07-02 21:00:00,21,5,True,2022-07-02,-0.7071067811865477,0.7071067811865474,-0.9749279121818236,-0.2225209339563146,0,0,3,27,0.6666666666666666,73.5,0.6666666666666666,73.5,0.6666666666666666,73.5,0.6666666666666666,73.5,0.43333333333333335,63.0,0.6666666666666666,0.0,0.6663194444444444,True
334,102,20.0,73.5,12.0,1.035,76.07249999999999,0.0,30.0,0.71,0.6666666666666666,28.169014084507044,1.035,False,shoulder,2022-07-02 22:00:00,22,5,True,2022-07-02,-0.5000000000000004,0.8660254037844384,-0.9749279121818236,-0.2225209339563146,0,0,3,27,0.6666666666666666,73.5,0.6666666666666666,73.5,0.6666666666666666,73.5,0.6666666666666666,73.5,0.46111111111111114,68.646666664,0.6666666666666666,0.0,0.6663194444444444,True
335,102,20.0,73.5,12.0,0.9239999999999999,67.914,0.0,30.0,0.71,0.6666666666666666,28.169014084507044,0.924,False,shoulder,2022-07-02 23:00:00,23,5,True,2022-07-02,-0.25881904510252157,0.9659258262890681,-0.9749279121818236,-0.2225209339563146,0,0,3,27,0.6666666666666666,73.5,0.6666666666666666,73.5,0.6666666666666666,73.5,0.6666666666666666,73.5,0.4666666666666667,69.999999996,0.6666666666666666,0.0,0.6663194444444445,True
336,102,20.0,73.5,12.0,0.9239999999999999,67.914,0.0,30.0,0.71,0.6666666666666666,28.169014084507044,0.924,False,shoulder,2022-07-03 00:00:00,0,6,True,2022-07-03,0.0,1.0,-0.7818314824680299,0.6234898018587334,0,0,3,27,0.6666666666666666,73.5,0.6666666666666666,73.5,0.6666666666666666,73.5,0.6666666666666666,73.5,0.4666666666666667,69.999999996,0.6666666666666666,0.0,0.6663194444444445,True
337,102,20.0,73.5,12.0,0.9239999999999999,67.914,0.0,30.0,0.71,0.6666666666666666,28.169014084507044,0.924,False,shoulder,2022-07-03 01:00:00,1,6,True,2022-07-03,0.25881904510252074,0.9659258262890683,-0.7818314824680299,0.6234898018587334,0,0,3,27,0.6666666666666666,73.5,0.6666666666666666,73.5,0.6666666666666666,73.5,0.6666666666666666,73.5,0.4666666666666667,69.999999996,0.6666666666666666,0.0,0.6663194444444444,True
338,102,20.0,73.5,12.0,0.9239999999999999,67.914,0.0,30.0,0.71,0.6666666666666666,28.169014084507044,0.924,False,shoulder,2022-07-03 02:00:00,2,6,True,2022-07-03,0.49999999999999994,0.8660254037844387,-0.7818314824680299,0.6234898018587334,0,0,3,27,0.6666666666666666,73.5,0.6666666666666666,73.5,0.6666666666666666,73.5,0.6666666666666666,73.5,0.4666666666666667,69.999999996,0.6666666666666666,0.0,0.6663194444444444,True
339,102,20.0,73.5,12.0,0.9239999999999999,67.914,0.0,30.0,0.71,0.6666666666666666,28.169014084507044,0.924,False,shoulder,2022-07-03 03:00:00,3,6,True,2022-07-03,0.7071067811865476,0.7071067811865476,-0.7818314824680299,0.6234898018587334,0,0,3,27,0.6666666666666666,73.5,0.6666666666666666,73.5,0.6666666666666666,73.5,0.6666666666666666,73.5,0.4666666666666667,69.999999996,0.6666666666666666,0.0,0.6663194444444445,True
340,102,20.0,73.5,12.0,0.9239999999999999,67.914,0.0,30.0,0.71,0.6666666666666666,28.169014084507044,0.924,False,shoulder,2022-07-03 04:00:00,4,6,True,2022-07-03,0.8660254037844386,0.5000000000000001,-0.7818314824680299,0.6234898018587334,0,0,3,27,0.6666666666666666,73.5,0.6666666666666666,73.5,0.6666666666666666,73.5,0.6666666666666666,73.5,0.4666666666666667,69.999999996,0.6666666666666666,0.0,0.6663194444444444,True
341,102,20.0,73.5,12.0,0.9239999999999999,67.914,0.0,30.0,0.71,0.6666666666666666,28.169014084507044,0.924,False,shoulder,2022-07-03 05:00:00,5,6,True,2022-07-03,0.9659258262890683,0.25881904510252074,-0.7818314824680299,0.6234898018587334,0,0,3,27,0.6666666666666666,73.5,0.6666666666666666,73.5,0.6666666666666666,73.5,0.6666666666666666,73.5,0.5777777777777777,69.999999996,0.6666666666666666,0.0,0.6663194444444444,True
342,102,20.333333333333332,73.5,12.0,0.9239999999999999,67.914,0.0,30.0,0.71,0.6777777777777777,28.63849765258216,0.924,False,shoulder,2022-07-03 06:00:00,6,6,True,2022-07-03,1.0,6.123233995736766e-17,-0.7818314824680299,0.6234898018587334,0,0,3,27,0.6666666666666666,73.5,0.6666666666666666,73.5,0.6666666666666666,73.5,0.6666666666666666,73.5,0.6333333333333333,69.999999996,0.6666666666666666,0.0,0.6663194444444445,True
343,102,20.333333333333332,73.5,12.0,1.0257500000000002,75.392625,0.0,30.0,0.71,0.6777777777777777,28.63849765258216,1.02575,False,shoulder,2022-07-03 07:00:00,7,6,True,2022-07-03,0.9659258262890683,-0.25881904510252063,-0.7818314824680299,0.6234898018587334,0,0,3,27,0.6777777777777777,73.5,0.6666666666666666,73.5,0.6666666666666666,73.5,0.663888888888889,73.299722222,0.6333333333333333,69.999999996,0.6703703703703704,0.006415002991007081,0.6667824074074074,True
344,102,20.0,73.5,12.0,1.035,76.07249999999999,0.0,30.0,0.71,0.6666666666666666,28.169014084507044,1.035,False,shoulder,2022-07-03 08:00:00,8,6,True,2022-07-03,0.8660254037844387,-0.4999999999999998,-0.7818314824680299,0.6234898018587334,0,0,3,27,0.6777777777777777,73.5,0.6777777777777777,73.5,0.6666666666666666,73.5,0.6333333333333333,69.999999996,0.6333333333333333,69.999999996,0.674074074074074,0.0064150029910077936,0.6673611111111111,True
345,102,20.0,73.5,12.0,1.1229999999999998,82.54050000000001,0.0,30.0,0.71,0.6666666666666666,28.169014084507044,1.1230000000000002,False,shoulder,2022-07-03 09:00:00,9,6,True,2022-07-03,0.7071067811865476,-0.7071067811865475,-0.7818314824680299,0.6234898018587334,0,0,3,27,0.6666666666666666,73.5,0.6777777777777777,73.5,0.6777777777777777,73.5,0.6333333333333333,69.999999996,0.6222222222222222,68.432777775,0.674074074074074,0.0064150029910077936,0.6687500000000001,True
346,102,20.0,73.5,12.0,1.1229999999999998,82.54050000000001,0.0,30.0,0.71,0.6666666666666666,28.169014084507044,1.1230000000000002,False,shoulder,2022-07-03 10:00:00,10,6,True,2022-07-03,0.49999999999999994,-0.8660254037844387,-0.7818314824680299,0.6234898018587334,0,0,3,27,0.6666666666666666,73.5,0.6666666666666666,73.5,0.6777777777777777,73.5,0.6555555555555556,74.472222223,0.5805555555555556,63.0,0.6703703703703704,0.006415002991007081,0.6701388888888888,True
347,102,19.916666666666668,73.5,12.0,1.079,79.3065,0.0,30.0,0.71,0.663888888888889,28.051643192488267,1.079,False,shoulder,2022-07-03 11:00:00,11,6,True,2022-07-03,0.258819045102521,-0.9659258262890682,-0.7818314824680299,0.6234898018587334,0,0,3,27,0.6666666666666666,73.5,0.6666666666666666,73.5,0.6666666666666666,73.5,0.6666666666666666,77.000000004,0.4361111111111111,63.0,0.6666666666666666,0.0,0.6706018518518518,True
348,102,16.5,79.134999997,12.804999997000003,1.035,81.90472499689498,0.0,30.0,0.71,0.55,23.23943661971831,1.035,False,shoulder,2022-07-03 12:00:00,12,6,True,2022-07-03,1.2246467991473532e-16,-1.0,-0.7818314824680299,0.6234898018587334,0,0,3,27,0.663888888888889,73.5,0.6666666666666666,73.5,0.6666666666666666,73.5,0.6861111111111111,78.950277777,0.46111111111111114,68.65055555299999,0.6657407407407409,0.0016037507477904267,0.670486111111111,True
349,102,16.0,80.499999996,12.999999996000001,1.035,83.31749999585999,0.0,30.0,0.71,0.5333333333333333,22.535211267605636,1.035,False,shoulder,2022-07-03 13:00:00,13,6,True,2022-07-03,-0.2588190451025208,-0.9659258262890683,-0.7818314824680299,0.6234898018587334,0,0,3,27,0.55,79.134999997,0.663888888888889,73.5,0.6666666666666666,73.5,0.7,80.499999996,0.4666666666666667,69.999999996,0.6268518518518519,0.06657014617784732,0.6648148148148149,True
350,102,16.0,80.499999996,12.999999996000001,1.1229999999999998,90.40149999550799,0.0,30.0,0.71,0.5333333333333333,22.535211267605636,1.1229999999999998,False,shoulder,2022-07-03 14:00:00,14,6,True,2022-07-03,-0.4999999999999997,-0.8660254037844388,-0.7818314824680299,0.6234898018587334,0,0,3,27,0.5333333333333333,80.499999996,0.55,79.134999997,0.663888888888889,73.5,0.6861111111111111,77.773888887,0.4722222222222222,70.98583332999999,0.5824074074074076,0.07105538904796138,0.6578703703703704,True
351,102,16.0,80.499999996,12.999999996000001,1.1229999999999998,90.40149999550799,0.0,30.0,0.71,0.5333333333333333,22.535211267605636,1.1229999999999998,False,shoulder,2022-07-03 15:00:00,15,6,True,2022-07-03,-0.7071067811865471,-0.7071067811865479,-0.7818314824680299,0.6234898018587334,0,0,3,27,0.5333333333333333,80.499999996,0.5333333333333333,80.499999996,0.55,79.134999997,0.6666666666666666,73.5,0.5,77.000000004,0.538888888888889,0.009622504486485961,0.6515046296296296,True
352,102,15.583333333333334,78.75777777500001,12.751111109,1.079,85.05629999694901,0.0,30.0,0.71,0.5194444444444445,21.94835680751174,1.0799733359661696,False,shoulder,2022-07-03 16:00:00,16,6,True,2022-07-03,-0.8660254037844385,-0.5000000000000004,-0.7818314824680299,0.6234898018587334,0,0,3,27,0.5333333333333333,80.499999996,0.5333333333333333,80.499999996,0.5333333333333333,80.499999996,0.6666666666666666,73.5,0.475,71.934722221,0.5333333333333333,0.0,0.6459490740740741,True
353,102,14.083333333333334,70.32374999599999,11.061666669999997,1.035,72.78508124585998,0.0,30.0,0.71,0.46944444444444444,19.83568075117371,1.035,False,shoulder,2022-07-03 17:00:00,17,6,True,2022-07-03,-0.9659258262890683,-0.25881904510252063,-0.7818314824680299,0.6234898018587334,0,0,3,27,0.5194444444444445,78.75777777500001,0.5333333333333333,80.499999996,0.5333333333333333,80.499999996,0.6666666666666666,73.5,0.48333333333333334,73.49611111200001,0.5287037037037038,0.008018753738734072,0.6398148148148147,True
354,102,15.5,69.999999996,11.000000003999999,1.035,72.44999999585998,0.0,30.0,0.71,0.5166666666666667,21.83098591549296,1.0349999999999997,False,shoulder,2022-07-03 18:00:00,18,6,True,2022-07-03,-1.0,-1.8369701987210297e-16,-0.7818314824680299,0.6234898018587334,0,0,3,27,0.46944444444444444,70.32374999599999,0.5194444444444445,78.75777777500001,0.5333333333333333,80.499999996,0.6666666666666666,73.5,0.45555555555555555,67.85527777499999,0.5074074074074075,0.03360230983633766,0.6315972222222223,True
355,102,20.0,66.882083335,10.833055557999998,1.1229999999999998,75.108579585205,0.0,30.0,0.71,0.6666666666666666,28.169014084507044,1.123,False,shoulder,2022-07-03 19:00:00,19,6,True,2022-07-03,-0.9659258262890684,0.2588190451025203,-0.7818314824680299,0.6234898018587334,0,0,3,27,0.5166666666666667,69.999999996,0.46944444444444444,70.32374999599999,0.5194444444444445,78.75777777500001,0.6666666666666666,73.5,0.43333333333333335,63.0,0.501851851851852,0.028099983158317347,0.6253472222222222,True
356,102,19.5,64.842361113,10.526388889000001,1.1229999999999998,72.81797152989898,0.0,30.0,0.71,0.65,27.464788732394368,1.1229999999999998,False,shoulder,2022-07-03 20:00:00,20,6,True,2022-07-03,-0.8660254037844386,0.5000000000000001,-0.7818314824680299,0.6234898018587334,0,0,3,27,0.6666666666666666,66.882083335,0.5166666666666667,69.999999996,0.46944444444444444,70.32374999599999,0.6666666666666666,73.5,0.43333333333333335,63.0,0.550925925925926,0.10297778337249557,0.6253472222222222,True
357,102,19.0,63.0,9.999999996000001,1.035,65.20500000000001,0.0,30.0,0.71,0.6333333333333333,26.760563380281692,1.0350000000000001,False,shoulder,2022-07-03 21:00:00,21,6,True,2022-07-03,-0.7071067811865477,0.7071067811865474,-0.7818314824680299,0.6234898018587334,0,0,3,27,0.65,64.842361113,0.6666666666666666,66.882083335,0.5166666666666667,69.999999996,0.6666666666666666,73.5,0.475,63.0,0.6111111111111112,0.08221471437193736,0.6246527777777777,True
358,102,19.0,63.0,9.999999996000001,1.035,65.20500000000001,0.0,30.0,0.71,0.6333333333333333,26.760563380281692,1.0350000000000001,False,shoulder,2022-07-03 22:00:00,22,6,True,2022-07-03,-0.5000000000000004,0.8660254037844384,-0.7818314824680299,0.6234898018587334,0,0,3,27,0.6333333333333333,63.0,0.65,64.842361113,0.6666666666666666,66.882083335,0.6666666666666666,73.5,0.6,63.0,0.65,0.01666666666666868,0.623263888888889,True
359,102,19.0,63.0,9.999999996000001,0.9239999999999999,58.211999999999996,0.0,30.0,0.71,0.6333333333333333,26.760563380281692,0.9239999999999999,False,shoulder,2022-07-03 23:00:00,23,6,True,2022-07-03,-0.25881904510252157,0.9659258262890681,-0.7818314824680299,0.6234898018587334,0,0,3,27,0.6333333333333333,63.0,0.6333333333333333,63.0,0.65,64.842361113,0.6666666666666666,73.5,0.586111111111111,63.0,0.638888888888889,0.009622504486496203,0.6218750000000001,True
360,102,19.0,63.0,9.999999996000001,0.9239999999999999,58.211999999999996,0.0,30.0,0.71,0.6333333333333333,26.760563380281692,0.9239999999999999,False,shoulder,2022-07-04 00:00:00,0,0,False,2022-07-04,0.0,1.0,0.0,1.0,0,0,3,27,0.6333333333333333,63.0,0.6333333333333333,63.0,0.6333333333333333,63.0,0.6666666666666666,73.5,0.6,63.0,0.6333333333333333,0.0,0.6204861111111111,True
361,102,19.0,63.0,9.999999996000001,0.9239999999999999,58.211999999999996,0.0,30.0,0.71,0.6333333333333333,26.760563380281692,0.9239999999999999,False,shoulder,2022-07-04 01:00:00,1,0,False,2022-07-04,0.25881904510252074,0.9659258262890683,0.0,1.0,0,0,3,27,0.6333333333333333,63.0,0.6333333333333333,63.0,0.6333333333333333,63.0,0.6666666666666666,73.5,0.6,63.0,0.6333333333333333,0.0,0.6190972222222222,True
362,102,18.666666666666668,63.0,9.999999996000001,0.9239999999999999,58.211999999999996,0.0,30.0,0.71,0.6222222222222222,26.291079812206576,0.9239999999999999,False,shoulder,2022-07-04 02:00:00,2,0,False,2022-07-04,0.49999999999999994,0.8660254037844387,0.0,1.0,0,0,3,27,0.6333333333333333,63.0,0.6333333333333333,63.0,0.6333333333333333,63.0,0.6666666666666666,73.5,0.6,63.0,0.6333333333333333,0.0,0.6177083333333334,True
363,102,19.0,63.0,9.999999996000001,0.9239999999999999,58.211999999999996,0.0,30.0,0.71,0.6333333333333333,26.760563380281692,0.9239999999999999,False,shoulder,2022-07-04 03:00:00,3,0,False,2022-07-04,0.7071067811865476,0.7071067811865476,0.0,1.0,0,0,3,27,0.6222222222222222,63.0,0.6333333333333333,63.0,0.6333333333333333,63.0,0.6666666666666666,73.5,0.6,63.0,0.6296296296296297,0.0064150029909981355,0.6158564814814814,True
364,102,19.0,63.0,9.999999996000001,0.9239999999999999,58.211999999999996,0.0,30.0,0.71,0.6333333333333333,26.760563380281692,0.9239999999999999,False,shoulder,2022-07-04 04:00:00,4,0,False,2022-07-04,0.8660254037844386,0.5000000000000001,0.0,1.0,0,0,3,27,0.6333333333333333,63.0,0.6222222222222222,63.0,0.6333333333333333,63.0,0.6666666666666666,73.5,0.6,63.0,0.6296296296296297,0.0064150029909981355,0.6144675925925925,True
365,102,19.0,63.0,9.999999996000001,0.9239999999999999,58.211999999999996,0.0,30.0,0.71,0.6333333333333333,26.760563380281692,0.9239999999999999,False,shoulder,2022-07-04 05:00:00,5,0,False,2022-07-04,0.9659258262890683,0.25881904510252074,0.0,1.0,0,0,3,27,0.6333333333333333,63.0,0.6333333333333333,63.0,0.6222222222222222,63.0,0.6666666666666666,73.5,0.6,63.0,0.6296296296296297,0.0064150029909981355,0.6130787037037037,True
366,102,19.0,63.0,9.999999996000001,0.9239999999999999,58.211999999999996,0.0,30.0,0.71,0.6333333333333333,26.760563380281692,0.9239999999999999,False,shoulder,2022-07-04 06:00:00,6,0,False,2022-07-04,1.0,6.123233995736766e-17,0.0,1.0,0,0,3,27,0.6333333333333333,63.0,0.6333333333333333,63.0,0.6333333333333333,63.0,0.6777777777777777,73.5,0.6,63.0,0.6333333333333333,0.0,0.6116898148148148,True
367,102,19.0,63.0,9.999999996000001,1.035,65.20500000000001,0.0,30.0,0.71,0.6333333333333333,26.760563380281692,1.0350000000000001,False,shoulder,2022-07-04 07:00:00,7,0,False,2022-07-04,0.9659258262890683,-0.25881904510252063,0.0,1.0,0,0,3,27,0.6333333333333333,63.0,0.6333333333333333,63.0,0.6333333333333333,63.0,0.6777777777777777,73.5,0.6,63.0,0.6333333333333333,0.0,0.609837962962963,True
368,102,20.166666666666668,70.79722222400001,11.113888887,1.035,73.27512500183998,0.0,30.0,0.71,0.6722222222222223,28.403755868544604,1.0349999999999997,False,shoulder,2022-07-04 08:00:00,8,0,False,2022-07-04,0.8660254037844387,-0.4999999999999998,0.0,1.0,0,0,3,27,0.6333333333333333,63.0,0.6333333333333333,63.0,0.6333333333333333,63.0,0.6666666666666666,73.5,0.5555555555555556,59.29,0.6333333333333333,0.0,0.6079861111111111,True
369,102,20.75,78.079166665,11.750833334,1.1229999999999998,87.682904164795,0.0,30.0,0.71,0.6916666666666667,29.225352112676056,1.123,False,shoulder,2022-07-04 09:00:00,9,0,False,2022-07-04,0.7071067811865476,-0.7071067811865475,0.0,1.0,0,0,3,27,0.6722222222222223,70.79722222400001,0.6333333333333333,63.0,0.6333333333333333,63.0,0.6666666666666666,73.5,0.55,48.99999999599999,0.6462962962962964,0.02245251046848682,0.6082175925925926,True
370,102,21.0,80.499999996,12.0,1.1229999999999998,90.40149999550799,0.0,30.0,0.71,0.7,29.577464788732396,1.1229999999999998,False,shoulder,2022-07-04 10:00:00,10,0,False,2022-07-04,0.49999999999999994,-0.8660254037844387,0.0,1.0,0,0,3,27,0.6916666666666667,78.079166665,0.6722222222222223,70.79722222400001,0.6333333333333333,63.0,0.6666666666666666,73.5,0.5333333333333333,54.067222224000005,0.6657407407407409,0.029701879504344997,0.6092592592592593,True
371,102,20.5,77.190555554,11.527222223999997,1.079,83.434224998214,0.0,30.0,0.71,0.6833333333333333,28.87323943661972,1.0808864426405915,False,shoulder,2022-07-04 11:00:00,11,0,False,2022-07-04,0.258819045102521,-0.9659258262890682,0.0,1.0,0,0,3,27,0.7,80.499999996,0.6916666666666667,78.079166665,0.6722222222222223,70.79722222400001,0.663888888888889,73.5,0.5638888888888889,49.184722218999994,0.687962962962963,0.014254448442912602,0.6106481481481482,True
372,102,20.0,73.5875,11.498055556999997,1.035,76.16306249999998,0.0,30.0,0.71,0.6666666666666666,28.169014084507044,1.0349999999999997,False,shoulder,2022-07-04 12:00:00,12,0,False,2022-07-04,1.2246467991473532e-16,-1.0,0.0,1.0,0,0,3,27,0.6833333333333333,77.190555554,0.7,80.499999996,0.6916666666666667,78.079166665,0.55,79.134999997,0.5333333333333333,46.174722225000004,0.6916666666666668,0.008333333333341677,0.6114583333333333,True
373,102,20.0,69.999999996,11.000000003999999,1.035,72.44999999585998,0.0,30.0,0.71,0.6666666666666666,28.169014084507044,1.0349999999999997,False,shoulder,2022-07-04 13:00:00,13,0,False,2022-07-04,-0.2588190451025208,-0.9659258262890683,0.0,1.0,0,0,3,27,0.6666666666666666,73.5875,0.6833333333333333,77.190555554,0.7,80.499999996,0.5333333333333333,80.499999996,0.46388888888888885,40.04972221999999,0.6833333333333335,0.016666666666670393,0.6163194444444445,True
374,102,21.0,73.401805556,11.971944444,1.1229999999999998,82.43022763938801,0.0,30.0,0.71,0.7,29.577464788732396,1.1230000000000002,False,shoulder,2022-07-04 14:00:00,14,0,False,2022-07-04,-0.4999999999999997,-0.8660254037844388,0.0,1.0,0,0,3,27,0.6666666666666666,69.999999996,0.6666666666666666,73.5875,0.6833333333333333,77.190555554,0.5333333333333333,80.499999996,0.5194444444444445,46.476111108999994,0.6722222222222222,0.009622504486499171,0.621875,True
375,102,20.166666666666668,73.5,12.0,1.1229999999999998,82.54050000000001,0.0,30.0,0.71,0.6722222222222223,28.403755868544604,1.1230000000000002,False,shoulder,2022-07-04 15:00:00,15,0,False,2022-07-04,-0.7071067811865471,-0.7071067811865479,0.0,1.0,0,0,3,27,0.7,73.401805556,0.6666666666666666,69.999999996,0.6666666666666666,73.5875,0.5333333333333333,80.499999996,0.5555555555555556,48.60333332999999,0.6777777777777777,0.019245008972990467,0.6288194444444444,True
376,102,20.916666666666668,73.5,12.0,1.079,79.3065,0.0,30.0,0.71,0.6972222222222223,29.46009389671362,1.079,False,shoulder,2022-07-04 16:00:00,16,0,False,2022-07-04,-0.8660254037844385,-0.5000000000000004,0.0,1.0,0,0,3,27,0.6722222222222223,73.5,0.7,73.401805556,0.6666666666666666,69.999999996,0.5194444444444445,78.75777777500001,0.5194444444444445,42.0,0.6796296296296297,0.017858612520360563,0.6346064814814815,True
377,102,20.25,73.5,12.0,1.035,76.07249999999999,0.0,30.0,0.71,0.675,28.52112676056338,1.035,False,shoulder,2022-07-04 17:00:00,17,0,False,2022-07-04,-0.9659258262890683,-0.25881904510252063,0.0,1.0,0,0,3,27,0.6972222222222223,73.5,0.6722222222222223,73.5,0.7,73.401805556,0.46944444444444444,70.32374999599999,0.5333333333333333,42.0,0.6898148148148149,0.015298807075799108,0.6420138888888889,True
378,102,21.083333333333332,76.994166665,12.499166665,1.035,79.688962498275,0.0,30.0,0.71,0.7027777777777777,29.694835680751172,1.0350000000000001,False,shoulder,2022-07-04 18:00:00,18,0,False,2022-07-04,-1.0,-1.8369701987210297e-16,0.0,1.0,0,0,3,27,0.675,73.5,0.6972222222222223,73.5,0.6722222222222223,73.5,0.5166666666666667,69.999999996,0.538888888888889,45.806250002,0.6814814814814816,0.013702452395327271,0.6505787037037037,True
379,102,21.0,73.5,12.0,1.1156666666666666,82.00150000000001,0.0,30.0,0.71,0.7,29.577464788732396,1.1156666666666668,False,shoulder,2022-07-04 19:00:00,19,0,False,2022-07-04,-0.9659258262890684,0.2588190451025203,0.0,1.0,0,0,3,27,0.7027777777777777,76.994166665,0.675,73.5,0.6972222222222223,73.5,0.6666666666666666,66.882083335,0.6416666666666667,63.96638889,0.6916666666666668,0.014698618394807947,0.6583333333333333,True
380,102,20.75,71.75194444499999,11.750277779,1.1229999999999998,80.57743361173502,0.0,30.0,0.71,0.6916666666666667,29.225352112676056,1.1230000000000004,False,shoulder,2022-07-04 20:00:00,20,0,False,2022-07-04,-0.8660254037844386,0.5000000000000001,0.0,1.0,0,0,3,27,0.7,73.5,0.7027777777777777,76.994166665,0.675,73.5,0.65,64.842361113,0.6166666666666667,57.528333329999995,0.6925925925925926,0.015298807075799238,0.6597222222222222,True
381,102,21.0,73.5,12.0,1.035,76.07249999999999,0.0,30.0,0.71,0.7,29.577464788732396,1.035,False,shoulder,2022-07-04 21:00:00,21,0,False,2022-07-04,-0.7071067811865477,0.7071067811865474,0.0,1.0,0,0,3,27,0.6916666666666667,71.75194444499999,0.7,73.5,0.7027777777777777,76.994166665,0.6333333333333333,63.0,0.5777777777777777,49.402500002,0.6981481481481482,0.005782405554085502,0.6614583333333334,True
382,102,21.0,73.5,12.0,1.035,76.07249999999999,0.0,30.0,0.71,0.7,29.577464788732396,1.035,False,shoulder,2022-07-04 22:00:00,22,0,False,2022-07-04,-0.5000000000000004,0.8660254037844384,0.0,1.0,0,0,3,27,0.7,73.5,0.6916666666666667,71.75194444499999,0.7,73.5,0.6333333333333333,63.0,0.6,52.5,0.6972222222222223,0.0048112522432622274,0.6642361111111111,True
383,102,21.0,73.5,12.0,0.9239999999999999,67.914,0.0,30.0,0.71,0.7,29.577464788732396,0.924,False,shoulder,2022-07-04 23:00:00,23,0,False,2022-07-04,-0.25881904510252157,0.9659258262890681,0.0,1.0,0,0,3,27,0.7,73.5,0.7,73.5,0.6916666666666667,71.75194444499999,0.6333333333333333,63.0,0.6,52.5,0.6972222222222223,0.0048112522432622274,0.6670138888888889,True
384,102,21.0,73.5,12.0,0.9239999999999999,67.914,0.0,30.0,0.71,0.7,29.577464788732396,0.924,False,shoulder,2022-07-05 00:00:00,0,1,False,2022-07-05,0.0,1.0,0.7818314824680298,0.6234898018587336,0,0,3,27,0.7,73.5,0.7,73.5,0.7,73.5,0.6333333333333333,63.0,0.625,57.571111108,0.7,0.0,0.6697916666666667,True
385,102,21.0,73.5,12.0,0.9239999999999999,67.914,0.0,30.0,0.71,0.7,29.577464788732396,0.924,False,shoulder,2022-07-05 01:00:00,1,1,False,2022-07-05,0.25881904510252074,0.9659258262890683,0.7818314824680298,0.6234898018587336,0,0,3,27,0.7,73.5,0.7,73.5,0.7,73.5,0.6333333333333333,63.0,0.6333333333333333,59.49999999599999,0.7,0.0,0.6725694444444444,True
386,102,20.583333333333332,73.5,12.0,0.9239999999999999,67.914,0.0,30.0,0.71,0.6861111111111111,28.990610328638496,0.924,False,shoulder,2022-07-05 02:00:00,2,1,False,2022-07-05,0.49999999999999994,0.8660254037844387,0.7818314824680298,0.6234898018587336,0,0,3,27,0.7,73.5,0.7,73.5,0.7,73.5,0.6222222222222222,63.0,0.6194444444444444,59.49999999599999,0.7,0.0,0.6753472222222222,True
387,102,21.0,73.5,12.0,0.9239999999999999,67.914,0.0,30.0,0.71,0.7,29.577464788732396,0.924,False,shoulder,2022-07-05 03:00:00,3,1,False,2022-07-05,0.7071067811865476,0.7071067811865476,0.7818314824680298,0.6234898018587336,0,0,3,27,0.6861111111111111,73.5,0.7,73.5,0.7,73.5,0.6333333333333333,63.0,0.6333333333333333,59.49999999599999,0.6953703703703704,0.008018753738753777,0.6780092592592593,True
388,102,21.0,73.5,12.0,0.9239999999999999,67.914,0.0,30.0,0.71,0.7,29.577464788732396,0.924,False,shoulder,2022-07-05 04:00:00,4,1,False,2022-07-05,0.8660254037844386,0.5000000000000001,0.7818314824680298,0.6234898018587336,0,0,3,27,0.7,73.5,0.6861111111111111,73.5,0.7,73.5,0.6333333333333333,63.0,0.6333333333333333,59.49999999599999,0.6953703703703704,0.008018753738753777,0.680787037037037,True
389,102,21.0,73.5,12.0,0.9239999999999999,67.914,0.0,30.0,0.71,0.7,29.577464788732396,0.924,False,shoulder,2022-07-05 05:00:00,5,1,False,2022-07-05,0.9659258262890683,0.25881904510252074,0.7818314824680298,0.6234898018587336,0,0,3,27,0.7,73.5,0.7,73.5,0.6861111111111111,73.5,0.6333333333333333,63.0,0.6333333333333333,59.49999999599999,0.6953703703703704,0.008018753738753777,0.6835648148148148,True
390,102,21.0,73.5,12.0,0.9239999999999999,67.914,0.0,30.0,0.71,0.7,29.577464788732396,0.924,False,shoulder,2022-07-05 06:00:00,6,1,False,2022-07-05,1.0,6.123233995736766e-17,0.7818314824680298,0.6234898018587336,0,0,3,27,0.7,73.5,0.7,73.5,0.7,73.5,0.6333333333333333,63.0,0.6333333333333333,59.49999999599999,0.7,0.0,0.6863425925925926,True
391,102,19.666666666666668,68.331666663,10.747500003,1.035,70.72327499620498,0.0,30.0,0.71,0.6555555555555556,27.699530516431928,1.0349999999999997,False,shoulder,2022-07-05 07:00:00,7,1,False,2022-07-05,0.9659258262890683,-0.25881904510252063,0.7818314824680298,0.6234898018587336,0,0,3,27,0.7,73.5,0.7,73.5,0.7,73.5,0.6333333333333333,63.0,0.663888888888889,65.809722225,0.7,0.0,0.6891203703703703,True
392,102,19.833333333333332,68.76236111,10.726388888999999,1.035,71.16904374884999,0.0,30.0,0.71,0.6611111111111111,27.934272300469484,1.0349999999999997,False,shoulder,2022-07-05 08:00:00,8,1,False,2022-07-05,0.8660254037844387,-0.4999999999999998,0.7818314824680298,0.6234898018587336,0,0,3,27,0.6555555555555556,68.331666663,0.7,73.5,0.7,73.5,0.6722222222222223,70.79722222400001,0.711111111111111,81.695833333,0.6851851851851851,0.0256600119639858,0.6900462962962962,True
393,102,22.0,84.0,12.999999996000001,1.1229999999999998,94.33200000000001,0.0,30.0,0.71,0.7333333333333333,30.985915492957748,1.123,False,shoulder,2022-07-05 09:00:00,9,1,False,2022-07-05,0.7071067811865476,-0.7071067811865475,0.7818314824680298,0.6234898018587336,0,0,3,27,0.6611111111111111,68.76236111,0.6555555555555556,68.331666663,0.7,73.5,0.6916666666666667,78.079166665,0.6916666666666667,78.934722225,0.6722222222222224,0.024216105241894756,0.6895833333333333,True
394,102,22.0,84.0,12.999999996000001,1.1229999999999998,94.33200000000001,0.0,30.0,0.71,0.7333333333333333,30.985915492957748,1.123,False,shoulder,2022-07-05 10:00:00,10,1,False,2022-07-05,0.49999999999999994,-0.8660254037844387,0.7818314824680298,0.6234898018587336,0,0,3,27,0.7333333333333333,84.0,0.6611111111111111,68.76236111,0.6555555555555556,68.331666663,0.7,80.499999996,0.6666666666666666,80.325000002,0.6833333333333332,0.043390275977260605,0.6913194444444444,True
395,102,22.25,85.567222222,13.223888887,1.079,92.25807499976999,0.0,30.0,0.71,0.7416666666666667,31.338028169014088,1.0781941098942174,False,shoulder,2022-07-05 11:00:00,11,1,False,2022-07-05,0.258819045102521,-0.9659258262890682,0.7818314824680298,0.6234898018587336,0,0,3,27,0.7333333333333333,84.0,0.7333333333333333,84.0,0.6611111111111111,68.76236111,0.6833333333333333,77.190555554,0.5805555555555556,90.615000002,0.7092592592592593,0.041697519441475026,0.6927083333333334,True
396,102,22.666666666666668,90.999999996,14.000000003999999,1.035,94.18499999586,0.0,30.0,0.71,0.7555555555555556,31.924882629107984,1.035,False,shoulder,2022-07-05 12:00:00,12,1,False,2022-07-05,1.2246467991473532e-16,-1.0,0.7818314824680298,0.6234898018587336,0,0,3,27,0.7416666666666667,85.567222222,0.7333333333333333,84.0,0.7333333333333333,84.0,0.6666666666666666,73.5875,0.5555555555555556,85.34944444599999,0.7361111111111112,0.004811252243270349,0.6951388888888889,True
397,102,21.416666666666668,86.134999999,13.333611110000003,1.035,89.149724998965,0.0,30.0,0.71,0.7138888888888889,30.164319248826295,1.035,False,shoulder,2022-07-05 13:00:00,13,1,False,2022-07-05,-0.2588190451025208,-0.9659258262890683,0.7818314824680298,0.6234898018587336,0,0,3,27,0.7555555555555556,90.999999996,0.7416666666666667,85.567222222,0.7333333333333333,84.0,0.6666666666666666,69.999999996,0.5722222222222223,88.287500001,0.7435185185185187,0.011226255234253541,0.6988425925925926,True
398,102,22.166666666666668,81.85527777499999,13.193611109000003,1.1229999999999998,91.92347694132499,0.0,30.0,0.71,0.7388888888888889,31.220657276995308,1.123,False,shoulder,2022-07-05 14:00:00,14,1,False,2022-07-05,-0.4999999999999997,-0.8660254037844388,0.7818314824680298,0.6234898018587336,0,0,3,27,0.7138888888888889,86.134999999,0.7555555555555556,90.999999996,0.7416666666666667,85.567222222,0.7,73.401805556,0.6,94.5,0.737037037037037,0.021215628217393492,0.7008101851851851,True
399,102,21.75,78.934722219,12.776388886,1.1229999999999998,88.643693051937,0.0,30.0,0.71,0.725,30.63380281690141,1.1230000000000002,False,shoulder,2022-07-05 15:00:00,15,1,False,2022-07-05,-0.7071067811865471,-0.7071067811865479,0.7818314824680298,0.6234898018587336,0,0,3,27,0.7388888888888889,81.85527777499999,0.7138888888888889,86.134999999,0.7555555555555556,90.999999996,0.6722222222222223,73.5,0.5527777777777777,84.956666666,0.7361111111111112,0.020971762320201877,0.7024305555555554,True
400,102,21.0,73.5,12.0,1.079,79.3065,0.0,30.0,0.71,0.7,29.577464788732396,1.079,False,shoulder,2022-07-05 16:00:00,16,1,False,2022-07-05,-0.8660254037844385,-0.5000000000000004,0.7818314824680298,0.6234898018587336,0,0,3,27,0.725,78.934722219,0.7388888888888889,81.85527777499999,0.7138888888888889,86.134999999,0.6972222222222223,73.5,0.5333333333333333,80.499999996,0.725925925925926,0.012525693757849338,0.7046296296296296,True
401,102,22.0,80.280277774,12.968611107000001,1.035,83.09008749608998,0.0,30.0,0.71,0.7333333333333333,30.985915492957748,1.0349999999999997,False,shoulder,2022-07-05 17:00:00,17,1,False,2022-07-05,-0.9659258262890683,-0.25881904510252063,0.7818314824680298,0.6234898018587336,0,0,3,27,0.7,73.5,0.725,78.934722219,0.7388888888888889,81.85527777499999,0.675,73.5,0.55,83.819166666,0.7212962962962962,0.019707219123887027,0.7047453703703703,True
402,102,21.666666666666668,80.499999996,12.999999996000001,1.035,83.31749999585999,0.0,30.0,0.71,0.7222222222222222,30.51643192488263,1.035,False,shoulder,2022-07-05 18:00:00,18,1,False,2022-07-05,-1.0,-1.8369701987210297e-16,0.7818314824680298,0.6234898018587336,0,0,3,27,0.7333333333333333,80.280277774,0.7,73.5,0.725,78.934722219,0.7027777777777777,76.994166665,0.5722222222222223,88.670555558,0.7194444444444444,0.017347216662223105,0.7071759259259259,True
403,102,21.666666666666668,78.93277777499999,12.776111108,1.1229999999999998,88.641509441325,0.0,30.0,0.71,0.7222222222222222,30.51643192488263,1.1230000000000002,False,shoulder,2022-07-05 19:00:00,19,1,False,2022-07-05,-0.9659258262890684,0.2588190451025203,0.7818314824680298,0.6234898018587336,0,0,3,27,0.7222222222222222,80.499999996,0.7333333333333333,80.280277774,0.7,73.5,0.7,73.5,0.5722222222222223,88.499444444,0.7185185185185187,0.016972502573915912,0.7079861111111111,True
404,102,21.0,73.5,12.0,1.1229999999999998,82.54050000000001,0.0,30.0,0.71,0.7,29.577464788732396,1.1230000000000002,False,shoulder,2022-07-05 20:00:00,20,1,False,2022-07-05,-0.8660254037844386,0.5000000000000001,0.7818314824680298,0.6234898018587336,0,0,3,27,0.7222222222222222,78.93277777499999,0.7222222222222222,80.499999996,0.7333333333333333,80.280277774,0.6916666666666667,71.75194444499999,0.5555555555555556,85.563333331,0.725925925925926,0.006415002991011496,0.7089120370370369,True
405,102,21.0,73.5,12.0,1.035,76.07249999999999,0.0,30.0,0.71,0.7,29.577464788732396,1.035,False,shoulder,2022-07-05 21:00:00,21,1,False,2022-07-05,-0.7071067811865477,0.7071067811865474,0.7818314824680298,0.6234898018587336,0,0,3,27,0.7,73.5,0.7222222222222222,78.93277777499999,0.7222222222222222,80.499999996,0.7,73.5,0.6,73.493194443,0.7148148148148148,0.0128300059819985,0.7092592592592591,True
406,102,20.416666666666668,72.51805555600001,11.859722223,1.035,75.05618750045998,0.0,30.0,0.71,0.6805555555555556,28.755868544600943,1.0349999999999997,False,shoulder,2022-07-05 22:00:00,22,1,False,2022-07-05,-0.5000000000000004,0.8660254037844384,0.7818314824680298,0.6234898018587336,0,0,3,27,0.7,73.5,0.7,73.5,0.7222222222222222,78.93277777499999,0.7,73.5,0.6083333333333333,63.196388889,0.7074074074074074,0.012830005981997827,0.7092592592592593,True
407,102,20.0,66.500000004,11.000000003999999,0.9239999999999999,61.446000003696,0.0,30.0,0.71,0.6666666666666666,28.169014084507044,0.924,False,shoulder,2022-07-05 23:00:00,23,1,False,2022-07-05,-0.25881904510252157,0.9659258262890681,0.7818314824680298,0.6234898018587336,0,0,3,27,0.6805555555555556,72.51805555600001,0.7,73.5,0.7,73.5,0.7,73.5,0.6055555555555556,63.0,0.6935185185185185,0.01122625523424829,0.708449074074074,True
408,102,20.0,66.500000004,11.000000003999999,0.9239999999999999,61.446000003696,0.0,30.0,0.71,0.6666666666666666,28.169014084507044,0.924,False,shoulder,2022-07-06 00:00:00,0,2,False,2022-07-06,0.0,1.0,0.9749279121818236,-0.22252093395631434,0,0,3,27,0.6666666666666666,66.500000004,0.6805555555555556,72.51805555600001,0.7,73.5,0.7,73.5,0.6194444444444444,63.0,0.6824074074074075,0.01674364937039666,0.7070601851851852,True
409,102,20.0,66.500000004,11.000000003999999,0.9239999999999999,61.446000003696,0.0,30.0,0.71,0.6666666666666666,28.169014084507044,0.924,False,shoulder,2022-07-06 01:00:00,1,2,False,2022-07-06,0.25881904510252074,0.9659258262890683,0.9749279121818236,-0.22252093395631434,0,0,3,27,0.6666666666666666,66.500000004,0.6666666666666666,66.500000004,0.6805555555555556,72.51805555600001,0.7,73.5,0.6277777777777778,63.0,0.6712962962962963,0.008018753738749723,0.7056712962962964,True
410,102,20.0,66.500000004,11.000000003999999,0.9239999999999999,61.446000003696,0.0,30.0,0.71,0.6666666666666666,28.169014084507044,0.924,False,shoulder,2022-07-06 02:00:00,2,2,False,2022-07-06,0.49999999999999994,0.8660254037844387,0.9749279121818236,-0.22252093395631434,0,0,3,27,0.6666666666666666,66.500000004,0.6666666666666666,66.500000004,0.6666666666666666,66.500000004,0.6861111111111111,73.5,0.625,63.0,0.6666666666666666,0.0,0.7042824074074073,True
411,102,20.0,66.500000004,11.000000003999999,0.9239999999999999,61.446000003696,0.0,30.0,0.71,0.6666666666666666,28.169014084507044,0.924,False,shoulder,2022-07-06 03:00:00,3,2,False,2022-07-06,0.7071067811865476,0.7071067811865476,0.9749279121818236,-0.22252093395631434,0,0,3,27,0.6666666666666666,66.500000004,0.6666666666666666,66.500000004,0.6666666666666666,66.500000004,0.7,73.5,0.6222222222222222,63.0,0.6666666666666666,0.0,0.7034722222222222,True
412,102,20.0,66.500000004,11.000000003999999,0.9239999999999999,61.446000003696,0.0,30.0,0.71,0.6666666666666666,28.169014084507044,0.924,False,shoulder,2022-07-06 04:00:00,4,2,False,2022-07-06,0.8660254037844386,0.5000000000000001,0.9749279121818236,-0.22252093395631434,0,0,3,27,0.6666666666666666,66.500000004,0.6666666666666666,66.500000004,0.6666666666666666,66.500000004,0.7,73.5,0.6305555555555556,63.0,0.6666666666666666,0.0,0.7020833333333334,True
413,102,20.0,66.500000004,11.000000003999999,0.9239999999999999,61.446000003696,0.0,30.0,0.71,0.6666666666666666,28.169014084507044,0.924,False,shoulder,2022-07-06 05:00:00,5,2,False,2022-07-06,0.9659258262890683,0.25881904510252074,0.9749279121818236,-0.22252093395631434,0,0,3,27,0.6666666666666666,66.500000004,0.6666666666666666,66.500000004,0.6666666666666666,66.500000004,0.7,73.5,0.6333333333333333,63.0,0.6666666666666666,0.0,0.7006944444444444,True
414,102,20.333333333333332,66.500000004,11.000000003999999,0.9239999999999999,61.446000003696,0.0,30.0,0.71,0.6777777777777777,28.63849765258216,0.924,False,shoulder,2022-07-06 06:00:00,6,2,False,2022-07-06,1.0,6.123233995736766e-17,0.9749279121818236,-0.22252093395631434,0,0,3,27,0.6666666666666666,66.500000004,0.6666666666666666,66.500000004,0.6666666666666666,66.500000004,0.7,73.5,0.6333333333333333,63.0,0.6666666666666666,0.0,0.6993055555555556,True
415,102,19.333333333333332,63.181805555,10.275833331000001,1.035,65.39316874942499,0.0,30.0,0.71,0.6444444444444444,27.230046948356808,1.035,False,shoulder,2022-07-06 07:00:00,7,2,False,2022-07-06,0.9659258262890683,-0.25881904510252063,0.9749279121818236,-0.22252093395631434,0,0,3,27,0.6777777777777777,66.500000004,0.6666666666666666,66.500000004,0.6666666666666666,66.500000004,0.6555555555555556,68.331666663,0.6138888888888889,63.0,0.6703703703703704,0.006415002991001798,0.6983796296296295,True
416,102,19.25,60.489722220999994,10.141388887999998,1.035,62.606862498735,0.0,30.0,0.71,0.6416666666666667,27.112676056338028,1.0350000000000001,False,shoulder,2022-07-06 08:00:00,8,2,False,2022-07-06,0.8660254037844387,-0.4999999999999998,0.9749279121818236,-0.22252093395631434,0,0,3,27,0.6444444444444444,63.181805555,0.6777777777777777,66.500000004,0.6666666666666666,66.500000004,0.6611111111111111,68.76236111,0.6916666666666667,81.491666663,0.662962962962963,0.01697250257391233,0.6979166666666666,True
417,102,21.0,73.291944444,11.970277778,1.1229999999999998,82.30685361061201,0.0,30.0,0.71,0.7,29.577464788732396,1.1230000000000002,False,shoulder,2022-07-06 09:00:00,9,2,False,2022-07-06,0.7071067811865476,-0.7071067811865475,0.9749279121818236,-0.22252093395631434,0,0,3,27,0.6416666666666667,60.489722220999994,0.6444444444444444,63.181805555,0.6777777777777777,66.500000004,0.7333333333333333,84.0,0.7833333333333333,94.303611111,0.6546296296296297,0.02009493927241837,0.6971064814814815,True
418,102,20.833333333333332,73.5,12.0,1.1229999999999998,82.54050000000001,0.0,30.0,0.71,0.6944444444444444,29.342723004694836,1.1230000000000002,False,shoulder,2022-07-06 10:00:00,10,2,False,2022-07-06,0.49999999999999994,-0.8660254037844387,0.9749279121818236,-0.22252093395631434,0,0,3,27,0.7,73.291944444,0.6416666666666667,60.489722220999994,0.6444444444444444,63.181805555,0.7333333333333333,84.0,0.7861111111111111,98.000000004,0.6620370370370371,0.03290621415540247,0.6957175925925926,True
419,102,20.75,73.5,12.0,1.079,79.3065,0.0,30.0,0.71,0.6916666666666667,29.225352112676056,1.079,False,shoulder,2022-07-06 11:00:00,11,2,False,2022-07-06,0.258819045102521,-0.9659258262890682,0.9749279121818236,-0.22252093395631434,0,0,3,27,0.6944444444444444,73.5,0.7,73.291944444,0.6416666666666667,60.489722220999994,0.7416666666666667,85.567222222,0.7166666666666667,100.728055558,0.6787037037037038,0.03219507157539717,0.6940972222222221,True
420,102,21.0,73.5,12.0,1.035,76.07249999999999,0.0,30.0,0.71,0.7,29.577464788732396,1.035,False,shoulder,2022-07-06 12:00:00,12,2,False,2022-07-06,1.2246467991473532e-16,-1.0,0.9749279121818236,-0.22252093395631434,0,0,3,27,0.6916666666666667,73.5,0.6944444444444444,73.5,0.7,73.291944444,0.7555555555555556,90.999999996,0.6333333333333333,105.0,0.6953703703703704,0.0042431256434926345,0.6920138888888889,True
421,102,20.333333333333332,73.5,12.0,1.035,76.07249999999999,0.0,30.0,0.71,0.6777777777777777,28.63849765258216,1.035,False,shoulder,2022-07-06 13:00:00,13,2,False,2022-07-06,-0.2588190451025208,-0.9659258262890683,0.9749279121818236,-0.22252093395631434,0,0,3,27,0.7,73.5,0.6916666666666667,73.5,0.6944444444444444,73.5,0.7138888888888889,86.134999999,0.6194444444444444,102.454722223,0.6953703703703704,0.0042431256434926345,0.689699074074074,True
422,102,19.75,73.5,12.0,1.1229999999999998,82.54050000000001,0.0,30.0,0.71,0.6583333333333333,27.816901408450704,1.1230000000000002,False,shoulder,2022-07-06 14:00:00,14,2,False,2022-07-06,-0.4999999999999997,-0.8660254037844388,0.9749279121818236,-0.22252093395631434,0,0,3,27,0.6777777777777777,73.5,0.7,73.5,0.6916666666666667,73.5,0.7388888888888889,81.85527777499999,0.5666666666666667,90.999999996,0.6898148148148149,0.011226255234247855,0.6881944444444444,True
423,102,21.416666666666668,79.15055555299999,12.807222219000002,1.1229999999999998,88.88607388601899,0.0,30.0,0.71,0.7138888888888889,30.164319248826295,1.123,False,shoulder,2022-07-06 15:00:00,15,2,False,2022-07-06,-0.7071067811865471,-0.7071067811865479,0.9749279121818236,-0.22252093395631434,0,0,3,27,0.6583333333333333,73.5,0.6777777777777777,73.5,0.7,73.5,0.725,78.934722219,0.586111111111111,94.898611111,0.6787037037037038,0.020848759720738616,0.684837962962963,True
424,102,21.416666666666668,76.599444443,12.442777776,1.079,82.787176109489,0.0,30.0,0.71,0.7138888888888889,30.164319248826295,1.0807803726447844,False,shoulder,2022-07-06 16:00:00,16,2,False,2022-07-06,-0.8660254037844385,-0.5000000000000004,0.9749279121818236,-0.22252093395631434,0,0,3,27,0.7138888888888889,79.15055555299999,0.6583333333333333,73.5,0.6777777777777777,73.5,0.7,73.5,0.6,98.000000004,0.6833333333333335,0.028191365458591286,0.6843750000000001,True
425,102,19.583333333333332,66.27833333400001,10.968333333000002,1.035,68.59807500068999,0.0,30.0,0.71,0.6527777777777778,27.582159624413144,1.0349999999999997,False,shoulder,2022-07-06 17:00:00,17,2,False,2022-07-06,-0.9659258262890683,-0.25881904510252063,0.9749279121818236,-0.22252093395631434,0,0,3,27,0.7138888888888889,76.599444443,0.7138888888888889,79.15055555299999,0.6583333333333333,73.5,0.7333333333333333,80.280277774,0.6055555555555556,98.980000003,0.6953703703703704,0.0320750149549812,0.6849537037037038,True
426,102,18.833333333333332,64.56138889100001,10.723055556999999,1.035,66.821037502185,0.0,30.0,0.71,0.6277777777777778,26.525821596244132,1.035,False,shoulder,2022-07-06 18:00:00,18,2,False,2022-07-06,-1.0,-1.8369701987210297e-16,0.9749279121818236,-0.22252093395631434,0,0,3,27,0.6527777777777778,66.27833333400001,0.7138888888888889,76.599444443,0.7138888888888889,79.15055555299999,0.7222222222222222,80.499999996,0.625,101.59041666599998,0.6935185185185185,0.03528251645047885,0.6815972222222221,True
427,102,17.416666666666668,55.875555555,9.482222221,1.1229999999999998,62.748248888264996,0.0,30.0,0.71,0.5805555555555556,24.530516431924884,1.123,False,shoulder,2022-07-06 19:00:00,19,2,False,2022-07-06,-0.9659258262890684,0.2588190451025203,0.9749279121818236,-0.22252093395631434,0,0,3,27,0.6277777777777778,64.56138889100001,0.6527777777777778,66.27833333400001,0.7138888888888889,76.599444443,0.7222222222222222,78.93277777499999,0.6333333333333333,101.499999996,0.6648148148148149,0.04429953227372541,0.6776620370370371,True
428,102,18.75,57.569166663999994,9.724166664,1.1229999999999998,64.650174163672,0.0,30.0,0.71,0.625,26.408450704225352,1.1230000000000002,False,shoulder,2022-07-06 20:00:00,20,2,False,2022-07-06,-0.8660254037844386,0.5000000000000001,0.9749279121818236,-0.22252093395631434,0,0,3,27,0.5805555555555556,55.875555555,0.6277777777777778,64.56138889100001,0.6527777777777778,66.27833333400001,0.7,73.5,0.6027777777777777,95.446944443,0.6203703703703705,0.03667648577840371,0.6717592592592592,True
429,102,19.0,59.49999999599999,9.999999996000001,1.035,61.58249999585998,0.0,30.0,0.71,0.6333333333333333,26.760563380281692,1.035,False,shoulder,2022-07-06 21:00:00,21,2,False,2022-07-06,-0.7071067811865477,0.7071067811865474,0.9749279121818236,-0.22252093395631434,0,0,3,27,0.625,57.569166663999994,0.5805555555555556,55.875555555,0.6277777777777778,64.56138889100001,0.7,73.5,0.6527777777777778,83.5975,0.6111111111111112,0.02649831115046937,0.6686342592592592,True
430,102,19.0,59.49999999599999,9.999999996000001,1.035,61.58249999585998,0.0,30.0,0.71,0.6333333333333333,26.760563380281692,1.035,False,shoulder,2022-07-06 22:00:00,22,2,False,2022-07-06,-0.5000000000000004,0.8660254037844384,0.9749279121818236,-0.22252093395631434,0,0,3,27,0.6333333333333333,59.49999999599999,0.625,57.569166663999994,0.5805555555555556,55.875555555,0.6805555555555556,72.51805555600001,0.7194444444444444,80.499999996,0.612962962962963,0.028373247122303553,0.6658564814814815,True
431,102,19.0,59.49999999599999,9.999999996000001,0.9239999999999999,54.977999996304,0.0,30.0,0.71,0.6333333333333333,26.760563380281692,0.9240000000000002,False,shoulder,2022-07-06 23:00:00,23,2,False,2022-07-06,-0.25881904510252157,0.9659258262890681,0.9749279121818236,-0.22252093395631434,0,0,3,27,0.6333333333333333,59.49999999599999,0.6333333333333333,59.49999999599999,0.625,57.569166663999994,0.6666666666666666,66.500000004,0.7333333333333333,80.499999996,0.6305555555555556,0.004811252243244518,0.6638888888888889,True
432,102,19.0,59.49999999599999,9.999999996000001,0.9239999999999999,54.977999996304,0.0,30.0,0.71,0.6333333333333333,26.760563380281692,0.9240000000000002,False,shoulder,2022-07-07 00:00:00,0,3,False,2022-07-07,0.0,1.0,0.43388373911755823,-0.900968867902419,0,0,3,27,0.6333333333333333,59.49999999599999,0.6333333333333333,59.49999999599999,0.6333333333333333,59.49999999599999,0.6666666666666666,66.500000004,0.7222222222222222,80.499999996,0.6333333333333333,0.0,0.6625,True
433,102,19.0,59.49999999599999,9.999999996000001,0.9239999999999999,54.977999996304,0.0,30.0,0.71,0.6333333333333333,26.760563380281692,0.9240000000000002,False,shoulder,2022-07-07 01:00:00,1,3,False,2022-07-07,0.25881904510252074,0.9659258262890683,0.43388373911755823,-0.900968867902419,0,0,3,27,0.6333333333333333,59.49999999599999,0.6333333333333333,59.49999999599999,0.6333333333333333,59.49999999599999,0.6666666666666666,66.500000004,0.7222222222222222,80.499999996,0.6333333333333333,0.0,0.6611111111111111,True
434,102,18.666666666666668,59.49999999599999,9.999999996000001,0.9239999999999999,54.977999996304,0.0,30.0,0.71,0.6222222222222222,26.291079812206576,0.9240000000000002,False,shoulder,2022-07-07 02:00:00,2,3,False,2022-07-07,0.49999999999999994,0.8660254037844387,0.43388373911755823,-0.900968867902419,0,0,3,27,0.6333333333333333,59.49999999599999,0.6333333333333333,59.49999999599999,0.6333333333333333,59.49999999599999,0.6666666666666666,66.500000004,0.7333333333333333,80.499999996,0.6333333333333333,0.0,0.6597222222222222,True
435,102,19.0,59.49999999599999,9.999999996000001,0.9239999999999999,54.977999996304,0.0,30.0,0.71,0.6333333333333333,26.760563380281692,0.9240000000000002,False,shoulder,2022-07-07 03:00:00,3,3,False,2022-07-07,0.7071067811865476,0.7071067811865476,0.43388373911755823,-0.900968867902419,0,0,3,27,0.6222222222222222,59.49999999599999,0.6333333333333333,59.49999999599999,0.6333333333333333,59.49999999599999,0.6666666666666666,66.500000004,0.7333333333333333,80.499999996,0.6296296296296297,0.0064150029909939114,0.6578703703703703,True
436,102,19.0,59.49999999599999,9.999999996000001,0.9239999999999999,54.977999996304,0.0,30.0,0.71,0.6333333333333333,26.760563380281692,0.9240000000000002,False,shoulder,2022-07-07 04:00:00,4,3,False,2022-07-07,0.8660254037844386,0.5000000000000001,0.43388373911755823,-0.900968867902419,0,0,3,27,0.6333333333333333,59.49999999599999,0.6222222222222222,59.49999999599999,0.6333333333333333,59.49999999599999,0.6666666666666666,66.500000004,0.7333333333333333,80.499999996,0.6296296296296297,0.0064150029909939114,0.6564814814814814,True
437,102,19.0,59.49999999599999,9.999999996000001,0.9239999999999999,54.977999996304,0.0,30.0,0.71,0.6333333333333333,26.760563380281692,0.9240000000000002,False,shoulder,2022-07-07 05:00:00,5,3,False,2022-07-07,0.9659258262890683,0.25881904510252074,0.43388373911755823,-0.900968867902419,0,0,3,27,0.6333333333333333,59.49999999599999,0.6333333333333333,59.49999999599999,0.6222222222222222,59.49999999599999,0.6666666666666666,66.500000004,0.7333333333333333,80.499999996,0.6296296296296297,0.0064150029909939114,0.6550925925925926,True
438,102,19.0,59.49999999599999,9.999999996000001,0.9239999999999999,54.977999996304,0.0,30.0,0.71,0.6333333333333333,26.760563380281692,0.9240000000000002,False,shoulder,2022-07-07 06:00:00,6,3,False,2022-07-07,1.0,6.123233995736766e-17,0.43388373911755823,-0.900968867902419,0,0,3,27,0.6333333333333333,59.49999999599999,0.6333333333333333,59.49999999599999,0.6333333333333333,59.49999999599999,0.6777777777777777,66.500000004,0.7333333333333333,80.499999996,0.6333333333333333,0.0,0.6537037037037037,True
439,102,18.5,57.74902777799999,9.499722221,1.035,59.77024375022998,0.0,30.0,0.71,0.6166666666666667,26.056338028169016,1.035,False,shoulder,2022-07-07 07:00:00,7,3,False,2022-07-07,0.9659258262890683,-0.25881904510252063,0.43388373911755823,-0.900968867902419,0,0,3,27,0.6333333333333333,59.49999999599999,0.6333333333333333,59.49999999599999,0.6333333333333333,59.49999999599999,0.6444444444444444,63.181805555,0.7222222222222222,78.35333333099999,0.6333333333333333,0.0,0.6518518518518518,True
440,102,18.5,59.49999999599999,9.999999996000001,1.035,61.58249999585998,0.0,30.0,0.71,0.6166666666666667,26.056338028169016,1.035,False,shoulder,2022-07-07 08:00:00,8,3,False,2022-07-07,0.8660254037844387,-0.4999999999999998,0.43388373911755823,-0.900968867902419,0,0,3,27,0.6166666666666667,57.74902777799999,0.6333333333333333,59.49999999599999,0.6333333333333333,59.49999999599999,0.6416666666666667,60.489722220999994,0.7055555555555556,76.630555556,0.6277777777777779,0.009622504486492227,0.6506944444444445,True
441,102,17.583333333333332,55.601388887,9.443055554,1.1229999999999998,62.440359720101,0.0,30.0,0.71,0.586111111111111,24.76525821596244,1.123,False,shoulder,2022-07-07 09:00:00,9,3,False,2022-07-07,0.7071067811865476,-0.7071067811865475,0.43388373911755823,-0.900968867902419,0,0,3,27,0.6166666666666667,59.49999999599999,0.6166666666666667,57.74902777799999,0.6333333333333333,59.49999999599999,0.7,73.291944444,0.7805555555555556,87.500000004,0.6222222222222223,0.00962250448649157,0.6496527777777777,True
442,102,17.333333333333332,52.5,9.0,1.1229999999999998,58.9575,0.0,30.0,0.71,0.5777777777777777,24.413145539906104,1.123,False,shoulder,2022-07-07 10:00:00,10,3,False,2022-07-07,0.49999999999999994,-0.8660254037844387,0.43388373911755823,-0.900968867902419,0,0,3,27,0.586111111111111,55.601388887,0.6166666666666667,59.49999999599999,0.6166666666666667,57.74902777799999,0.6944444444444444,73.5,0.7916666666666666,92.56333333399999,0.6064814814814815,0.017641258225236454,0.6449074074074074,True
443,102,18.333333333333332,58.144722218999995,9.806388886,1.079,62.678523052112986,0.0,30.0,0.71,0.611111111111111,25.821596244131456,1.0779744172830785,False,shoulder,2022-07-07 11:00:00,11,3,False,2022-07-07,0.258819045102521,-0.9659258262890682,0.43388373911755823,-0.900968867902419,0,0,3,27,0.5777777777777777,52.5,0.586111111111111,55.601388887,0.6166666666666667,59.49999999599999,0.6916666666666667,73.5,0.8,94.5,0.5935185185185186,0.02047531887730858,0.6400462962962963,True
444,102,17.916666666666668,59.49999999599999,9.999999996000001,1.035,61.58249999585998,0.0,30.0,0.71,0.5972222222222222,25.23474178403756,1.035,False,shoulder,2022-07-07 12:00:00,12,3,False,2022-07-07,1.2246467991473532e-16,-1.0,0.43388373911755823,-0.900968867902419,0,0,3,27,0.611111111111111,58.144722218999995,0.5777777777777777,52.5,0.586111111111111,55.601388887,0.7,73.5,0.7805555555555556,90.603333335,0.5916666666666667,0.01734721666221463,0.6366898148148148,True
445,102,18.5,56.381111109,9.554444442,1.035,58.354449997814996,0.0,30.0,0.71,0.6166666666666667,26.056338028169016,1.035,False,shoulder,2022-07-07 13:00:00,13,3,False,2022-07-07,-0.2588190451025208,-0.9659258262890683,0.43388373911755823,-0.900968867902419,0,0,3,27,0.5972222222222222,59.49999999599999,0.611111111111111,58.144722218999995,0.5777777777777777,52.5,0.6777777777777777,73.5,0.7666666666666667,87.500000004,0.5953703703703704,0.016743649370390606,0.6324074074074074,True
446,102,17.0,45.500000004,8.000000004,1.1229999999999998,51.09650000449199,0.0,30.0,0.71,0.5666666666666667,23.943661971830988,1.1229999999999998,False,shoulder,2022-07-07 14:00:00,14,3,False,2022-07-07,-0.4999999999999997,-0.8660254037844388,0.43388373911755823,-0.900968867902419,0,0,3,27,0.6166666666666667,56.381111109,0.5972222222222222,59.49999999599999,0.611111111111111,58.144722218999995,0.6583333333333333,73.5,0.75,84.186666667,0.6083333333333334,0.010015420209618448,0.6298611111111111,True
447,102,17.0,45.500000004,8.000000004,1.1229999999999998,51.09650000449199,0.0,30.0,0.71,0.5666666666666667,23.943661971830988,1.1229999999999998,False,shoulder,2022-07-07 15:00:00,15,3,False,2022-07-07,-0.7071067811865471,-0.7071067811865479,0.43388373911755823,-0.900968867902419,0,0,3,27,0.5666666666666667,45.500000004,0.6166666666666667,56.381111109,0.5972222222222222,59.49999999599999,0.7138888888888889,79.15055555299999,0.7333333333333333,80.499999996,0.5935185185185186,0.025204921460768633,0.6260416666666666,True
448,102,17.333333333333332,50.569166668,8.724166667999999,1.079,54.47917416816401,0.0,30.0,0.71,0.5777777777777777,24.413145539906104,1.0773199907729198,False,shoulder,2022-07-07 16:00:00,16,3,False,2022-07-07,-0.8660254037844385,-0.5000000000000004,0.43388373911755823,-0.900968867902419,0,0,3,27,0.5666666666666667,45.500000004,0.5666666666666667,45.500000004,0.6166666666666667,56.381111109,0.7138888888888889,76.599444443,0.7333333333333333,80.499999996,0.5833333333333334,0.028867513459479063,0.6199074074074075,True
449,102,18.583333333333332,56.38888888699999,9.555555554,1.035,58.36249999804498,0.0,30.0,0.71,0.6194444444444444,26.173708920187792,1.0349999999999997,False,shoulder,2022-07-07 17:00:00,17,3,False,2022-07-07,-0.9659258262890683,-0.25881904510252063,0.43388373911755823,-0.900968867902419,0,0,3,27,0.5777777777777777,50.569166668,0.5666666666666667,45.500000004,0.5666666666666667,45.500000004,0.6527777777777778,66.27833333400001,0.7333333333333333,80.499999996,0.5703703703703704,0.006415002990983439,0.6142361111111111,True
450,102,19.25,63.571666667,10.581666667,1.035,65.79667500034499,0.0,30.0,0.71,0.6416666666666667,27.112676056338028,1.0349999999999997,False,shoulder,2022-07-07 18:00:00,18,3,False,2022-07-07,-1.0,-1.8369701987210297e-16,0.43388373911755823,-0.900968867902419,0,0,3,27,0.6194444444444444,56.38888888699999,0.5777777777777777,50.569166668,0.5666666666666667,45.500000004,0.6277777777777778,64.56138889100001,0.7083333333333334,75.43083333199999,0.5879629629629629,0.02782403555799175,0.6128472222222222,True
451,102,20.083333333333332,67.303055555,11.114722222,1.1229999999999998,75.581331388265,0.0,30.0,0.71,0.6694444444444444,28.28638497652582,1.123,False,shoulder,2022-07-07 19:00:00,19,3,False,2022-07-07,-0.9659258262890684,0.2588190451025203,0.43388373911755823,-0.900968867902419,0,0,3,27,0.6416666666666667,63.571666667,0.6194444444444444,56.38888888699999,0.5777777777777777,50.569166668,0.5805555555555556,55.875555555,0.7,73.5,0.612962962962963,0.03243385164469725,0.6134259259259259,True
452,102,21.0,73.5,12.0,1.1229999999999998,82.54050000000001,0.0,30.0,0.71,0.7,29.577464788732396,1.1230000000000002,False,shoulder,2022-07-07 20:00:00,20,3,False,2022-07-07,-0.8660254037844386,0.5000000000000001,0.43388373911755823,-0.900968867902419,0,0,3,27,0.6694444444444444,67.303055555,0.6416666666666667,63.571666667,0.6194444444444444,56.38888888699999,0.625,57.569166663999994,0.6944444444444444,72.51805555600001,0.6435185185185186,0.02505138751568294,0.6171296296296296,True
453,102,21.666666666666668,78.162777775,12.666111108,1.035,80.89847499712499,0.0,30.0,0.71,0.7222222222222222,30.51643192488263,1.035,False,shoulder,2022-07-07 21:00:00,21,3,False,2022-07-07,-0.7071067811865477,0.7071067811865474,0.43388373911755823,-0.900968867902419,0,0,3,27,0.7,73.5,0.6694444444444444,67.303055555,0.6416666666666667,63.571666667,0.6333333333333333,59.49999999599999,0.7,73.305555556,0.6703703703703704,0.029177687512202583,0.6202546296296295,True
454,102,21.0,73.5,12.0,1.035,76.07249999999999,0.0,30.0,0.71,0.7,29.577464788732396,1.035,False,shoulder,2022-07-07 22:00:00,22,3,False,2022-07-07,-0.5000000000000004,0.8660254037844384,0.43388373911755823,-0.900968867902419,0,0,3,27,0.7222222222222222,78.162777775,0.7,73.5,0.6694444444444444,67.303055555,0.6333333333333333,59.49999999599999,0.7,73.5,0.6972222222222223,0.026498311150473446,0.6239583333333333,True
455,102,21.0,73.5,12.0,0.9239999999999999,67.914,0.0,30.0,0.71,0.7,29.577464788732396,0.924,False,shoulder,2022-07-07 23:00:00,23,3,False,2022-07-07,-0.25881904510252157,0.9659258262890681,0.43388373911755823,-0.900968867902419,0,0,3,27,0.7,73.5,0.7222222222222222,78.162777775,0.7,73.5,0.6333333333333333,59.49999999599999,0.7,73.5,0.7074074074074076,0.012830005981998389,0.626736111111111,True
456,102,21.0,73.5,12.0,0.9239999999999999,67.914,0.0,30.0,0.71,0.7,29.577464788732396,0.924,False,shoulder,2022-07-08 00:00:00,0,4,False,2022-07-08,0.0,1.0,-0.433883739117558,-0.9009688679024191,0,0,3,27,0.7,73.5,0.7,73.5,0.7222222222222222,78.162777775,0.6333333333333333,59.49999999599999,0.7,73.5,0.7074074074074074,0.012830005981998389,0.6295138888888888,True
457,102,21.0,73.5,12.0,0.9239999999999999,67.914,0.0,30.0,0.71,0.7,29.577464788732396,0.924,False,shoulder,2022-07-08 01:00:00,1,4,False,2022-07-08,0.25881904510252074,0.9659258262890683,-0.433883739117558,-0.9009688679024191,0,0,3,27,0.7,73.5,0.7,73.5,0.7,73.5,0.6333333333333333,59.49999999599999,0.7,73.5,0.7,0.0,0.6322916666666666,True
458,102,21.0,73.5,12.0,0.9239999999999999,67.914,0.0,30.0,0.71,0.7,29.577464788732396,0.924,False,shoulder,2022-07-08 02:00:00,2,4,False,2022-07-08,0.49999999999999994,0.8660254037844387,-0.433883739117558,-0.9009688679024191,0,0,3,27,0.7,73.5,0.7,73.5,0.7,73.5,0.6222222222222222,59.49999999599999,0.7,73.5,0.7,0.0,0.6350694444444444,True
459,102,21.0,73.5,12.0,0.9239999999999999,67.914,0.0,30.0,0.71,0.7,29.577464788732396,0.924,False,shoulder,2022-07-08 03:00:00,3,4,False,2022-07-08,0.7071067811865476,0.7071067811865476,-0.433883739117558,-0.9009688679024191,0,0,3,27,0.7,73.5,0.7,73.5,0.7,73.5,0.6333333333333333,59.49999999599999,0.7,73.5,0.7,0.0,0.6383101851851851,True
460,102,21.0,73.5,12.0,0.9239999999999999,67.914,0.0,30.0,0.71,0.7,29.577464788732396,0.924,False,shoulder,2022-07-08 04:00:00,4,4,False,2022-07-08,0.8660254037844386,0.5000000000000001,-0.433883739117558,-0.9009688679024191,0,0,3,27,0.7,73.5,0.7,73.5,0.7,73.5,0.6333333333333333,59.49999999599999,0.7,73.5,0.7,0.0,0.641087962962963,True
461,102,21.0,73.5,12.0,0.9239999999999999,67.914,0.0,30.0,0.71,0.7,29.577464788732396,0.924,False,shoulder,2022-07-08 05:00:00,5,4,False,2022-07-08,0.9659258262890683,0.25881904510252074,-0.433883739117558,-0.9009688679024191,0,0,3,27,0.7,73.5,0.7,73.5,0.7,73.5,0.6333333333333333,59.49999999599999,0.7,73.5,0.7,0.0,0.6438657407407407,True
462,102,21.0,73.5,12.0,0.9239999999999999,67.914,0.0,30.0,0.71,0.7,29.577464788732396,0.924,False,shoulder,2022-07-08 06:00:00,6,4,False,2022-07-08,1.0,6.123233995736766e-17,-0.433883739117558,-0.9009688679024191,0,0,3,27,0.7,73.5,0.7,73.5,0.7,73.5,0.6333333333333333,59.49999999599999,0.7,73.5,0.7,0.0,0.6466435185185185,True
463,102,19.25,65.95652777499998,10.315833335,1.035,68.265006247125,0.0,30.0,0.71,0.6416666666666667,27.112676056338028,1.0350000000000004,False,shoulder,2022-07-08 07:00:00,7,4,False,2022-07-08,0.9659258262890683,-0.25881904510252063,-0.433883739117558,-0.9009688679024191,0,0,3,27,0.7,73.5,0.7,73.5,0.7,73.5,0.6166666666666667,57.74902777799999,0.6916666666666667,71.932777778,0.7,0.0,0.6494212962962963,True
464,102,19.833333333333332,68.343333333,10.83222222,1.035,70.735349999655,0.0,30.0,0.71,0.6611111111111111,27.934272300469484,1.035,False,shoulder,2022-07-08 08:00:00,8,4,False,2022-07-08,0.8660254037844387,-0.4999999999999998,-0.433883739117558,-0.9009688679024191,0,0,3,27,0.6416666666666667,65.95652777499998,0.7,73.5,0.7,73.5,0.6166666666666667,59.49999999599999,0.711111111111111,74.393472223,0.6805555555555557,0.03367876570272961,0.6504629629629629,True
465,102,20.416666666666668,75.532916664,12.137499999999996,1.1229999999999998,84.823465413672,0.0,30.0,0.71,0.6805555555555556,28.755868544600943,1.123,False,shoulder,2022-07-08 09:00:00,9,4,False,2022-07-08,0.7071067811865476,-0.7071067811865475,-0.433883739117558,-0.9009688679024191,0,0,3,27,0.6611111111111111,68.343333333,0.6416666666666667,65.95652777499998,0.7,73.5,0.586111111111111,55.601388887,0.7305555555555556,81.388611113,0.6675925925925927,0.029701879504344504,0.6523148148148147,True
466,102,17.666666666666668,69.999999996,11.000000003999999,1.1229999999999998,78.609999995508,0.0,30.0,0.71,0.5888888888888889,24.882629107981224,1.123,False,shoulder,2022-07-08 10:00:00,10,4,False,2022-07-08,0.49999999999999994,-0.8660254037844387,-0.433883739117558,-0.9009688679024191,0,0,3,27,0.6805555555555556,75.532916664,0.6611111111111111,68.343333333,0.6416666666666667,65.95652777499998,0.5777777777777777,52.5,0.7666666666666667,87.500000004,0.6611111111111112,0.019444444444445746,0.65625,True
467,102,17.0,80.52527777600001,12.503611110000001,1.079,86.69949360914401,0.0,30.0,0.71,0.5666666666666667,23.943661971830988,1.076674256875202,False,shoulder,2022-07-08 11:00:00,11,4,False,2022-07-08,0.258819045102521,-0.9659258262890682,-0.433883739117558,-0.9009688679024191,0,0,3,27,0.5888888888888889,69.999999996,0.6805555555555556,75.532916664,0.6611111111111111,68.343333333,0.611111111111111,58.144722218999995,0.7083333333333334,85.567222221,0.6435185185185186,0.04829926428053702,0.656712962962963,True
468,102,17.0,90.999999996,14.000000003999999,1.035,94.18499999586,0.0,30.0,0.71,0.5666666666666667,23.943661971830988,1.035,False,shoulder,2022-07-08 12:00:00,12,4,False,2022-07-08,1.2246467991473532e-16,-1.0,-0.433883739117558,-0.9009688679024191,0,0,3,27,0.5666666666666667,80.52527777600001,0.5888888888888889,69.999999996,0.6805555555555556,75.532916664,0.5972222222222222,59.49999999599999,0.6222222222222222,99.16861110900001,0.612037037037037,0.06037008634334405,0.6548611111111111,True
469,102,16.333333333333332,86.706666665,13.386666667000002,1.035,89.741399998275,0.0,30.0,0.71,0.5444444444444444,23.004694835680752,1.035,False,shoulder,2022-07-08 13:00:00,13,4,False,2022-07-08,-0.2588190451025208,-0.9659258262890683,-0.433883739117558,-0.9009688679024191,0,0,3,27,0.5666666666666667,90.999999996,0.5666666666666667,80.52527777600001,0.5888888888888889,69.999999996,0.6166666666666667,56.381111109,0.6,94.5,0.5740740740740741,0.012830005981985656,0.653587962962963,True
470,102,15.0,77.000000004,12.0,1.1229999999999998,86.47100000449198,0.0,30.0,0.71,0.5,21.126760563380284,1.1229999999999998,False,shoulder,2022-07-08 14:00:00,14,4,False,2022-07-08,-0.4999999999999997,-0.8660254037844388,-0.433883739117558,-0.9009688679024191,0,0,3,27,0.5444444444444444,86.706666665,0.5666666666666667,90.999999996,0.5666666666666667,80.52527777600001,0.5666666666666667,45.500000004,0.6916666666666667,99.16472222000002,0.5592592592592592,0.012830005981984341,0.6505787037037037,True
471,102,14.75,75.43861111300001,11.776944444999998,1.1229999999999998,84.717560279899,0.0,30.0,0.71,0.49166666666666664,20.774647887323944,1.123,False,shoulder,2022-07-08 15:00:00,15,4,False,2022-07-08,-0.7071067811865471,-0.7071067811865479,-0.433883739117558,-0.9009688679024191,0,0,3,27,0.5,77.000000004,0.5444444444444444,86.706666665,0.5666666666666667,90.999999996,0.5666666666666667,45.500000004,0.7666666666666667,94.5,0.5370370370370371,0.03394500514781747,0.6478009259259259,True
472,102,14.333333333333334,71.81027777599999,11.276111112999997,1.079,77.552161942624,0.0,30.0,0.71,0.4777777777777778,20.187793427230048,1.0799590858642107,False,shoulder,2022-07-08 16:00:00,16,4,False,2022-07-08,-0.8660254037844385,-0.5000000000000004,-0.433883739117558,-0.9009688679024191,0,0,3,27,0.49166666666666664,75.43861111300001,0.5,77.000000004,0.5444444444444444,86.706666665,0.5777777777777777,50.569166668,0.7388888888888889,88.857222225,0.5120370370370372,0.02837324712229941,0.6446759259259259,True
473,102,13.75,65.135,10.805000000000001,1.035,67.41472499999999,0.0,30.0,0.71,0.4583333333333333,19.366197183098592,1.0349999999999997,False,shoulder,2022-07-08 17:00:00,17,4,False,2022-07-08,-0.9659258262890683,-0.25881904510252063,-0.433883739117558,-0.9009688679024191,0,0,3,27,0.4777777777777778,71.81027777599999,0.49166666666666664,75.43861111300001,0.5,77.000000004,0.6194444444444444,56.38888888699999,0.7305555555555556,87.099444448,0.48981481481481487,0.011226255234226799,0.6405092592592593,True
474,102,13.416666666666666,62.436111110999995,10.419444444000002,1.035,64.62137499988499,0.0,30.0,0.71,0.4472222222222222,18.896713615023476,1.035,False,shoulder,2022-07-08 18:00:00,18,4,False,2022-07-08,-1.0,-1.8369701987210297e-16,-0.433883739117558,-0.9009688679024191,0,0,3,27,0.4583333333333333,65.135,0.4777777777777778,71.81027777599999,0.49166666666666664,75.43861111300001,0.6416666666666667,63.571666667,0.6888888888888889,78.359166664,0.47592592592592603,0.01674364937038192,0.6337962962962963,True
475,102,13.0,59.49999999599999,9.999999996000001,1.1229999999999998,66.818499995508,0.0,30.0,0.71,0.43333333333333335,18.30985915492958,1.1230000000000002,False,shoulder,2022-07-08 19:00:00,19,4,False,2022-07-08,-0.9659258262890684,0.2588190451025203,-0.433883739117558,-0.9009688679024191,0,0,3,27,0.4472222222222222,62.436111110999995,0.4583333333333333,65.135,0.4777777777777778,71.81027777599999,0.6694444444444444,67.303055555,0.6666666666666666,73.5,0.4611111111111112,0.01546601211895846,0.6256944444444444,True
476,102,12.5,57.843333333000004,9.526666665,1.1229999999999998,64.95806333295899,0.0,30.0,0.71,0.4166666666666667,17.605633802816904,1.1229999999999998,False,shoulder,2022-07-08 20:00:00,20,4,False,2022-07-08,-0.8660254037844386,0.5000000000000001,-0.433883739117558,-0.9009688679024191,0,0,3,27,0.43333333333333335,59.49999999599999,0.4472222222222222,62.436111110999995,0.4583333333333333,65.135,0.7,73.5,0.6666666666666666,73.5,0.44629629629629636,0.012525693757822831,0.6158564814814814,True
477,102,15.083333333333334,56.00000000400001,9.0,1.035,57.96000000414001,0.0,30.0,0.71,0.5027777777777778,21.244131455399064,1.035,False,shoulder,2022-07-08 21:00:00,21,4,False,2022-07-08,-0.7071067811865477,0.7071067811865474,-0.433883739117558,-0.9009688679024191,0,0,3,27,0.4166666666666667,57.843333333000004,0.43333333333333335,59.49999999599999,0.4472222222222222,62.436111110999995,0.7222222222222222,78.162777775,0.6666666666666666,73.5,0.4324074074074075,0.01529880707577842,0.6040509259259259,True
478,102,18.0,56.00000000400001,9.0,1.035,57.96000000414001,0.0,30.0,0.71,0.6,25.35211267605634,1.035,False,shoulder,2022-07-08 22:00:00,22,4,False,2022-07-08,-0.5000000000000004,0.8660254037844384,-0.433883739117558,-0.9009688679024191,0,0,3,27,0.5027777777777778,56.00000000400001,0.4166666666666667,57.843333333000004,0.43333333333333335,59.49999999599999,0.7,73.5,0.6666666666666666,73.5,0.450925925925926,0.04567171279680438,0.5949074074074073,True
479,102,18.0,56.00000000400001,9.0,0.9239999999999999,51.744000003696016,0.0,30.0,0.71,0.6,25.35211267605634,0.9240000000000002,False,shoulder,2022-07-08 23:00:00,23,4,False,2022-07-08,-0.25881904510252157,0.9659258262890681,-0.433883739117558,-0.9009688679024191,0,0,3,27,0.6,56.00000000400001,0.5027777777777778,56.00000000400001,0.4166666666666667,57.843333333000004,0.7,73.5,0.6666666666666666,73.5,0.5064814814814816,0.09172276622311976,0.5907407407407407,True
480,102,18.0,56.00000000400001,9.0,0.9239999999999999,51.744000003696016,0.0,30.0,0.71,0.6,25.35211267605634,0.9240000000000002,False,shoulder,2022-07-09 00:00:00,0,5,True,2022-07-09,0.0,1.0,-0.9749279121818236,-0.2225209339563146,0,0,3,27,0.6,56.00000000400001,0.6,56.00000000400001,0.5027777777777778,56.00000000400001,0.7,73.5,0.6666666666666666,73.5,0.5675925925925926,0.05613127617121215,0.586574074074074,True
481,102,18.833333333333332,61.617500001,9.802499997,0.9239999999999999,56.934570000924,0.0,30.0,0.71,0.6277777777777778,26.525821596244132,0.9239999999999999,False,shoulder,2022-07-09 01:00:00,1,5,True,2022-07-09,0.25881904510252074,0.9659258262890683,-0.9749279121818236,-0.2225209339563146,0,0,3,27,0.6,56.00000000400001,0.6,56.00000000400001,0.6,56.00000000400001,0.7,73.5,0.6666666666666666,73.5,0.6,0.0,0.5824074074074074,True
482,102,19.0,63.0,9.999999996000001,0.9239999999999999,58.211999999999996,0.0,30.0,0.71,0.6333333333333333,26.760563380281692,0.9239999999999999,False,shoulder,2022-07-09 02:00:00,2,5,True,2022-07-09,0.49999999999999994,0.8660254037844387,-0.9749279121818236,-0.2225209339563146,0,0,3,27,0.6277777777777778,61.617500001,0.6,56.00000000400001,0.6,56.00000000400001,0.7,73.5,0.6666666666666666,73.5,0.6092592592592593,0.016037507477487695,0.5793981481481482,True
483,102,19.0,63.0,9.999999996000001,0.9239999999999999,58.211999999999996,0.0,30.0,0.71,0.6333333333333333,26.760563380281692,0.9239999999999999,False,shoulder,2022-07-09 03:00:00,3,5,True,2022-07-09,0.7071067811865476,0.7071067811865476,-0.9749279121818236,-0.2225209339563146,0,0,3,27,0.6333333333333333,63.0,0.6277777777777778,61.617500001,0.6,56.00000000400001,0.7,73.5,0.6666666666666666,73.5,0.6203703703703703,0.017858612520356407,0.5766203703703704,True
484,102,19.0,63.0,9.999999996000001,0.9239999999999999,58.211999999999996,0.0,30.0,0.71,0.6333333333333333,26.760563380281692,0.9239999999999999,False,shoulder,2022-07-09 04:00:00,4,5,True,2022-07-09,0.8660254037844386,0.5000000000000001,-0.9749279121818236,-0.2225209339563146,0,0,3,27,0.6333333333333333,63.0,0.6333333333333333,63.0,0.6277777777777778,61.617500001,0.7,73.5,0.6666666666666666,73.5,0.6314814814814814,0.0032075014954974276,0.5738425925925926,True
485,102,19.0,63.0,9.999999996000001,0.9239999999999999,58.211999999999996,0.0,30.0,0.71,0.6333333333333333,26.760563380281692,0.9239999999999999,False,shoulder,2022-07-09 05:00:00,5,5,True,2022-07-09,0.9659258262890683,0.25881904510252074,-0.9749279121818236,-0.2225209339563146,0,0,3,27,0.6333333333333333,63.0,0.6333333333333333,63.0,0.6333333333333333,63.0,0.7,73.5,0.6666666666666666,73.5,0.6333333333333333,0.0,0.5710648148148149,True
486,102,19.0,63.0,9.999999996000001,0.9239999999999999,58.211999999999996,0.0,30.0,0.71,0.6333333333333333,26.760563380281692,0.9239999999999999,False,shoulder,2022-07-09 06:00:00,6,5,True,2022-07-09,1.0,6.123233995736766e-17,-0.9749279121818236,-0.2225209339563146,0,0,3,27,0.6333333333333333,63.0,0.6333333333333333,63.0,0.6333333333333333,63.0,0.7,73.5,0.6666666666666666,73.5,0.6333333333333333,0.0,0.568287037037037,True
487,102,18.916666666666668,62.5975,9.942499996,1.035,64.7884125,0.0,30.0,0.71,0.6305555555555556,26.643192488262915,1.0350000000000001,False,shoulder,2022-07-09 07:00:00,7,5,True,2022-07-09,0.9659258262890683,-0.25881904510252063,-0.9749279121818236,-0.2225209339563146,0,0,3,27,0.6333333333333333,63.0,0.6333333333333333,63.0,0.6333333333333333,63.0,0.6416666666666667,65.95652777499998,0.663888888888889,73.299722222,0.6333333333333333,0.0,0.5655092592592593,True
488,102,17.75,56.00000000400001,9.0,1.035,57.96000000414001,0.0,30.0,0.71,0.5916666666666667,25.0,1.035,False,shoulder,2022-07-09 08:00:00,8,5,True,2022-07-09,0.8660254037844387,-0.4999999999999998,-0.9749279121818236,-0.2225209339563146,0,0,3,27,0.6305555555555556,62.5975,0.6333333333333333,63.0,0.6333333333333333,63.0,0.6611111111111111,68.343333333,0.6333333333333333,69.999999996,0.6324074074074074,0.0016037507477487277,0.5650462962962962,True
489,102,18.333333333333332,61.057500001,9.722499997,1.1229999999999998,68.567572501123,0.0,30.0,0.71,0.611111111111111,25.821596244131456,1.123,False,shoulder,2022-07-09 09:00:00,9,5,True,2022-07-09,0.7071067811865476,-0.7071067811865475,-0.9749279121818236,-0.2225209339563146,0,0,3,27,0.5916666666666667,56.00000000400001,0.6305555555555556,62.5975,0.6333333333333333,63.0,0.6805555555555556,75.532916664,0.6333333333333333,69.999999996,0.6185185185185187,0.023295825232238273,0.5621527777777778,True
490,102,18.166666666666668,59.884999999,9.554999998,1.1229999999999998,67.25085499887699,0.0,30.0,0.71,0.6055555555555556,25.5868544600939,1.1229999999999998,False,shoulder,2022-07-09 10:00:00,10,5,True,2022-07-09,0.49999999999999994,-0.8660254037844387,-0.9749279121818236,-0.2225209339563146,0,0,3,27,0.611111111111111,61.057500001,0.5916666666666667,56.00000000400001,0.6305555555555556,62.5975,0.5888888888888889,69.999999996,0.6555555555555556,74.472222223,0.6111111111111113,0.01944444444444291,0.5592592592592592,True
491,102,11.583333333333334,48.99999999599999,8.000000004,1.079,52.87099999568398,0.0,30.0,0.71,0.3861111111111111,16.31455399061033,1.0789999999999997,False,shoulder,2022-07-09 11:00:00,11,5,True,2022-07-09,0.258819045102521,-0.9659258262890682,-0.9749279121818236,-0.2225209339563146,0,0,3,27,0.6055555555555556,59.884999999,0.611111111111111,61.057500001,0.5916666666666667,56.00000000400001,0.5666666666666667,80.52527777600001,0.6666666666666666,77.000000004,0.6027777777777779,0.010015420209617912,0.5599537037037037,True
492,102,11.333333333333334,53.557777778,8.289444446000001,1.035,55.43230000023,0.0,30.0,0.71,0.3777777777777778,15.962441314553992,1.035,False,shoulder,2022-07-09 12:00:00,12,5,True,2022-07-09,1.2246467991473532e-16,-1.0,-0.9749279121818236,-0.2225209339563146,0,0,3,27,0.3861111111111111,48.99999999599999,0.6055555555555556,59.884999999,0.611111111111111,61.057500001,0.5666666666666667,90.999999996,0.6861111111111111,78.950277777,0.5342592592592593,0.1283301266233953,0.5524305555555555,True
493,102,10.333333333333334,48.420555553,7.417222223,1.035,50.115274997355,0.0,30.0,0.71,0.34444444444444444,14.55399061032864,1.0350000000000001,False,shoulder,2022-07-09 13:00:00,13,5,True,2022-07-09,-0.2588190451025208,-0.9659258262890683,-0.9749279121818236,-0.2225209339563146,0,0,3,27,0.3777777777777778,53.557777778,0.3861111111111111,48.99999999599999,0.6055555555555556,59.884999999,0.5444444444444444,86.706666665,0.7,80.499999996,0.45648148148148165,0.12916915569087115,0.5445601851851852,True
494,102,10.333333333333334,44.93027777499999,7.280555557000001,1.1229999999999998,50.45670194132499,0.0,30.0,0.71,0.34444444444444444,14.55399061032864,1.1229999999999998,False,shoulder,2022-07-09 14:00:00,14,5,True,2022-07-09,-0.4999999999999997,-0.8660254037844388,-0.9749279121818236,-0.2225209339563146,0,0,3,27,0.34444444444444444,48.420555553,0.3777777777777778,53.557777778,0.3861111111111111,48.99999999599999,0.5,77.000000004,0.6861111111111111,77.773888887,0.3694444444444445,0.022047927592188158,0.5362268518518518,True
495,102,12.5,58.924444441999995,9.41777778,1.1229999999999998,66.17215110836601,0.0,30.0,0.71,0.4166666666666667,17.605633802816904,1.1230000000000002,False,shoulder,2022-07-09 15:00:00,15,5,True,2022-07-09,-0.7071067811865471,-0.7071067811865479,-0.9749279121818236,-0.2225209339563146,0,0,3,27,0.34444444444444444,44.93027777499999,0.34444444444444444,48.420555553,0.3777777777777778,53.557777778,0.49166666666666664,75.43861111300001,0.6666666666666666,73.5,0.3555555555555556,0.019245008972967305,0.5297453703703704,True
496,102,13.0,66.628333337,10.036666663,1.079,71.897618337275,0.0,30.0,0.71,0.43333333333333335,18.30985915492958,1.0790847487302953,False,shoulder,2022-07-09 16:00:00,16,5,True,2022-07-09,-0.8660254037844385,-0.5000000000000004,-0.9749279121818236,-0.2225209339563146,0,0,3,27,0.4166666666666667,58.924444441999995,0.34444444444444444,44.93027777499999,0.34444444444444444,48.420555553,0.4777777777777778,71.81027777599999,0.6666666666666666,73.5,0.36851851851851863,0.04169751944146408,0.5266203703703703,True
497,102,13.0,67.281666669,9.999999996000001,1.035,69.636525002415,0.0,30.0,0.71,0.43333333333333335,18.30985915492958,1.035,False,shoulder,2022-07-09 17:00:00,17,5,True,2022-07-09,-0.9659258262890683,-0.25881904510252063,-0.9749279121818236,-0.2225209339563146,0,0,3,27,0.43333333333333335,66.628333337,0.4166666666666667,58.924444441999995,0.34444444444444444,44.93027777499999,0.4583333333333333,65.135,0.6666666666666666,73.5,0.3981481481481482,0.04724944748952295,0.5247685185185185,True
498,102,12.25,64.946388888,9.278055555,1.035,67.21951249908001,0.0,30.0,0.71,0.4083333333333333,17.253521126760564,1.0350000000000001,False,shoulder,2022-07-09 18:00:00,18,5,True,2022-07-09,-1.0,-1.8369701987210297e-16,-0.9749279121818236,-0.2225209339563146,0,0,3,27,0.43333333333333335,67.281666669,0.43333333333333335,66.628333337,0.4166666666666667,58.924444441999995,0.4472222222222222,62.436111110999995,0.6666666666666666,73.5,0.42777777777777787,0.009622504486463948,0.5237268518518519,True
499,102,12.25,61.313194442,9.241388889,1.1229999999999998,68.854717358366,0.0,30.0,0.71,0.4083333333333333,17.253521126760564,1.123,False,shoulder,2022-07-09 19:00:00,19,5,True,2022-07-09,-0.9659258262890684,0.2588190451025203,-0.9749279121818236,-0.2225209339563146,0,0,3,27,0.4083333333333333,64.946388888,0.43333333333333335,67.281666669,0.43333333333333335,66.628333337,0.43333333333333335,59.49999999599999,0.6666666666666666,73.5,0.42500000000000004,0.014433756729720523,0.5221064814814814,True
500,102,13.666666666666666,52.756666667000005,8.03666667,1.1229999999999998,59.245736667041,0.0,30.0,0.71,0.45555555555555555,19.248826291079812,1.123,False,shoulder,2022-07-09 20:00:00,20,5,True,2022-07-09,-0.8660254037844386,0.5000000000000001,-0.9749279121818236,-0.2225209339563146,0,0,3,27,0.4083333333333333,61.313194442,0.4083333333333333,64.946388888,0.43333333333333335,67.281666669,0.4166666666666667,57.843333333000004,0.6666666666666666,73.5,0.41666666666666674,0.014433756729719725,0.5210648148148148,True
501,102,16.416666666666668,48.603333335,7.443333332999998,1.035,50.304450001725,0.0,30.0,0.71,0.5472222222222223,23.122065727699532,1.035,False,shoulder,2022-07-09 21:00:00,21,5,True,2022-07-09,-0.7071067811865477,0.7071067811865474,-0.9749279121818236,-0.2225209339563146,0,0,3,27,0.45555555555555555,52.756666667000005,0.4083333333333333,61.313194442,0.4083333333333333,64.946388888,0.5027777777777778,56.00000000400001,0.6666666666666666,73.5,0.4240740740740741,0.027263762711721616,0.5226851851851851,True
502,102,16.0,45.500000004,6.999999995999999,1.035,47.09250000414,0.0,30.0,0.71,0.5333333333333333,22.535211267605636,1.035,False,shoulder,2022-07-09 22:00:00,22,5,True,2022-07-09,-0.5000000000000004,0.8660254037844384,-0.9749279121818236,-0.2225209339563146,0,0,3,27,0.5472222222222223,48.603333335,0.45555555555555555,52.756666667000005,0.4083333333333333,61.313194442,0.6,56.00000000400001,0.6666666666666666,73.5,0.4703703703703705,0.07061968505802768,0.524537037037037,True
503,102,16.0,45.500000004,6.999999995999999,0.9239999999999999,42.042000003696,0.0,30.0,0.71,0.5333333333333333,22.535211267605636,0.924,False,shoulder,2022-07-09 23:00:00,23,5,True,2022-07-09,-0.25881904510252157,0.9659258262890681,-0.9749279121818236,-0.2225209339563146,0,0,3,27,0.5333333333333333,45.500000004,0.5472222222222223,48.603333335,0.45555555555555555,52.756666667000005,0.6,56.00000000400001,0.6666666666666666,73.5,0.5120370370370372,0.04940489471093762,0.5217592592592593,True
504,102,16.0,45.500000004,6.999999995999999,0.9239999999999999,42.042000003696,0.0,30.0,0.71,0.5333333333333333,22.535211267605636,0.924,False,shoulder,2022-07-10 00:00:00,0,6,True,2022-07-10,0.0,1.0,-0.7818314824680299,0.6234898018587334,0,0,3,27,0.5333333333333333,45.500000004,0.5333333333333333,45.500000004,0.5472222222222223,48.603333335,0.6,56.00000000400001,0.6666666666666666,73.5,0.5379629629629631,0.008018753738727357,0.5189814814814815,True
505,102,16.0,45.500000004,6.999999995999999,0.9239999999999999,42.042000003696,0.0,30.0,0.71,0.5333333333333333,22.535211267605636,0.924,False,shoulder,2022-07-10 01:00:00,1,6,True,2022-07-10,0.25881904510252074,0.9659258262890683,-0.7818314824680299,0.6234898018587334,0,0,3,27,0.5333333333333333,45.500000004,0.5333333333333333,45.500000004,0.5333333333333333,45.500000004,0.6277777777777778,61.617500001,0.6666666666666666,73.5,0.5333333333333333,0.0,0.5162037037037036,True
506,102,15.583333333333334,45.500000004,6.999999995999999,0.9239999999999999,42.042000003696,0.0,30.0,0.71,0.5194444444444445,21.94835680751174,0.924,False,shoulder,2022-07-10 02:00:00,2,6,True,2022-07-10,0.49999999999999994,0.8660254037844387,-0.7818314824680299,0.6234898018587334,0,0,3,27,0.5333333333333333,45.500000004,0.5333333333333333,45.500000004,0.5333333333333333,45.500000004,0.6333333333333333,63.0,0.6666666666666666,73.5,0.5333333333333333,0.0,0.5122685185185185,True
507,102,16.0,45.500000004,6.999999995999999,0.9239999999999999,42.042000003696,0.0,30.0,0.71,0.5333333333333333,22.535211267605636,0.924,False,shoulder,2022-07-10 03:00:00,3,6,True,2022-07-10,0.7071067811865476,0.7071067811865476,-0.7818314824680299,0.6234898018587334,0,0,3,27,0.5194444444444445,45.500000004,0.5333333333333333,45.500000004,0.5333333333333333,45.500000004,0.6333333333333333,63.0,0.6666666666666666,73.5,0.5287037037037038,0.008018753738725739,0.5075231481481483,True
508,102,16.916666666666668,51.541388889000004,7.863055557000001,0.9239999999999999,47.624243333436,0.0,30.0,0.71,0.5638888888888889,23.826291079812208,0.9239999999999999,False,shoulder,2022-07-10 04:00:00,4,6,True,2022-07-10,0.8660254037844386,0.5000000000000001,-0.7818314824680299,0.6234898018587334,0,0,3,27,0.5333333333333333,45.500000004,0.5194444444444445,45.500000004,0.5333333333333333,45.500000004,0.6333333333333333,63.0,0.6666666666666666,73.5,0.5287037037037038,0.008018753738725739,0.5033564814814815,True
509,102,18.083333333333332,59.69638888499999,9.056111111,0.9239999999999999,55.15946332974,0.0,30.0,0.71,0.6027777777777777,25.469483568075116,0.9240000000000002,False,shoulder,2022-07-10 05:00:00,5,6,True,2022-07-10,0.9659258262890683,0.25881904510252074,-0.7818314824680299,0.6234898018587334,0,0,3,27,0.5638888888888889,51.541388889000004,0.5333333333333333,45.500000004,0.5194444444444445,45.500000004,0.6333333333333333,63.0,0.6666666666666666,73.5,0.538888888888889,0.022737091032972927,0.500462962962963,True
510,102,19.0,63.0,9.999999996000001,0.9239999999999999,58.211999999999996,0.0,30.0,0.71,0.6333333333333333,26.760563380281692,0.9239999999999999,False,shoulder,2022-07-10 06:00:00,6,6,True,2022-07-10,1.0,6.123233995736766e-17,-0.7818314824680299,0.6234898018587334,0,0,3,27,0.6027777777777777,59.69638888499999,0.5638888888888889,51.541388889000004,0.5333333333333333,45.500000004,0.6333333333333333,63.0,0.6777777777777777,73.5,0.5666666666666668,0.03480545579483507,0.49918981481481484,True
511,102,19.0,63.0,9.999999996000001,1.035,65.20500000000001,0.0,30.0,0.71,0.6333333333333333,26.760563380281692,1.0350000000000001,False,shoulder,2022-07-10 07:00:00,7,6,True,2022-07-10,0.9659258262890683,-0.25881904510252063,-0.7818314824680299,0.6234898018587334,0,0,3,27,0.6333333333333333,63.0,0.6027777777777777,59.69638888499999,0.5638888888888889,51.541388889000004,0.6305555555555556,62.5975,0.6777777777777777,73.5,0.6000000000000001,0.034805455794836376,0.4991898148148148,True
512,102,19.0,63.0,9.999999996000001,1.035,65.20500000000001,0.0,30.0,0.71,0.6333333333333333,26.760563380281692,1.0350000000000001,False,shoulder,2022-07-10 08:00:00,8,6,True,2022-07-10,0.8660254037844387,-0.4999999999999998,-0.7818314824680299,0.6234898018587334,0,0,3,27,0.6333333333333333,63.0,0.6333333333333333,63.0,0.6027777777777777,59.69638888499999,0.5916666666666667,56.00000000400001,0.6666666666666666,73.5,0.6231481481481481,0.017641258225237166,0.4993055555555556,True
513,102,18.833333333333332,62.025833334,9.86083333,1.1229999999999998,69.65501083408199,0.0,30.0,0.71,0.6277777777777778,26.525821596244132,1.123,False,shoulder,2022-07-10 09:00:00,9,6,True,2022-07-10,0.7071067811865476,-0.7071067811865475,-0.7818314824680299,0.6234898018587334,0,0,3,27,0.6333333333333333,63.0,0.6333333333333333,63.0,0.6333333333333333,63.0,0.611111111111111,61.057500001,0.6666666666666666,73.5,0.6333333333333333,0.0,0.5010416666666667,True
514,102,14.666666666666666,56.00000000400001,9.0,1.1229999999999998,62.88800000449199,0.0,30.0,0.71,0.4888888888888889,20.657276995305164,1.1229999999999998,False,shoulder,2022-07-10 10:00:00,10,6,True,2022-07-10,0.49999999999999994,-0.8660254037844387,-0.7818314824680299,0.6234898018587334,0,0,3,27,0.6277777777777778,62.025833334,0.6333333333333333,63.0,0.6333333333333333,63.0,0.6055555555555556,59.884999999,0.6666666666666666,73.5,0.6314814814814814,0.003207501495493643,0.5017361111111112,True
515,102,12.083333333333334,56.394722226000006,9.056388889,1.079,60.83253750408601,0.0,30.0,0.71,0.4027777777777778,17.018779342723008,1.0786920318589674,False,shoulder,2022-07-10 11:00:00,11,6,True,2022-07-10,0.258819045102521,-0.9659258262890682,-0.7818314824680299,0.6234898018587334,0,0,3,27,0.4888888888888889,56.00000000400001,0.6277777777777778,62.025833334,0.6333333333333333,63.0,0.3861111111111111,48.99999999599999,0.663888888888889,73.5,0.5833333333333334,0.08183844368142255,0.496875,True
516,102,13.0,64.069444445,9.999999996000001,1.035,66.311875000575,0.0,30.0,0.71,0.43333333333333335,18.30985915492958,1.035,False,shoulder,2022-07-10 12:00:00,12,6,True,2022-07-10,1.2246467991473532e-16,-1.0,-0.7818314824680299,0.6234898018587334,0,0,3,27,0.4027777777777778,56.394722226000006,0.4888888888888889,56.00000000400001,0.6277777777777778,62.025833334,0.3777777777777778,53.557777778,0.55,79.134999997,0.5064814814814815,0.1135269769067966,0.49756944444444445,True
517,102,13.0,66.500000004,9.999999996000001,1.035,68.82750000414,0.0,30.0,0.71,0.43333333333333335,18.30985915492958,1.0350000000000001,False,shoulder,2022-07-10 13:00:00,13,6,True,2022-07-10,-0.2588190451025208,-0.9659258262890683,-0.7818314824680299,0.6234898018587334,0,0,3,27,0.43333333333333335,64.069444445,0.4027777777777778,56.394722226000006,0.4888888888888889,56.00000000400001,0.34444444444444444,48.420555553,0.5333333333333333,80.499999996,0.4416666666666667,0.04365620457083165,0.4998842592592592,True
518,102,12.0,59.73722221899999,9.033888889,1.1229999999999998,67.08490055193701,0.0,30.0,0.71,0.4,16.901408450704228,1.1230000000000004,False,shoulder,2022-07-10 14:00:00,14,6,True,2022-07-10,-0.4999999999999997,-0.8660254037844388,-0.7818314824680299,0.6234898018587334,0,0,3,27,0.43333333333333335,66.500000004,0.43333333333333335,64.069444445,0.4027777777777778,56.394722226000006,0.34444444444444444,44.93027777499999,0.5333333333333333,80.499999996,0.4231481481481482,0.017641258225221147,0.503587962962963,True
519,102,12.25,61.24416666399999,9.249166666,1.1229999999999998,68.77719916367201,0.0,30.0,0.71,0.4083333333333333,17.253521126760564,1.1230000000000002,False,shoulder,2022-07-10 15:00:00,15,6,True,2022-07-10,-0.7071067811865471,-0.7071067811865479,-0.7818314824680299,0.6234898018587334,0,0,3,27,0.4,59.73722221899999,0.43333333333333335,66.500000004,0.43333333333333335,64.069444445,0.4166666666666667,58.924444441999995,0.5333333333333333,80.499999996,0.42222222222222233,0.01924500897297148,0.5059027777777778,True
520,102,13.583333333333334,66.546666665,10.486111111,1.079,71.635137776043,0.0,30.0,0.71,0.4527777777777778,19.131455399061036,1.0764647031331962,False,shoulder,2022-07-10 16:00:00,16,6,True,2022-07-10,-0.8660254037844385,-0.5000000000000004,-0.7818314824680299,0.6234898018587334,0,0,3,27,0.4083333333333333,61.24416666399999,0.4,59.73722221899999,0.43333333333333335,66.500000004,0.43333333333333335,66.628333337,0.5194444444444445,78.75777777500001,0.413888888888889,0.01734721666219928,0.5055555555555556,True
521,102,15.0,77.000000004,12.0,1.035,79.69500000413998,0.0,30.0,0.71,0.5,21.126760563380284,1.0349999999999997,False,shoulder,2022-07-10 17:00:00,17,6,True,2022-07-10,-0.9659258262890683,-0.25881904510252063,-0.7818314824680299,0.6234898018587334,0,0,3,27,0.4527777777777778,66.546666665,0.4083333333333333,61.24416666399999,0.4,59.73722221899999,0.43333333333333335,67.281666669,0.46944444444444444,70.32374999599999,0.4203703703703705,0.028373247122293766,0.5063657407407408,True
522,102,15.0,77.000000004,12.0,1.035,79.69500000413998,0.0,30.0,0.71,0.5,21.126760563380284,1.0349999999999997,False,shoulder,2022-07-10 18:00:00,18,6,True,2022-07-10,-1.0,-1.8369701987210297e-16,-0.7818314824680299,0.6234898018587334,0,0,3,27,0.5,77.000000004,0.4527777777777778,66.546666665,0.4083333333333333,61.24416666399999,0.4083333333333333,64.946388888,0.5166666666666667,69.999999996,0.4537037037037037,0.045840347386981554,0.5091435185185186,True
523,102,14.75,76.128888891,11.751111110999998,1.1229999999999998,85.492742224593,0.0,30.0,0.71,0.49166666666666664,20.774647887323944,1.123,False,shoulder,2022-07-10 19:00:00,19,6,True,2022-07-10,-0.9659258262890684,0.2588190451025203,-0.7818314824680299,0.6234898018587334,0,0,3,27,0.5,77.000000004,0.5,77.000000004,0.4527777777777778,66.546666665,0.4083333333333333,61.313194442,0.6666666666666666,66.882083335,0.48425925925925933,0.027263762711724353,0.512962962962963,True
524,102,14.75,73.877222225,11.553888888000001,1.1229999999999998,82.96412055867498,0.0,30.0,0.71,0.49166666666666664,20.774647887323944,1.1229999999999998,False,shoulder,2022-07-10 20:00:00,20,6,True,2022-07-10,-0.8660254037844386,0.5000000000000001,-0.7818314824680299,0.6234898018587334,0,0,3,27,0.49166666666666664,76.128888891,0.5,77.000000004,0.5,77.000000004,0.45555555555555555,52.756666667000005,0.65,64.842361113,0.49722222222222223,0.004811252243205639,0.5164351851851853,True
525,102,18.916666666666668,63.970277777,10.138611108,1.035,66.20923749919501,0.0,30.0,0.71,0.6305555555555556,26.643192488262915,1.0350000000000001,False,shoulder,2022-07-10 21:00:00,21,6,True,2022-07-10,-0.7071067811865477,0.7071067811865474,-0.7818314824680299,0.6234898018587334,0,0,3,27,0.49166666666666664,73.877222225,0.49166666666666664,76.128888891,0.5,77.000000004,0.5472222222222223,48.603333335,0.6333333333333333,63.0,0.49444444444444446,0.004811252243204793,0.5179398148148148,True
526,102,20.0,69.999999996,11.000000003999999,1.035,72.44999999585998,0.0,30.0,0.71,0.6666666666666666,28.169014084507044,1.0349999999999997,False,shoulder,2022-07-10 22:00:00,22,6,True,2022-07-10,-0.5000000000000004,0.8660254037844384,-0.7818314824680299,0.6234898018587334,0,0,3,27,0.6305555555555556,63.970277777,0.49166666666666664,73.877222225,0.49166666666666664,76.128888891,0.5333333333333333,45.500000004,0.6333333333333333,63.0,0.5379629629629631,0.08018753738744637,0.5214120370370371,True
527,102,20.0,69.999999996,11.000000003999999,0.9239999999999999,64.679999996304,0.0,30.0,0.71,0.6666666666666666,28.169014084507044,0.924,False,shoulder,2022-07-10 23:00:00,23,6,True,2022-07-10,-0.25881904510252157,0.9659258262890681,-0.7818314824680299,0.6234898018587334,0,0,3,27,0.6666666666666666,69.999999996,0.6305555555555556,63.970277777,0.49166666666666664,73.877222225,0.5333333333333333,45.500000004,0.6333333333333333,63.0,0.5962962962962964,0.09239330405253811,0.5269675925925926,True
528,102,20.0,69.999999996,11.000000003999999,0.9239999999999999,64.679999996304,0.0,30.0,0.71,0.6666666666666666,28.169014084507044,0.924,False,shoulder,2022-07-11 00:00:00,0,0,False,2022-07-11,0.0,1.0,0.0,1.0,0,0,3,27,0.6666666666666666,69.999999996,0.6666666666666666,69.999999996,0.6305555555555556,63.970277777,0.5333333333333333,45.500000004,0.6333333333333333,63.0,0.6546296296296297,0.020848759720738012,0.5325231481481482,True
529,102,20.0,69.999999996,11.000000003999999,0.9239999999999999,64.679999996304,0.0,30.0,0.71,0.6666666666666666,28.169014084507044,0.924,False,shoulder,2022-07-11 01:00:00,1,0,False,2022-07-11,0.25881904510252074,0.9659258262890683,0.0,1.0,0,0,3,27,0.6666666666666666,69.999999996,0.6666666666666666,69.999999996,0.6666666666666666,69.999999996,0.5333333333333333,45.500000004,0.6333333333333333,63.0,0.6666666666666666,0.0,0.5380787037037037,True
530,102,19.666666666666668,69.999999996,11.000000003999999,0.9239999999999999,64.679999996304,0.0,30.0,0.71,0.6555555555555556,27.699530516431928,0.924,False,shoulder,2022-07-11 02:00:00,2,0,False,2022-07-11,0.49999999999999994,0.8660254037844387,0.0,1.0,0,0,3,27,0.6666666666666666,69.999999996,0.6666666666666666,69.999999996,0.6666666666666666,69.999999996,0.5194444444444445,45.500000004,0.6222222222222222,63.0,0.6666666666666666,0.0,0.5436342592592592,True
531,102,20.0,69.999999996,11.000000003999999,0.9239999999999999,64.679999996304,0.0,30.0,0.71,0.6666666666666666,28.169014084507044,0.924,False,shoulder,2022-07-11 03:00:00,3,0,False,2022-07-11,0.7071067811865476,0.7071067811865476,0.0,1.0,0,0,3,27,0.6555555555555556,69.999999996,0.6666666666666666,69.999999996,0.6666666666666666,69.999999996,0.5333333333333333,45.500000004,0.6333333333333333,63.0,0.662962962962963,0.0064150029910029,0.5493055555555555,True
532,102,20.0,69.999999996,11.000000003999999,0.9239999999999999,64.679999996304,0.0,30.0,0.71,0.6666666666666666,28.169014084507044,0.924,False,shoulder,2022-07-11 04:00:00,4,0,False,2022-07-11,0.8660254037844386,0.5000000000000001,0.0,1.0,0,0,3,27,0.6666666666666666,69.999999996,0.6555555555555556,69.999999996,0.6666666666666666,69.999999996,0.5638888888888889,51.541388889000004,0.6333333333333333,63.0,0.6629629629629631,0.0064150029910029,0.5548611111111111,True
533,102,20.0,69.999999996,11.000000003999999,0.9239999999999999,64.679999996304,0.0,30.0,0.71,0.6666666666666666,28.169014084507044,0.924,False,shoulder,2022-07-11 05:00:00,5,0,False,2022-07-11,0.9659258262890683,0.25881904510252074,0.0,1.0,0,0,3,27,0.6666666666666666,69.999999996,0.6666666666666666,69.999999996,0.6555555555555556,69.999999996,0.6027777777777777,59.69638888499999,0.6333333333333333,63.0,0.662962962962963,0.0064150029910029,0.5591435185185185,True
534,102,20.0,69.999999996,11.000000003999999,0.9239999999999999,64.679999996304,0.0,30.0,0.71,0.6666666666666666,28.169014084507044,0.924,False,shoulder,2022-07-11 06:00:00,6,0,False,2022-07-11,1.0,6.123233995736766e-17,0.0,1.0,0,0,3,27,0.6666666666666666,69.999999996,0.6666666666666666,69.999999996,0.6666666666666666,69.999999996,0.6333333333333333,63.0,0.6333333333333333,63.0,0.6666666666666666,0.0,0.5618055555555556,True
535,102,19.75,69.02194444099999,10.860277781,1.035,71.437712496435,0.0,30.0,0.71,0.6583333333333333,27.816901408450704,1.0350000000000001,False,shoulder,2022-07-11 07:00:00,7,0,False,2022-07-11,0.9659258262890683,-0.25881904510252063,0.0,1.0,0,0,3,27,0.6666666666666666,69.999999996,0.6666666666666666,69.999999996,0.6666666666666666,69.999999996,0.6333333333333333,63.0,0.6333333333333333,63.0,0.6666666666666666,0.0,0.5631944444444444,True
536,102,17.833333333333332,58.860277779,9.40861111,1.035,60.920387501265004,0.0,30.0,0.71,0.5944444444444444,25.11737089201878,1.0350000000000001,False,shoulder,2022-07-11 08:00:00,8,0,False,2022-07-11,0.8660254037844387,-0.4999999999999998,0.0,1.0,0,0,3,27,0.6583333333333333,69.02194444099999,0.6666666666666666,69.999999996,0.6666666666666666,69.999999996,0.6333333333333333,63.0,0.6722222222222223,70.79722222400001,0.663888888888889,0.004811252243256567,0.564236111111111,True
537,102,15.5,48.99999999599999,8.000000004,1.1229999999999998,55.026999995507985,0.0,30.0,0.71,0.5166666666666667,21.83098591549296,1.1229999999999998,False,shoulder,2022-07-11 09:00:00,9,0,False,2022-07-11,0.7071067811865476,-0.7071067811865475,0.0,1.0,0,0,3,27,0.5944444444444444,58.860277779,0.6583333333333333,69.02194444099999,0.6666666666666666,69.999999996,0.6277777777777778,62.025833334,0.6916666666666667,78.079166665,0.639814814814815,0.03951220054324449,0.5626157407407407,True
538,102,15.333333333333334,48.02972221899999,7.861388892,1.1229999999999998,53.937378051936996,0.0,30.0,0.71,0.5111111111111112,21.5962441314554,1.123,False,shoulder,2022-07-11 10:00:00,10,0,False,2022-07-11,0.49999999999999994,-0.8660254037844387,0.0,1.0,0,0,3,27,0.5166666666666667,48.99999999599999,0.5944444444444444,58.860277779,0.6583333333333333,69.02194444099999,0.4888888888888889,56.00000000400001,0.7,80.499999996,0.5898148148148149,0.0709467139055196,0.5579861111111111,True
539,102,12.833333333333334,51.633750002000006,8.306388888,1.079,55.563735696533996,0.0,30.0,0.71,0.4277777777777778,18.07511737089202,1.076112730421125,False,shoulder,2022-07-11 11:00:00,11,0,False,2022-07-11,0.258819045102521,-0.9659258262890682,0.0,1.0,0,0,3,27,0.5111111111111112,48.02972221899999,0.5166666666666667,48.99999999599999,0.5944444444444444,58.860277779,0.4027777777777778,56.394722226000006,0.6833333333333333,77.190555554,0.5407407407407409,0.0465916504644755,0.558912037037037,True
540,102,11.0,52.5,8.000000004,1.035,54.337500000000006,0.0,30.0,0.71,0.36666666666666664,15.492957746478874,1.0350000000000001,False,shoulder,2022-07-11 12:00:00,12,0,False,2022-07-11,1.2246467991473532e-16,-1.0,0.0,1.0,0,0,3,27,0.4277777777777778,51.633750002000006,0.5111111111111112,48.02972221899999,0.5166666666666667,48.99999999599999,0.43333333333333335,64.069444445,0.6666666666666666,73.5875,0.4851851851851852,0.049793813554620904,0.5599537037037037,True
541,102,10.583333333333334,49.962500001,7.637500001999999,1.035,51.71118750103499,0.0,30.0,0.71,0.3527777777777778,14.906103286384978,1.0349999999999997,False,shoulder,2022-07-11 13:00:00,13,0,False,2022-07-11,-0.2588190451025208,-0.9659258262890683,0.0,1.0,0,0,3,27,0.36666666666666664,52.5,0.4277777777777778,51.633750002000006,0.5111111111111112,48.02972221899999,0.43333333333333335,66.500000004,0.6666666666666666,69.999999996,0.4351851851851853,0.07250656277944767,0.5571759259259259,True
542,102,9.0,38.499999996,6.0,1.1229999999999998,43.23549999550799,0.0,30.0,0.71,0.3,12.67605633802817,1.1229999999999998,False,shoulder,2022-07-11 14:00:00,14,0,False,2022-07-11,-0.4999999999999997,-0.8660254037844388,0.0,1.0,0,0,3,27,0.3527777777777778,49.962500001,0.36666666666666664,52.5,0.4277777777777778,51.633750002000006,0.4,59.73722221899999,0.7,73.401805556,0.38240740740740753,0.039900854493352664,0.5538194444444444,True
543,102,9.5,40.153749998,6.472499997999998,1.1229999999999998,45.09266124775401,0.0,30.0,0.71,0.31666666666666665,13.380281690140846,1.1230000000000002,False,shoulder,2022-07-11 15:00:00,15,0,False,2022-07-11,-0.7071067811865471,-0.7071067811865479,0.0,1.0,0,0,3,27,0.3,38.499999996,0.3527777777777778,49.962500001,0.36666666666666664,52.5,0.4083333333333333,61.24416666399999,0.6722222222222223,73.5,0.33981481481481485,0.03517299983928914,0.5496527777777778,True
544,102,10.0,42.0,6.999999995999999,1.079,45.318000000000005,0.0,30.0,0.71,0.3333333333333333,14.084507042253522,1.0790000000000002,False,shoulder,2022-07-11 16:00:00,16,0,False,2022-07-11,-0.8660254037844385,-0.5000000000000004,0.0,1.0,0,0,3,27,0.31666666666666665,40.153749998,0.3,38.499999996,0.3527777777777778,49.962500001,0.4527777777777778,66.546666665,0.6972222222222223,73.5,0.3231481481481482,0.026979263489489945,0.5458333333333333,True
545,102,10.0,41.023888889,6.860555551999999,1.035,42.459725000115,0.0,30.0,0.71,0.3333333333333333,14.084507042253522,1.0350000000000001,False,shoulder,2022-07-11 17:00:00,17,0,False,2022-07-11,-0.9659258262890683,-0.25881904510252063,0.0,1.0,0,0,3,27,0.3333333333333333,42.0,0.31666666666666665,40.153749998,0.3,38.499999996,0.5,77.000000004,0.675,73.5,0.3166666666666667,0.016666666666639362,0.5408564814814815,True
546,102,11.0,48.537222222,7.933888889,1.035,50.23602499976999,0.0,30.0,0.71,0.36666666666666664,15.492957746478874,1.035,False,shoulder,2022-07-11 18:00:00,18,0,False,2022-07-11,-1.0,-1.8369701987210297e-16,0.0,1.0,0,0,3,27,0.3333333333333333,41.023888889,0.3333333333333333,42.0,0.31666666666666665,40.153749998,0.5,77.000000004,0.7027777777777777,76.994166665,0.3277777777777778,0.009622504486448186,0.533912037037037,True
547,102,10.916666666666666,48.61111110699999,7.9444444480000005,1.1229999999999998,54.59027777316099,0.0,30.0,0.71,0.3638888888888889,15.375586854460094,1.123,False,shoulder,2022-07-11 19:00:00,19,0,False,2022-07-11,-0.9659258262890684,0.2588190451025203,0.0,1.0,0,0,3,27,0.36666666666666664,48.537222222,0.3333333333333333,41.023888889,0.3333333333333333,42.0,0.49166666666666664,76.128888891,0.7,73.5,0.3444444444444445,0.01924500897296602,0.5283564814814815,True
548,102,11.666666666666666,53.277777781000005,8.61111111,1.1229999999999998,59.83094444806299,0.0,30.0,0.71,0.3888888888888889,16.431924882629108,1.1229999999999998,False,shoulder,2022-07-11 20:00:00,20,0,False,2022-07-11,-0.8660254037844386,0.5000000000000001,0.0,1.0,0,0,3,27,0.3638888888888889,48.61111110699999,0.36666666666666664,48.537222222,0.3333333333333333,41.023888889,0.49166666666666664,73.877222225,0.6916666666666667,71.75194444499999,0.3546296296296297,0.01849535588464341,0.5230324074074074,True
549,102,12.416666666666666,57.463194446,9.361944443,1.035,59.47440625160999,0.0,30.0,0.71,0.41388888888888886,17.488262910798124,1.0349999999999997,False,shoulder,2022-07-11 21:00:00,21,0,False,2022-07-11,-0.7071067811865477,0.7071067811865474,0.0,1.0,0,0,3,27,0.3888888888888889,53.277777781000005,0.3638888888888889,48.61111110699999,0.36666666666666664,48.537222222,0.6305555555555556,63.970277777,0.7,73.5,0.37314814814814823,0.013702452395295831,0.51875,True
550,102,16.666666666666668,60.863055552999995,10.194722220000001,1.035,62.99326249735499,0.0,30.0,0.71,0.5555555555555556,23.47417840375587,1.035,False,shoulder,2022-07-11 22:00:00,22,0,False,2022-07-11,-0.5000000000000004,0.8660254037844384,0.0,1.0,0,0,3,27,0.41388888888888886,57.463194446,0.3888888888888889,53.277777781000005,0.3638888888888889,48.61111110699999,0.6666666666666666,69.999999996,0.7,73.5,0.388888888888889,0.02499999999998612,0.5097222222222222,True
551,102,18.833333333333332,59.49999999599999,9.999999996000001,0.9239999999999999,54.977999996304,0.0,30.0,0.71,0.6277777777777778,26.525821596244132,0.9240000000000002,False,shoulder,2022-07-11 23:00:00,23,0,False,2022-07-11,-0.25881904510252157,0.9659258262890681,0.0,1.0,0,0,3,27,0.5555555555555556,60.863055552999995,0.41388888888888886,57.463194446,0.3888888888888889,53.277777781000005,0.6666666666666666,69.999999996,0.7,73.5,0.4527777777777778,0.08988160937423854,0.5050925925925925,True
552,102,18.833333333333332,59.49999999599999,9.999999996000001,0.9239999999999999,54.977999996304,0.0,30.0,0.71,0.6277777777777778,26.525821596244132,0.9240000000000002,False,shoulder,2022-07-12 00:00:00,0,1,False,2022-07-12,0.0,1.0,0.7818314824680298,0.6234898018587336,0,0,3,27,0.6277777777777778,59.49999999599999,0.5555555555555556,60.863055552999995,0.41388888888888886,57.463194446,0.6666666666666666,69.999999996,0.7,73.5,0.5324074074074074,0.10880713106017943,0.5034722222222222,True
553,102,19.0,59.49999999599999,9.999999996000001,0.9239999999999999,54.977999996304,0.0,30.0,0.71,0.6333333333333333,26.760563380281692,0.9240000000000002,False,shoulder,2022-07-12 01:00:00,1,1,False,2022-07-12,0.25881904510252074,0.9659258262890683,0.7818314824680298,0.6234898018587336,0,0,3,27,0.6277777777777778,59.49999999599999,0.6277777777777778,59.49999999599999,0.5555555555555556,60.863055552999995,0.6666666666666666,69.999999996,0.7,73.5,0.6037037037037037,0.04169751944147227,0.5018518518518519,True
554,102,19.0,59.49999999599999,9.999999996000001,0.9239999999999999,54.977999996304,0.0,30.0,0.71,0.6333333333333333,26.760563380281692,0.9240000000000002,False,shoulder,2022-07-12 02:00:00,2,1,False,2022-07-12,0.49999999999999994,0.8660254037844387,0.7818314824680298,0.6234898018587336,0,0,3,27,0.6333333333333333,59.49999999599999,0.6277777777777778,59.49999999599999,0.6277777777777778,59.49999999599999,0.6555555555555556,69.999999996,0.6861111111111111,73.5,0.6296296296296297,0.003207501495500737,0.500462962962963,True
555,102,19.0,59.49999999599999,9.999999996000001,0.9239999999999999,54.977999996304,0.0,30.0,0.71,0.6333333333333333,26.760563380281692,0.9240000000000002,False,shoulder,2022-07-12 03:00:00,3,1,False,2022-07-12,0.7071067811865476,0.7071067811865476,0.7818314824680298,0.6234898018587336,0,0,3,27,0.6333333333333333,59.49999999599999,0.6333333333333333,59.49999999599999,0.6277777777777778,59.49999999599999,0.6666666666666666,69.999999996,0.7,73.5,0.6314814814814814,0.0032075014955015623,0.49953703703703706,True
556,102,19.0,59.49999999599999,9.999999996000001,0.9239999999999999,54.977999996304,0.0,30.0,0.71,0.6333333333333333,26.760563380281692,0.9240000000000002,False,shoulder,2022-07-12 04:00:00,4,1,False,2022-07-12,0.8660254037844386,0.5000000000000001,0.7818314824680298,0.6234898018587336,0,0,3,27,0.6333333333333333,59.49999999599999,0.6333333333333333,59.49999999599999,0.6333333333333333,59.49999999599999,0.6666666666666666,69.999999996,0.7,73.5,0.6333333333333333,0.0,0.4981481481481482,True
557,102,19.0,59.49999999599999,9.999999996000001,0.9239999999999999,54.977999996304,0.0,30.0,0.71,0.6333333333333333,26.760563380281692,0.9240000000000002,False,shoulder,2022-07-12 05:00:00,5,1,False,2022-07-12,0.9659258262890683,0.25881904510252074,0.7818314824680298,0.6234898018587336,0,0,3,27,0.6333333333333333,59.49999999599999,0.6333333333333333,59.49999999599999,0.6333333333333333,59.49999999599999,0.6666666666666666,69.999999996,0.7,73.5,0.6333333333333333,0.0,0.4967592592592593,True
558,102,18.25,56.970277779,9.277222220999999,0.9239999999999999,52.64053666779601,0.0,30.0,0.71,0.6083333333333333,25.704225352112676,0.9240000000000003,False,shoulder,2022-07-12 06:00:00,6,1,False,2022-07-12,1.0,6.123233995736766e-17,0.7818314824680298,0.6234898018587336,0,0,3,27,0.6333333333333333,59.49999999599999,0.6333333333333333,59.49999999599999,0.6333333333333333,59.49999999599999,0.6666666666666666,69.999999996,0.7,73.5,0.6333333333333333,0.0,0.4953703703703704,True
559,102,17.25,50.934722221,8.276388892000002,1.035,52.71743749873498,0.0,30.0,0.71,0.575,24.295774647887324,1.0349999999999997,False,shoulder,2022-07-12 07:00:00,7,1,False,2022-07-12,0.9659258262890683,-0.25881904510252063,0.7818314824680298,0.6234898018587336,0,0,3,27,0.6083333333333333,56.970277779,0.6333333333333333,59.49999999599999,0.6333333333333333,59.49999999599999,0.6583333333333333,69.02194444099999,0.6555555555555556,68.331666663,0.625,0.01443375672974089,0.4929398148148148,True
560,102,16.25,43.621666665999996,7.231666664999999,1.035,45.14842499931,0.0,30.0,0.71,0.5416666666666666,22.887323943661972,1.0350000000000001,False,shoulder,2022-07-12 08:00:00,8,1,False,2022-07-12,0.8660254037844387,-0.4999999999999998,0.7818314824680298,0.6234898018587336,0,0,3,27,0.575,50.934722221,0.6083333333333333,56.970277779,0.6333333333333333,59.49999999599999,0.5944444444444444,58.860277779,0.6611111111111111,68.76236111,0.6055555555555555,0.029265704869034643,0.4894675925925926,True
561,102,16.416666666666668,46.271944442,7.610277778999999,1.1156666666666666,51.60406027506201,0.0,30.0,0.71,0.5472222222222223,23.122065727699532,1.1152343152500455,False,shoulder,2022-07-12 09:00:00,9,1,False,2022-07-12,0.7071067811865476,-0.7071067811865475,0.7818314824680298,0.6234898018587336,0,0,3,27,0.5416666666666666,43.621666665999996,0.575,50.934722221,0.6083333333333333,56.970277779,0.5166666666666667,48.99999999599999,0.7333333333333333,84.0,0.5750000000000001,0.033333333333331425,0.48726851851851855,True
562,102,13.833333333333334,56.52111111,9.074444441999999,1.1229999999999998,63.47320777653,0.0,30.0,0.71,0.46111111111111114,19.483568075117372,1.123,False,shoulder,2022-07-12 10:00:00,10,1,False,2022-07-12,0.49999999999999994,-0.8660254037844387,0.7818314824680298,0.6234898018587336,0,0,3,27,0.5472222222222223,46.271944442,0.5416666666666666,43.621666665999996,0.575,50.934722221,0.5111111111111112,48.02972221899999,0.7333333333333333,84.0,0.5546296296296297,0.017858612520352275,0.48854166666666665,True
563,102,13.0,63.0,9.999999996000001,1.079,67.977,0.0,30.0,0.71,0.43333333333333335,18.30985915492958,1.079,False,shoulder,2022-07-12 11:00:00,11,1,False,2022-07-12,0.258819045102521,-0.9659258262890682,0.7818314824680298,0.6234898018587336,0,0,3,27,0.46111111111111114,56.52111111,0.5472222222222223,46.271944442,0.5416666666666666,43.621666665999996,0.4277777777777778,51.633750002000006,0.7416666666666667,85.567222222,0.5166666666666667,0.04819264325804566,0.4864583333333334,True
564,102,13.0,63.0,9.999999996000001,1.035,65.20500000000001,0.0,30.0,0.71,0.43333333333333335,18.30985915492958,1.0350000000000001,False,shoulder,2022-07-12 12:00:00,12,1,False,2022-07-12,1.2246467991473532e-16,-1.0,0.7818314824680298,0.6234898018587336,0,0,3,27,0.43333333333333335,63.0,0.46111111111111114,56.52111111,0.5472222222222223,46.271944442,0.36666666666666664,52.5,0.7555555555555556,90.999999996,0.4805555555555557,0.05938210646230789,0.4866898148148148,True
565,102,13.0,63.0,9.999999996000001,1.035,65.20500000000001,0.0,30.0,0.71,0.43333333333333335,18.30985915492958,1.0350000000000001,False,shoulder,2022-07-12 13:00:00,13,1,False,2022-07-12,-0.2588190451025208,-0.9659258262890683,0.7818314824680298,0.6234898018587336,0,0,3,27,0.43333333333333335,63.0,0.43333333333333335,63.0,0.46111111111111114,56.52111111,0.3527777777777778,49.962500001,0.7138888888888889,86.134999999,0.44259259259259265,0.016037507477475094,0.4894675925925926,True
566,102,13.0,63.0,9.999999996000001,1.1229999999999998,70.749,0.0,30.0,0.71,0.43333333333333335,18.30985915492958,1.123,False,shoulder,2022-07-12 14:00:00,14,1,False,2022-07-12,-0.4999999999999997,-0.8660254037844388,0.7818314824680298,0.6234898018587336,0,0,3,27,0.43333333333333335,63.0,0.43333333333333335,63.0,0.43333333333333335,63.0,0.3,38.499999996,0.7388888888888889,81.85527777499999,0.43333333333333335,0.0,0.4928240740740741,True
567,102,13.0,63.0,9.999999996000001,1.1229999999999998,70.749,0.0,30.0,0.71,0.43333333333333335,18.30985915492958,1.123,False,shoulder,2022-07-12 15:00:00,15,1,False,2022-07-12,-0.7071067811865471,-0.7071067811865479,0.7818314824680298,0.6234898018587336,0,0,3,27,0.43333333333333335,63.0,0.43333333333333335,63.0,0.43333333333333335,63.0,0.31666666666666665,40.153749998,0.725,78.934722219,0.43333333333333335,0.0,0.4983796296296296,True
568,102,13.833333333333334,65.82041667,10.805833335999997,1.079,70.990327920234,0.0,30.0,0.71,0.46111111111111114,19.483568075117372,1.078545708334757,False,shoulder,2022-07-12 16:00:00,16,1,False,2022-07-12,-0.8660254037844385,-0.5000000000000004,0.7818314824680298,0.6234898018587336,0,0,3,27,0.43333333333333335,63.0,0.43333333333333335,63.0,0.43333333333333335,63.0,0.3333333333333333,42.0,0.7,73.5,0.43333333333333335,0.0,0.5032407407407408,True
569,102,14.0,66.500000004,11.000000003999999,1.035,68.82750000414,0.0,30.0,0.71,0.4666666666666667,19.71830985915493,1.0350000000000001,False,shoulder,2022-07-12 17:00:00,17,1,False,2022-07-12,-0.9659258262890683,-0.25881904510252063,0.7818314824680298,0.6234898018587336,0,0,3,27,0.46111111111111114,65.82041667,0.43333333333333335,63.0,0.43333333333333335,63.0,0.3333333333333333,41.023888889,0.7333333333333333,80.280277774,0.44259259259259265,0.016037507477475052,0.5085648148148147,True
570,102,12.0,53.065833336000004,9.080833336,1.035,54.92313750276001,0.0,30.0,0.71,0.4,16.901408450704228,1.0350000000000001,False,shoulder,2022-07-12 18:00:00,18,1,False,2022-07-12,-1.0,-1.8369701987210297e-16,0.7818314824680298,0.6234898018587336,0,0,3,27,0.4666666666666667,66.500000004,0.46111111111111114,65.82041667,0.43333333333333335,63.0,0.36666666666666664,48.537222222,0.7222222222222222,80.499999996,0.4537037037037038,0.01785861252034498,0.5141203703703704,True
571,102,11.5,48.618888891000005,8.445555558,1.1229999999999998,54.599012224593,0.0,30.0,0.71,0.38333333333333336,16.19718309859155,1.1229999999999998,False,shoulder,2022-07-12 19:00:00,19,1,False,2022-07-12,-0.9659258262890684,0.2588190451025203,0.7818314824680298,0.6234898018587336,0,0,3,27,0.4,53.065833336000004,0.4666666666666667,66.500000004,0.46111111111111114,65.82041667,0.3638888888888889,48.61111110699999,0.7222222222222222,78.93277777499999,0.44259259259259265,0.03699071176932364,0.5155092592592593,True
572,102,13.0,59.49999999599999,9.999999996000001,1.1229999999999998,66.818499995508,0.0,30.0,0.71,0.43333333333333335,18.30985915492958,1.1230000000000002,False,shoulder,2022-07-12 20:00:00,20,1,False,2022-07-12,-0.8660254037844386,0.5000000000000001,0.7818314824680298,0.6234898018587336,0,0,3,27,0.38333333333333336,48.618888891000005,0.4,53.065833336000004,0.4666666666666667,66.500000004,0.3888888888888889,53.277777781000005,0.7,73.5,0.41666666666666674,0.044095855184403815,0.5163194444444444,True
573,102,14.166666666666666,53.868888888,9.195555555,1.035,55.754299999080004,0.0,30.0,0.71,0.4722222222222222,19.953051643192488,1.0350000000000001,False,shoulder,2022-07-12 21:00:00,21,1,False,2022-07-12,-0.7071067811865477,0.7071067811865474,0.7818314824680298,0.6234898018587336,0,0,3,27,0.43333333333333335,59.49999999599999,0.38333333333333336,48.618888891000005,0.4,53.065833336000004,0.41388888888888886,57.463194446,0.7,73.5,0.40555555555555567,0.025458753860854808,0.5181712962962962,True
574,102,18.0,52.5,9.0,1.035,54.337500000000006,0.0,30.0,0.71,0.6,25.35211267605634,1.0350000000000001,False,shoulder,2022-07-12 22:00:00,22,1,False,2022-07-12,-0.5000000000000004,0.8660254037844384,0.7818314824680298,0.6234898018587336,0,0,3,27,0.4722222222222222,53.868888888,0.43333333333333335,59.49999999599999,0.38333333333333336,48.618888891000005,0.5555555555555556,60.863055552999995,0.6805555555555556,72.51805555600001,0.42962962962962975,0.04456003487227574,0.5206018518518519,True
575,102,18.5,55.805555553999994,9.472222221,0.9239999999999999,51.564333331896,0.0,30.0,0.71,0.6166666666666667,26.056338028169016,0.9240000000000002,False,shoulder,2022-07-12 23:00:00,23,1,False,2022-07-12,-0.25881904510252157,0.9659258262890681,0.7818314824680298,0.6234898018587336,0,0,3,27,0.6,52.5,0.4722222222222222,53.868888888,0.43333333333333335,59.49999999599999,0.6277777777777778,59.49999999599999,0.6666666666666666,66.500000004,0.5018518518518519,0.08719449901476524,0.5224537037037037,True
576,102,19.0,59.49999999599999,9.999999996000001,0.9239999999999999,54.977999996304,0.0,30.0,0.71,0.6333333333333333,26.760563380281692,0.9240000000000002,False,shoulder,2022-07-13 00:00:00,0,2,False,2022-07-13,0.0,1.0,0.9749279121818236,-0.22252093395631434,0,0,3,27,0.6166666666666667,55.805555553999994,0.6,52.5,0.4722222222222222,53.868888888,0.6277777777777778,59.49999999599999,0.6666666666666666,66.500000004,0.562962962962963,0.0790244010864874,0.5219907407407408,True
577,102,19.166666666666668,60.472222218999995,10.138888886,0.9239999999999999,55.876333330356,0.0,30.0,0.71,0.638888888888889,26.99530516431925,0.924,False,shoulder,2022-07-13 01:00:00,1,2,False,2022-07-13,0.25881904510252074,0.9659258262890683,0.9749279121818236,-0.22252093395631434,0,0,3,27,0.6333333333333333,59.49999999599999,0.6166666666666667,55.805555553999994,0.6,52.5,0.6333333333333333,59.49999999599999,0.6666666666666666,66.500000004,0.6166666666666667,0.016666666666665924,0.5222222222222223,True
578,102,20.0,66.500000004,11.000000003999999,0.9239999999999999,61.446000003696,0.0,30.0,0.71,0.6666666666666666,28.169014084507044,0.924,False,shoulder,2022-07-13 02:00:00,2,2,False,2022-07-13,0.49999999999999994,0.8660254037844387,0.9749279121818236,-0.22252093395631434,0,0,3,27,0.638888888888889,60.472222218999995,0.6333333333333333,59.49999999599999,0.6166666666666667,55.805555553999994,0.6333333333333333,59.49999999599999,0.6666666666666666,66.500000004,0.6296296296296298,0.011564811108145593,0.5224537037037037,True
579,102,20.0,66.500000004,11.000000003999999,0.9239999999999999,61.446000003696,0.0,30.0,0.71,0.6666666666666666,28.169014084507044,0.924,False,shoulder,2022-07-13 03:00:00,3,2,False,2022-07-13,0.7071067811865476,0.7071067811865476,0.9749279121818236,-0.22252093395631434,0,0,3,27,0.6666666666666666,66.500000004,0.638888888888889,60.472222218999995,0.6333333333333333,59.49999999599999,0.6333333333333333,59.49999999599999,0.6666666666666666,66.500000004,0.6462962962962964,0.017858612520358853,0.5238425925925926,True
580,102,18.416666666666668,56.007777779,9.501111112999999,0.9239999999999999,51.75118666779601,0.0,30.0,0.71,0.6138888888888889,25.93896713615024,0.9240000000000002,False,shoulder,2022-07-13 04:00:00,4,2,False,2022-07-13,0.8660254037844386,0.5000000000000001,0.9749279121818236,-0.22252093395631434,0,0,3,27,0.6666666666666666,66.500000004,0.6666666666666666,66.500000004,0.638888888888889,60.472222218999995,0.6333333333333333,59.49999999599999,0.6666666666666666,66.500000004,0.6574074074074074,0.01603750747749226,0.5252314814814815,True
581,102,17.0,45.500000004,8.000000004,0.9239999999999999,42.042000003696,0.0,30.0,0.71,0.5666666666666667,23.943661971830988,0.924,False,shoulder,2022-07-13 05:00:00,5,2,False,2022-07-13,0.9659258262890683,0.25881904510252074,0.9749279121818236,-0.22252093395631434,0,0,3,27,0.6138888888888889,56.007777779,0.6666666666666666,66.500000004,0.6666666666666666,66.500000004,0.6333333333333333,59.49999999599999,0.6666666666666666,66.500000004,0.6490740740740741,0.030471264207231254,0.5244212962962963,True
582,102,16.583333333333332,45.500000004,8.000000004,0.9239999999999999,42.042000003696,0.0,30.0,0.71,0.5527777777777777,23.356807511737088,0.924,False,shoulder,2022-07-13 06:00:00,6,2,False,2022-07-13,1.0,6.123233995736766e-17,0.9749279121818236,-0.22252093395631434,0,0,3,27,0.5666666666666667,45.500000004,0.6138888888888889,56.007777779,0.6666666666666666,66.500000004,0.6083333333333333,56.970277779,0.6777777777777777,66.500000004,0.6157407407407408,0.05002571355274081,0.5216435185185185,True
583,102,16.916666666666668,45.103333337,7.943333337000001,1.035,46.681950003794995,0.0,30.0,0.71,0.5638888888888889,23.826291079812208,1.035,False,shoulder,2022-07-13 07:00:00,7,2,False,2022-07-13,0.9659258262890683,-0.25881904510252063,0.9749279121818236,-0.22252093395631434,0,0,3,27,0.5527777777777777,45.500000004,0.5666666666666667,45.500000004,0.6138888888888889,56.007777779,0.575,50.934722221,0.6444444444444444,63.181805555,0.5777777777777778,0.0320348960963057,0.5193287037037038,True
584,102,16.666666666666668,42.783611111000006,7.611944445000001,1.035,44.281037499885,0.0,30.0,0.71,0.5555555555555556,23.47417840375587,1.035,False,shoulder,2022-07-13 08:00:00,8,2,False,2022-07-13,0.8660254037844387,-0.4999999999999998,0.9749279121818236,-0.22252093395631434,0,0,3,27,0.5638888888888889,45.103333337,0.5527777777777777,45.500000004,0.5666666666666667,45.500000004,0.5416666666666666,43.621666665999996,0.6416666666666667,60.489722220999994,0.5611111111111111,0.007349309197389287,0.5188657407407408,True
585,102,17.916666666666668,54.644722220999995,9.306388888,1.1229999999999998,61.366023054183,0.0,30.0,0.71,0.5972222222222222,25.23474178403756,1.1230000000000002,False,shoulder,2022-07-13 09:00:00,9,2,False,2022-07-13,0.7071067811865476,-0.7071067811865475,0.9749279121818236,-0.22252093395631434,0,0,3,27,0.5555555555555556,42.783611111000006,0.5638888888888889,45.103333337,0.5527777777777777,45.500000004,0.5472222222222223,46.271944442,0.7,73.291944444,0.5574074074074075,0.005782405554055916,0.5194444444444445,True
586,102,16.583333333333332,59.49999999599999,9.999999996000001,1.1229999999999998,66.818499995508,0.0,30.0,0.71,0.5527777777777777,23.356807511737088,1.1230000000000002,False,shoulder,2022-07-13 10:00:00,10,2,False,2022-07-13,0.49999999999999994,-0.8660254037844387,0.9749279121818236,-0.22252093395631434,0,0,3,27,0.5972222222222222,54.644722220999995,0.5555555555555556,42.783611111000006,0.5638888888888889,45.103333337,0.46111111111111114,56.52111111,0.6944444444444444,73.5,0.5722222222222223,0.02204792759220157,0.5215277777777778,True
587,102,15.0,72.96333333300001,11.923333333,1.079,78.703823332959,0.0,30.0,0.71,0.5,21.126760563380284,1.0786763671248374,False,shoulder,2022-07-13 11:00:00,11,2,False,2022-07-13,0.258819045102521,-0.9659258262890682,0.9749279121818236,-0.22252093395631434,0,0,3,27,0.5527777777777777,59.49999999599999,0.5972222222222222,54.644722220999995,0.5555555555555556,42.783611111000006,0.43333333333333335,63.0,0.6916666666666667,73.5,0.5685185185185185,0.024896906777309318,0.5253472222222223,True
588,102,15.0,73.5,12.0,1.035,76.07249999999999,0.0,30.0,0.71,0.5,21.126760563380284,1.035,False,shoulder,2022-07-13 12:00:00,12,2,False,2022-07-13,1.2246467991473532e-16,-1.0,0.9749279121818236,-0.22252093395631434,0,0,3,27,0.5,72.96333333300001,0.5527777777777777,59.49999999599999,0.5972222222222222,54.644722220999995,0.43333333333333335,63.0,0.7,73.5,0.55,0.04867059852204008,0.5281250000000001,True
589,102,13.166666666666666,61.242222221,10.248888887,1.035,63.38569999873499,0.0,30.0,0.71,0.4388888888888889,18.544600938967136,1.035,False,shoulder,2022-07-13 13:00:00,13,2,False,2022-07-13,-0.2588190451025208,-0.9659258262890683,0.9749279121818236,-0.22252093395631434,0,0,3,27,0.5,73.5,0.5,72.96333333300001,0.5527777777777777,59.49999999599999,0.43333333333333335,63.0,0.6777777777777777,73.5,0.5175925925925927,0.030471264207224968,0.5309027777777778,True
590,102,14.333333333333334,52.5,9.0,1.1229999999999998,58.9575,0.0,30.0,0.71,0.4777777777777778,20.187793427230048,1.123,False,shoulder,2022-07-13 14:00:00,14,2,False,2022-07-13,-0.4999999999999997,-0.8660254037844388,0.9749279121818236,-0.22252093395631434,0,0,3,27,0.4388888888888889,61.242222221,0.5,73.5,0.5,72.96333333300001,0.43333333333333335,63.0,0.6583333333333333,73.5,0.4796296296296297,0.03528251645047088,0.5311342592592593,True
591,102,13.583333333333334,59.700277779000004,10.028611112999998,1.1229999999999998,67.04341194581701,0.0,30.0,0.71,0.4527777777777778,19.131455399061036,1.1230000000000002,False,shoulder,2022-07-13 15:00:00,15,2,False,2022-07-13,-0.7071067811865471,-0.7071067811865479,0.9749279121818236,-0.22252093395631434,0,0,3,27,0.4777777777777778,52.5,0.4388888888888889,61.242222221,0.5,73.5,0.43333333333333335,63.0,0.7138888888888889,79.15055555299999,0.4722222222222223,0.03093202423793707,0.532986111111111,True
592,102,14.0,66.500000004,11.000000003999999,1.079,71.75350000431601,0.0,30.0,0.71,0.4666666666666667,19.71830985915493,1.0790000000000002,False,shoulder,2022-07-13 16:00:00,16,2,False,2022-07-13,-0.8660254037844385,-0.5000000000000004,0.9749279121818236,-0.22252093395631434,0,0,3,27,0.4527777777777778,59.700277779000004,0.4777777777777778,52.5,0.4388888888888889,61.242222221,0.46111111111111114,65.82041667,0.7138888888888889,76.599444443,0.45648148148148154,0.019707219123869208,0.5337962962962962,True
593,102,14.0,66.500000004,11.000000003999999,1.035,68.82750000414,0.0,30.0,0.71,0.4666666666666667,19.71830985915493,1.0350000000000001,False,shoulder,2022-07-13 17:00:00,17,2,False,2022-07-13,-0.9659258262890683,-0.25881904510252063,0.9749279121818236,-0.22252093395631434,0,0,3,27,0.4666666666666667,66.500000004,0.4527777777777778,59.700277779000004,0.4777777777777778,52.5,0.4666666666666667,66.500000004,0.6527777777777778,66.27833333400001,0.46574074074074084,0.012525693757822046,0.5340277777777778,True
594,102,13.916666666666666,66.09750000400001,10.942500004,1.035,68.41091250414001,0.0,30.0,0.71,0.46388888888888885,19.600938967136152,1.0350000000000001,False,shoulder,2022-07-13 18:00:00,18,2,False,2022-07-13,-1.0,-1.8369701987210297e-16,0.9749279121818236,-0.22252093395631434,0,0,3,27,0.4666666666666667,66.500000004,0.4666666666666667,66.500000004,0.4527777777777778,59.700277779000004,0.4,53.065833336000004,0.6277777777777778,64.56138889100001,0.4620370370370371,0.008018753738713894,0.5340277777777778,True
595,102,14.333333333333334,66.706111111,11.029444444,1.1229999999999998,74.910962777653,0.0,30.0,0.71,0.4777777777777778,20.187793427230048,1.123,False,shoulder,2022-07-13 19:00:00,19,2,False,2022-07-13,-0.9659258262890684,0.2588190451025203,0.9749279121818236,-0.22252093395631434,0,0,3,27,0.46388888888888885,66.09750000400001,0.4666666666666667,66.500000004,0.4666666666666667,66.500000004,0.38333333333333336,48.618888891000005,0.5805555555555556,55.875555555,0.4657407407407408,0.0016037507475979706,0.5366898148148148,True
596,102,15.333333333333334,75.644722221,12.306388888000003,1.1229999999999998,84.949023054183,0.0,30.0,0.71,0.5111111111111112,21.5962441314554,1.123,False,shoulder,2022-07-13 20:00:00,20,2,False,2022-07-13,-0.8660254037844386,0.5000000000000001,0.9749279121818236,-0.22252093395631434,0,0,3,27,0.4777777777777778,66.706111111,0.46388888888888885,66.09750000400001,0.4666666666666667,66.500000004,0.43333333333333335,59.49999999599999,0.625,57.569166663999994,0.46944444444444455,0.00734930919736951,0.540625,True
597,102,16.166666666666668,70.559999998,11.579999998,1.035,73.02959999792998,0.0,30.0,0.71,0.538888888888889,22.769953051643196,1.0349999999999997,False,shoulder,2022-07-13 21:00:00,21,2,False,2022-07-13,-0.7071067811865477,0.7071067811865474,0.9749279121818236,-0.22252093395631434,0,0,3,27,0.5111111111111112,75.644722221,0.4777777777777778,66.706111111,0.46388888888888885,66.09750000400001,0.4722222222222222,53.868888888,0.6333333333333333,59.49999999599999,0.48425925925925933,0.024269152633474896,0.5438657407407408,True
598,102,18.5,59.49999999599999,9.999999996000001,1.035,61.58249999585998,0.0,30.0,0.71,0.6166666666666667,26.056338028169016,1.035,False,shoulder,2022-07-13 22:00:00,22,2,False,2022-07-13,-0.5000000000000004,0.8660254037844384,0.9749279121818236,-0.22252093395631434,0,0,3,27,0.538888888888889,70.559999998,0.5111111111111112,75.644722221,0.4777777777777778,66.706111111,0.6,52.5,0.6333333333333333,59.49999999599999,0.5092592592592594,0.030597614151583803,0.5466435185185184,True
599,102,18.5,59.49999999599999,9.999999996000001,0.9332499999999998,55.528374996267004,0.0,30.0,0.71,0.6166666666666667,26.056338028169016,0.9332500000000001,False,shoulder,2022-07-13 23:00:00,23,2,False,2022-07-13,-0.25881904510252157,0.9659258262890681,0.9749279121818236,-0.22252093395631434,0,0,3,27,0.6166666666666667,59.49999999599999,0.538888888888889,70.559999998,0.5111111111111112,75.644722221,0.6166666666666667,55.805555553999994,0.6333333333333333,59.49999999599999,0.5555555555555557,0.054715876676643106,0.547337962962963,True
600,102,17.666666666666668,56.77194444199999,9.610277775,0.9239999999999999,52.45727666440801,0.0,30.0,0.71,0.5888888888888889,24.882629107981224,0.9240000000000004,False,shoulder,2022-07-14 00:00:00,0,3,False,2022-07-14,0.0,1.0,0.43388373911755823,-0.900968867902419,0,0,3,27,0.6166666666666667,59.49999999599999,0.6166666666666667,59.49999999599999,0.538888888888889,70.559999998,0.6333333333333333,59.49999999599999,0.6333333333333333,59.49999999599999,0.5907407407407409,0.04490502093696977,0.547337962962963,True
601,102,18.0,52.5,9.0,0.9239999999999999,48.51000000000002,0.0,30.0,0.71,0.6,25.35211267605634,0.9240000000000004,False,shoulder,2022-07-14 01:00:00,1,3,False,2022-07-14,0.25881904510252074,0.9659258262890683,0.43388373911755823,-0.900968867902419,0,0,3,27,0.5888888888888889,56.77194444199999,0.6166666666666667,59.49999999599999,0.6166666666666667,59.49999999599999,0.638888888888889,60.472222218999995,0.6333333333333333,59.49999999599999,0.6074074074074075,0.016037507477488118,0.5454861111111111,True
602,102,18.916666666666668,59.218055551999996,9.959722219000001,0.9239999999999999,54.717483330048,0.0,30.0,0.71,0.6305555555555556,26.643192488262915,0.924,False,shoulder,2022-07-14 02:00:00,2,3,False,2022-07-14,0.49999999999999994,0.8660254037844387,0.43388373911755823,-0.900968867902419,0,0,3,27,0.6,52.5,0.5888888888888889,56.77194444199999,0.6166666666666667,59.49999999599999,0.6666666666666666,66.500000004,0.6222222222222222,59.49999999599999,0.601851851851852,0.013981174880128712,0.5438657407407407,True
603,102,19.416666666666668,59.49999999599999,9.999999996000001,0.9239999999999999,54.977999996304,0.0,30.0,0.71,0.6472222222222223,27.34741784037559,0.9240000000000002,False,shoulder,2022-07-14 03:00:00,3,3,False,2022-07-14,0.7071067811865476,0.7071067811865476,0.43388373911755823,-0.900968867902419,0,0,3,27,0.6305555555555556,59.218055551999996,0.6,52.5,0.5888888888888889,56.77194444199999,0.6666666666666666,66.500000004,0.6333333333333333,59.49999999599999,0.6064814814814815,0.02157625962542672,0.5423611111111112,True
604,102,19.0,59.49999999599999,9.999999996000001,0.9239999999999999,54.977999996304,0.0,30.0,0.71,0.6333333333333333,26.760563380281692,0.9240000000000002,False,shoulder,2022-07-14 04:00:00,4,3,False,2022-07-14,0.8660254037844386,0.5000000000000001,0.43388373911755823,-0.900968867902419,0,0,3,27,0.6472222222222223,59.49999999599999,0.6305555555555556,59.218055551999996,0.6,52.5,0.6138888888888889,56.007777779,0.6333333333333333,59.49999999599999,0.6259259259259261,0.023949105845143866,0.541550925925926,True
605,102,19.0,59.49999999599999,9.999999996000001,0.9239999999999999,54.977999996304,0.0,30.0,0.71,0.6333333333333333,26.760563380281692,0.9240000000000002,False,shoulder,2022-07-14 05:00:00,5,3,False,2022-07-14,0.9659258262890683,0.25881904510252074,0.43388373911755823,-0.900968867902419,0,0,3,27,0.6333333333333333,59.49999999599999,0.6472222222222223,59.49999999599999,0.6305555555555556,59.218055551999996,0.5666666666666667,45.500000004,0.6333333333333333,59.49999999599999,0.6370370370370372,0.008929306260181215,0.5423611111111112,True
606,102,19.0,59.49999999599999,9.999999996000001,0.9239999999999999,54.977999996304,0.0,30.0,0.71,0.6333333333333333,26.760563380281692,0.9240000000000002,False,shoulder,2022-07-14 06:00:00,6,3,False,2022-07-14,1.0,6.123233995736766e-17,0.43388373911755823,-0.900968867902419,0,0,3,27,0.6333333333333333,59.49999999599999,0.6333333333333333,59.49999999599999,0.6472222222222223,59.49999999599999,0.5527777777777777,45.500000004,0.6333333333333333,59.49999999599999,0.6379629629629631,0.008018753738747879,0.545138888888889,True
607,102,19.0,59.49999999599999,9.999999996000001,1.035,61.58249999585998,0.0,30.0,0.71,0.6333333333333333,26.760563380281692,1.035,False,shoulder,2022-07-14 07:00:00,7,3,False,2022-07-14,0.9659258262890683,-0.25881904510252063,0.43388373911755823,-0.900968867902419,0,0,3,27,0.6333333333333333,59.49999999599999,0.6333333333333333,59.49999999599999,0.6333333333333333,59.49999999599999,0.5638888888888889,45.103333337,0.6166666666666667,57.74902777799999,0.6333333333333333,0.0,0.5484953703703703,True
608,102,19.583333333333332,63.392777777999996,10.556111111999998,1.035,65.61152500023,0.0,30.0,0.71,0.6527777777777778,27.582159624413144,1.0350000000000001,False,shoulder,2022-07-14 08:00:00,8,3,False,2022-07-14,0.8660254037844387,-0.4999999999999998,0.43388373911755823,-0.900968867902419,0,0,3,27,0.6333333333333333,59.49999999599999,0.6333333333333333,59.49999999599999,0.6333333333333333,59.49999999599999,0.5555555555555556,42.783611111000006,0.6166666666666667,59.49999999599999,0.6333333333333333,0.0,0.5513888888888889,True
609,102,20.0,66.500000004,11.000000003999999,1.1229999999999998,74.67950000449201,0.0,30.0,0.71,0.6666666666666666,28.169014084507044,1.1230000000000002,False,shoulder,2022-07-14 09:00:00,9,3,False,2022-07-14,0.7071067811865476,-0.7071067811865475,0.43388373911755823,-0.900968867902419,0,0,3,27,0.6527777777777778,63.392777777999996,0.6333333333333333,59.49999999599999,0.6333333333333333,59.49999999599999,0.5972222222222222,54.644722220999995,0.586111111111111,55.601388887,0.639814814814815,0.011226255234245178,0.5554398148148149,True
610,102,18.416666666666668,68.448333336,11.278333336000001,1.1229999999999998,76.86747833632802,0.0,30.0,0.71,0.6138888888888889,25.93896713615024,1.1230000000000002,False,shoulder,2022-07-14 10:00:00,10,3,False,2022-07-14,0.49999999999999994,-0.8660254037844387,0.43388373911755823,-0.900968867902419,0,0,3,27,0.6666666666666666,66.500000004,0.6527777777777778,63.392777777999996,0.6333333333333333,59.49999999599999,0.5527777777777777,59.49999999599999,0.5777777777777777,52.5,0.650925925925926,0.016743649370396345,0.5583333333333333,True
611,102,16.0,80.499999996,12.999999996000001,1.079,86.85949999568399,0.0,30.0,0.71,0.5333333333333333,22.535211267605636,1.079,False,shoulder,2022-07-14 11:00:00,11,3,False,2022-07-14,0.258819045102521,-0.9659258262890682,0.43388373911755823,-0.900968867902419,0,0,3,27,0.6138888888888889,68.448333336,0.6666666666666666,66.500000004,0.6527777777777778,63.392777777999996,0.5,72.96333333300001,0.611111111111111,58.144722218999995,0.6444444444444445,0.027357938338323756,0.5608796296296297,True
612,102,15.416666666666666,76.603333332,12.443333331999998,1.035,79.28444999861999,0.0,30.0,0.71,0.5138888888888888,21.71361502347418,1.0349999999999997,False,shoulder,2022-07-14 12:00:00,12,3,False,2022-07-14,1.2246467991473532e-16,-1.0,0.43388373911755823,-0.900968867902419,0,0,3,27,0.5333333333333333,80.499999996,0.6138888888888889,68.448333336,0.6666666666666666,66.500000004,0.5,73.5,0.5972222222222222,59.49999999599999,0.6046296296296297,0.0671471879974658,0.5622685185185186,True
613,102,14.416666666666666,69.601388891,11.443055557999998,1.035,72.037437502185,0.0,30.0,0.71,0.4805555555555555,20.305164319248828,1.035,False,shoulder,2022-07-14 13:00:00,13,3,False,2022-07-14,-0.2588190451025208,-0.9659258262890683,0.43388373911755823,-0.900968867902419,0,0,3,27,0.5138888888888888,76.603333332,0.5333333333333333,80.499999996,0.6138888888888889,68.448333336,0.4388888888888889,61.242222221,0.6166666666666667,56.381111109,0.5537037037037038,0.05302088260081422,0.5628472222222222,True
614,102,13.0,59.752777773999995,10.036111107,1.1229999999999998,67.10236944020201,0.0,30.0,0.71,0.43333333333333335,18.30985915492958,1.1230000000000002,False,shoulder,2022-07-14 14:00:00,14,3,False,2022-07-14,-0.4999999999999997,-0.8660254037844388,0.43388373911755823,-0.900968867902419,0,0,3,27,0.4805555555555555,69.601388891,0.5138888888888888,76.603333332,0.5333333333333333,80.499999996,0.4777777777777778,52.5,0.5666666666666667,45.500000004,0.5092592592592594,0.02669173204702931,0.5645833333333333,True
615,102,12.75,57.75194444099999,9.750277775000002,1.1229999999999998,64.855433607243,0.0,30.0,0.71,0.425,17.95774647887324,1.1230000000000002,False,shoulder,2022-07-14 15:00:00,15,3,False,2022-07-14,-0.7071067811865471,-0.7071067811865479,0.43388373911755823,-0.900968867902419,0,0,3,27,0.43333333333333335,59.752777773999995,0.4805555555555555,69.601388891,0.5138888888888888,76.603333332,0.4527777777777778,59.700277779000004,0.5666666666666667,45.500000004,0.47592592592592603,0.04047683887850224,0.5627314814814816,True
616,102,12.333333333333334,54.831388888,9.333055554,1.079,59.231085276760005,0.0,30.0,0.71,0.41111111111111115,17.370892018779344,1.080240469519146,False,shoulder,2022-07-14 16:00:00,16,3,False,2022-07-14,-0.8660254037844385,-0.5000000000000004,0.43388373911755823,-0.900968867902419,0,0,3,27,0.425,57.75194444099999,0.43333333333333335,59.752777773999995,0.4805555555555555,69.601388891,0.4666666666666667,66.500000004,0.5777777777777777,50.569166668,0.44629629629629636,0.029960536458070952,0.5615740740740741,True
617,102,14.166666666666666,67.297222221,11.113888887,1.035,69.65262499873498,0.0,30.0,0.71,0.4722222222222222,19.953051643192488,1.0349999999999997,False,shoulder,2022-07-14 17:00:00,17,3,False,2022-07-14,-0.9659258262890683,-0.25881904510252063,0.43388373911755823,-0.900968867902419,0,0,3,27,0.41111111111111115,54.831388888,0.425,57.75194444099999,0.43333333333333335,59.752777773999995,0.4666666666666667,66.500000004,0.6194444444444444,56.38888888699999,0.4231481481481483,0.011226255234214296,0.5592592592592592,True
618,102,14.0,66.711944445,11.030277777999999,1.035,69.046862500575,0.0,30.0,0.71,0.4666666666666667,19.71830985915493,1.0350000000000001,False,shoulder,2022-07-14 18:00:00,18,3,False,2022-07-14,-1.0,-1.8369701987210297e-16,0.43388373911755823,-0.900968867902419,0,0,3,27,0.4722222222222222,67.297222221,0.41111111111111115,54.831388888,0.425,57.75194444099999,0.46388888888888885,66.09750000400001,0.6416666666666667,63.571666667,0.43611111111111117,0.0320348960962984,0.5594907407407408,True
619,102,13.75,64.557500002,10.722500001000002,1.1156666666666666,72.01040583555002,0.0,30.0,0.71,0.4583333333333333,19.366197183098592,1.1154460106621094,False,shoulder,2022-07-14 19:00:00,19,3,False,2022-07-14,-0.9659258262890684,0.2588190451025203,0.43388373911755823,-0.900968867902419,0,0,3,27,0.4666666666666667,66.711944445,0.4722222222222222,67.297222221,0.41111111111111115,54.831388888,0.4777777777777778,66.706111111,0.6694444444444444,67.303055555,0.45,0.03379312516831516,0.5596064814814815,True
620,102,14.25,68.436666669,11.276666668999997,1.1229999999999998,76.854376669287,0.0,30.0,0.71,0.475,20.070422535211268,1.123,False,shoulder,2022-07-14 20:00:00,20,3,False,2022-07-14,-0.8660254037844386,0.5000000000000001,0.43388373911755823,-0.900968867902419,0,0,3,27,0.4583333333333333,64.557500002,0.4666666666666667,66.711944445,0.4722222222222222,67.297222221,0.5111111111111112,75.644722221,0.7,73.5,0.4657407407407408,0.006990587440028976,0.5587962962962963,True
621,102,16.666666666666668,73.186944444,11.955277778,1.035,75.74848749953999,0.0,30.0,0.71,0.5555555555555556,23.47417840375587,1.0349999999999997,False,shoulder,2022-07-14 21:00:00,21,3,False,2022-07-14,-0.7071067811865477,0.7071067811865474,0.43388373911755823,-0.900968867902419,0,0,3,27,0.475,68.436666669,0.4583333333333333,64.557500002,0.4666666666666667,66.711944445,0.538888888888889,70.559999998,0.7222222222222222,78.162777775,0.46666666666666673,0.008333333333302863,0.5572916666666666,True
622,102,19.0,73.5,12.0,1.035,76.07249999999999,0.0,30.0,0.71,0.6333333333333333,26.760563380281692,1.035,False,shoulder,2022-07-14 22:00:00,22,3,False,2022-07-14,-0.5000000000000004,0.8660254037844384,0.43388373911755823,-0.900968867902419,0,0,3,27,0.5555555555555556,73.186944444,0.475,68.436666669,0.4583333333333333,64.557500002,0.6166666666666667,59.49999999599999,0.7,73.5,0.4962962962962963,0.05199220422727918,0.5579861111111112,True
623,102,18.333333333333332,69.212500001,11.387500002,0.9239999999999999,63.952350000924,0.0,30.0,0.71,0.611111111111111,25.821596244131456,0.924,False,shoulder,2022-07-14 23:00:00,23,3,False,2022-07-14,-0.25881904510252157,0.9659258262890681,0.43388373911755823,-0.900968867902419,0,0,3,27,0.6333333333333333,73.5,0.5555555555555556,73.186944444,0.475,68.436666669,0.6166666666666667,59.49999999599999,0.7,73.5,0.5546296296296297,0.0791707276411307,0.5586805555555555,True
624,102,17.0,59.49999999599999,9.999999996000001,0.9239999999999999,54.977999996304,0.0,30.0,0.71,0.5666666666666667,23.943661971830988,0.9240000000000002,False,shoulder,2022-07-15 00:00:00,0,4,False,2022-07-15,0.0,1.0,-0.433883739117558,-0.9009688679024191,0,0,3,27,0.611111111111111,69.212500001,0.6333333333333333,73.5,0.5555555555555556,73.186944444,0.5888888888888889,56.77194444199999,0.7,73.5,0.6,0.040061680838487476,0.5584490740740741,True
625,102,17.0,59.49999999599999,9.999999996000001,0.9239999999999999,54.977999996304,0.0,30.0,0.71,0.5666666666666667,23.943661971830988,0.9240000000000002,False,shoulder,2022-07-15 01:00:00,1,4,False,2022-07-15,0.25881904510252074,0.9659258262890683,-0.433883739117558,-0.9009688679024191,0,0,3,27,0.5666666666666667,59.49999999599999,0.611111111111111,69.212500001,0.6333333333333333,73.5,0.6,52.5,0.7,73.5,0.6037037037037037,0.03394500514781969,0.5575231481481481,True
626,102,17.0,59.49999999599999,9.999999996000001,0.9239999999999999,54.977999996304,0.0,30.0,0.71,0.5666666666666667,23.943661971830988,0.9240000000000002,False,shoulder,2022-07-15 02:00:00,2,4,False,2022-07-15,0.49999999999999994,0.8660254037844387,-0.433883739117558,-0.9009688679024191,0,0,3,27,0.5666666666666667,59.49999999599999,0.5666666666666667,59.49999999599999,0.611111111111111,69.212500001,0.6305555555555556,59.218055551999996,0.7,73.5,0.5814814814814815,0.025660011963980198,0.5561342592592592,True
627,102,17.0,59.49999999599999,9.999999996000001,0.9239999999999999,54.977999996304,0.0,30.0,0.71,0.5666666666666667,23.943661971830988,0.9240000000000002,False,shoulder,2022-07-15 03:00:00,3,4,False,2022-07-15,0.7071067811865476,0.7071067811865476,-0.433883739117558,-0.9009688679024191,0,0,3,27,0.5666666666666667,59.49999999599999,0.5666666666666667,59.49999999599999,0.5666666666666667,59.49999999599999,0.6472222222222223,59.49999999599999,0.7,73.5,0.5666666666666667,0.0,0.5534722222222223,True
628,102,17.0,59.49999999599999,9.999999996000001,0.9239999999999999,54.977999996304,0.0,30.0,0.71,0.5666666666666667,23.943661971830988,0.9240000000000002,False,shoulder,2022-07-15 04:00:00,4,4,False,2022-07-15,0.8660254037844386,0.5000000000000001,-0.433883739117558,-0.9009688679024191,0,0,3,27,0.5666666666666667,59.49999999599999,0.5666666666666667,59.49999999599999,0.5666666666666667,59.49999999599999,0.6333333333333333,59.49999999599999,0.7,73.5,0.5666666666666667,0.0,0.5501157407407408,True
629,102,17.0,59.49999999599999,9.999999996000001,0.9239999999999999,54.977999996304,0.0,30.0,0.71,0.5666666666666667,23.943661971830988,0.9240000000000002,False,shoulder,2022-07-15 05:00:00,5,4,False,2022-07-15,0.9659258262890683,0.25881904510252074,-0.433883739117558,-0.9009688679024191,0,0,3,27,0.5666666666666667,59.49999999599999,0.5666666666666667,59.49999999599999,0.5666666666666667,59.49999999599999,0.6333333333333333,59.49999999599999,0.7,73.5,0.5666666666666667,0.0,0.547337962962963,True
630,102,17.0,59.49999999599999,9.999999996000001,0.9239999999999999,54.977999996304,0.0,30.0,0.71,0.5666666666666667,23.943661971830988,0.9240000000000002,False,shoulder,2022-07-15 06:00:00,6,4,False,2022-07-15,1.0,6.123233995736766e-17,-0.433883739117558,-0.9009688679024191,0,0,3,27,0.5666666666666667,59.49999999599999,0.5666666666666667,59.49999999599999,0.5666666666666667,59.49999999599999,0.6333333333333333,59.49999999599999,0.7,73.5,0.5666666666666667,0.0,0.5445601851851852,True
631,102,18.0,66.192777781,10.956111114999997,1.035,68.50952500333501,0.0,30.0,0.71,0.6,25.35211267605634,1.0350000000000001,False,shoulder,2022-07-15 07:00:00,7,4,False,2022-07-15,0.9659258262890683,-0.25881904510252063,-0.433883739117558,-0.9009688679024191,0,0,3,27,0.5666666666666667,59.49999999599999,0.5666666666666667,59.49999999599999,0.5666666666666667,59.49999999599999,0.6333333333333333,59.49999999599999,0.6416666666666667,65.95652777499998,0.5666666666666667,0.0,0.5417824074074075,True
632,102,19.25,72.850555554,11.907222221000001,1.035,75.40032499838999,0.0,30.0,0.71,0.6416666666666667,27.112676056338028,1.035,False,shoulder,2022-07-15 08:00:00,8,4,False,2022-07-15,0.8660254037844387,-0.4999999999999998,-0.433883739117558,-0.9009688679024191,0,0,3,27,0.6,66.192777781,0.5666666666666667,59.49999999599999,0.5666666666666667,59.49999999599999,0.6527777777777778,63.392777777999996,0.6611111111111111,68.343333333,0.5777777777777778,0.01924500897298301,0.5403935185185185,True
633,102,21.75,90.410833335,14.415833334999999,1.1229999999999998,101.53136583520501,0.0,30.0,0.71,0.725,30.63380281690141,1.123,False,shoulder,2022-07-15 09:00:00,9,4,False,2022-07-15,0.7071067811865476,-0.7071067811865475,-0.433883739117558,-0.9009688679024191,0,0,3,27,0.6416666666666667,72.850555554,0.6,66.192777781,0.5666666666666667,59.49999999599999,0.6666666666666666,66.500000004,0.6805555555555556,75.532916664,0.6027777777777779,0.0375770812735229,0.5399305555555556,True
634,102,21.0,87.500000004,14.000000003999999,1.1229999999999998,98.26250000449198,0.0,30.0,0.71,0.7,29.577464788732396,1.1229999999999998,False,shoulder,2022-07-15 10:00:00,10,4,False,2022-07-15,0.49999999999999994,-0.8660254037844387,-0.433883739117558,-0.9009688679024191,0,0,3,27,0.725,90.410833335,0.6416666666666667,72.850555554,0.6,66.192777781,0.6138888888888889,68.448333336,0.5888888888888889,69.999999996,0.6555555555555556,0.06364688465216496,0.5423611111111111,True
635,102,19.916666666666668,83.029722223,13.361388891,1.079,89.78576250098101,0.0,30.0,0.71,0.663888888888889,28.051643192488267,1.0813689374972946,False,shoulder,2022-07-15 11:00:00,11,4,False,2022-07-15,0.258819045102521,-0.9659258262890682,-0.433883739117558,-0.9009688679024191,0,0,3,27,0.7,87.500000004,0.725,90.410833335,0.6416666666666667,72.850555554,0.5333333333333333,80.499999996,0.5666666666666667,80.52527777600001,0.688888888888889,0.04276334532872597,0.545949074074074,True
636,102,20.666666666666668,80.499999996,12.999999996000001,1.035,83.31749999585999,0.0,30.0,0.71,0.6888888888888889,29.10798122065728,1.035,False,shoulder,2022-07-15 12:00:00,12,4,False,2022-07-15,1.2246467991473532e-16,-1.0,-0.433883739117558,-0.9009688679024191,0,0,3,27,0.663888888888889,83.029722223,0.7,87.500000004,0.725,90.410833335,0.5138888888888888,76.603333332,0.5666666666666667,90.999999996,0.6962962962962963,0.030723444487108727,0.5513888888888888,True
637,102,20.666666666666668,71.538055556,11.719722222999998,1.035,74.04188750045999,0.0,30.0,0.71,0.6888888888888889,29.10798122065728,1.035,False,shoulder,2022-07-15 13:00:00,13,4,False,2022-07-15,-0.2588190451025208,-0.9659258262890683,-0.433883739117558,-0.9009688679024191,0,0,3,27,0.6888888888888889,80.499999996,0.663888888888889,83.029722223,0.7,87.500000004,0.4805555555555555,69.601388891,0.5444444444444444,86.706666665,0.6842592592592593,0.01849535588466911,0.5586805555555555,True
638,102,20.0,66.500000004,11.000000003999999,1.1229999999999998,74.67950000449201,0.0,30.0,0.71,0.6666666666666666,28.169014084507044,1.1230000000000002,False,shoulder,2022-07-15 14:00:00,14,4,False,2022-07-15,-0.4999999999999997,-0.8660254037844388,-0.433883739117558,-0.9009688679024191,0,0,3,27,0.6888888888888889,71.538055556,0.6888888888888889,80.499999996,0.663888888888889,83.029722223,0.43333333333333335,59.752777773999995,0.5,77.000000004,0.6805555555555557,0.014433756729745562,0.5673611111111111,True
639,102,19.833333333333332,66.500000004,11.000000003999999,1.1229999999999998,74.67950000449201,0.0,30.0,0.71,0.6611111111111111,27.934272300469484,1.1230000000000002,False,shoulder,2022-07-15 15:00:00,15,4,False,2022-07-15,-0.7071067811865471,-0.7071067811865479,-0.433883739117558,-0.9009688679024191,0,0,3,27,0.6666666666666666,66.500000004,0.6888888888888889,71.538055556,0.6888888888888889,80.499999996,0.425,57.75194444099999,0.49166666666666664,75.43861111300001,0.6814814814814815,0.012830005981997402,0.5770833333333333,True
640,102,18.75,66.342500004,10.977500004,1.079,71.59048750431602,0.0,30.0,0.71,0.625,26.408450704225352,1.0791044579266624,False,shoulder,2022-07-15 16:00:00,16,4,False,2022-07-15,-0.8660254037844385,-0.5000000000000004,-0.433883739117558,-0.9009688679024191,0,0,3,27,0.6611111111111111,66.500000004,0.6666666666666666,66.500000004,0.6888888888888889,71.538055556,0.41111111111111115,54.831388888,0.4777777777777778,71.81027777599999,0.6722222222222222,0.014698618394807312,0.5869212962962963,True
641,102,17.75,59.49999999599999,9.999999996000001,1.035,61.58249999585998,0.0,30.0,0.71,0.5916666666666667,25.0,1.035,False,shoulder,2022-07-15 17:00:00,17,4,False,2022-07-15,-0.9659258262890683,-0.25881904510252063,-0.433883739117558,-0.9009688679024191,0,0,3,27,0.625,66.342500004,0.6611111111111111,66.500000004,0.6666666666666666,66.500000004,0.4722222222222222,67.297222221,0.4583333333333333,65.135,0.650925925925926,0.022623688375687474,0.5958333333333333,True
642,102,17.916666666666668,62.805555555,10.472222222,1.035,65.00374999942501,0.0,30.0,0.71,0.5972222222222222,25.23474178403756,1.0350000000000001,False,shoulder,2022-07-15 18:00:00,18,4,False,2022-07-15,-1.0,-1.8369701987210297e-16,-0.433883739117558,-0.9009688679024191,0,0,3,27,0.5916666666666667,59.49999999599999,0.625,66.342500004,0.6611111111111111,66.500000004,0.4666666666666667,66.711944445,0.4472222222222222,62.436111110999995,0.625925925925926,0.03473148024724234,0.6008101851851851,True
643,102,19.25,66.107222226,10.943888892999999,1.1229999999999998,74.23841055979801,0.0,30.0,0.71,0.6416666666666667,27.112676056338028,1.123,False,shoulder,2022-07-15 19:00:00,19,4,False,2022-07-15,-0.9659258262890684,0.2588190451025203,-0.433883739117558,-0.9009688679024191,0,0,3,27,0.5972222222222222,62.805555555,0.5916666666666667,59.49999999599999,0.625,66.342500004,0.4583333333333333,64.557500002,0.43333333333333335,59.49999999599999,0.6046296296296297,0.01785861252035486,0.60625,True
644,102,16.916666666666668,53.863055555,9.194722222,1.1229999999999998,60.488211388265,0.0,30.0,0.71,0.5638888888888889,23.826291079812208,1.123,False,shoulder,2022-07-15 20:00:00,20,4,False,2022-07-15,-0.8660254037844386,0.5000000000000001,-0.433883739117558,-0.9009688679024191,0,0,3,27,0.6416666666666667,66.107222226,0.5972222222222222,62.805555555,0.5916666666666667,59.49999999599999,0.475,68.436666669,0.4166666666666667,57.843333333000004,0.6101851851851853,0.02740490479064451,0.6138888888888889,True
645,102,17.25,54.640833332,9.305833332,1.035,56.553262498619986,0.0,30.0,0.71,0.575,24.295774647887324,1.0349999999999997,False,shoulder,2022-07-15 21:00:00,21,4,False,2022-07-15,-0.7071067811865477,0.7071067811865474,-0.433883739117558,-0.9009688679024191,0,0,3,27,0.5638888888888889,53.863055555,0.6416666666666667,66.107222226,0.5972222222222222,62.805555555,0.5555555555555556,73.186944444,0.5027777777777778,56.00000000400001,0.600925925925926,0.03902093982537931,0.6175925925925926,True
646,102,19.916666666666668,66.16361111500001,10.951944447999997,1.035,68.47933750402501,0.0,30.0,0.71,0.663888888888889,28.051643192488267,1.035,False,shoulder,2022-07-15 22:00:00,22,4,False,2022-07-15,-0.5000000000000004,0.8660254037844384,-0.433883739117558,-0.9009688679024191,0,0,3,27,0.575,54.640833332,0.5638888888888889,53.863055555,0.6416666666666667,66.107222226,0.6333333333333333,73.5,0.6,56.00000000400001,0.5935185185185186,0.042065987746667366,0.6184027777777777,True
647,102,20.0,66.500000004,11.000000003999999,0.9239999999999999,61.446000003696,0.0,30.0,0.71,0.6666666666666666,28.169014084507044,0.924,False,shoulder,2022-07-15 23:00:00,23,4,False,2022-07-15,-0.25881904510252157,0.9659258262890681,-0.433883739117558,-0.9009688679024191,0,0,3,27,0.663888888888889,66.16361111500001,0.575,54.640833332,0.5638888888888889,53.863055555,0.611111111111111,69.212500001,0.6,56.00000000400001,0.600925925925926,0.05480980958129082,0.6196759259259259,True
648,102,20.0,66.500000004,11.000000003999999,0.9239999999999999,61.446000003696,0.0,30.0,0.71,0.6666666666666666,28.169014084507044,0.924,False,shoulder,2022-07-16 00:00:00,0,5,True,2022-07-16,0.0,1.0,-0.9749279121818236,-0.2225209339563146,0,0,3,27,0.6666666666666666,66.500000004,0.663888888888889,66.16361111500001,0.575,54.640833332,0.5666666666666667,59.49999999599999,0.6,56.00000000400001,0.6351851851851852,0.05214040083444845,0.6219907407407407,True
649,102,20.25,66.500000004,11.000000003999999,0.9239999999999999,61.446000003696,0.0,30.0,0.71,0.675,28.52112676056338,0.924,False,shoulder,2022-07-16 01:00:00,1,5,True,2022-07-16,0.25881904510252074,0.9659258262890683,-0.9749279121818236,-0.2225209339563146,0,0,3,27,0.6666666666666666,66.500000004,0.6666666666666666,66.500000004,0.663888888888889,66.16361111500001,0.5666666666666667,59.49999999599999,0.6277777777777778,61.617500001,0.6657407407407409,0.0016037507477719183,0.6261574074074074,True
650,102,20.0,66.500000004,11.000000003999999,0.9239999999999999,61.446000003696,0.0,30.0,0.71,0.6666666666666666,28.169014084507044,0.924,False,shoulder,2022-07-16 02:00:00,2,5,True,2022-07-16,0.49999999999999994,0.8660254037844387,-0.9749279121818236,-0.2225209339563146,0,0,3,27,0.675,66.500000004,0.6666666666666666,66.500000004,0.6666666666666666,66.500000004,0.5666666666666667,59.49999999599999,0.6333333333333333,63.0,0.6694444444444446,0.004811252243255646,0.6306712962962963,True
651,102,20.0,66.500000004,11.000000003999999,0.9239999999999999,61.446000003696,0.0,30.0,0.71,0.6666666666666666,28.169014084507044,0.924,False,shoulder,2022-07-16 03:00:00,3,5,True,2022-07-16,0.7071067811865476,0.7071067811865476,-0.9749279121818236,-0.2225209339563146,0,0,3,27,0.6666666666666666,66.500000004,0.675,66.500000004,0.6666666666666666,66.500000004,0.5666666666666667,59.49999999599999,0.6333333333333333,63.0,0.6694444444444444,0.004811252243255646,0.6348379629629629,True
652,102,19.25,63.969305557,10.276944443000001,0.9239999999999999,59.107638334667996,0.0,30.0,0.71,0.6416666666666667,27.112676056338028,0.9239999999999999,False,shoulder,2022-07-16 04:00:00,4,5,True,2022-07-16,0.8660254037844386,0.5000000000000001,-0.9749279121818236,-0.2225209339563146,0,0,3,27,0.6666666666666666,66.500000004,0.6666666666666666,66.500000004,0.675,66.500000004,0.5666666666666667,59.49999999599999,0.6333333333333333,63.0,0.6694444444444446,0.004811252243255646,0.6390046296296296,True
653,102,19.0,63.0,9.999999996000001,0.9239999999999999,58.211999999999996,0.0,30.0,0.71,0.6333333333333333,26.760563380281692,0.9239999999999999,False,shoulder,2022-07-16 05:00:00,5,5,True,2022-07-16,0.9659258262890683,0.25881904510252074,-0.9749279121818236,-0.2225209339563146,0,0,3,27,0.6416666666666667,63.969305557,0.6666666666666666,66.500000004,0.6666666666666666,66.500000004,0.5666666666666667,59.49999999599999,0.6333333333333333,63.0,0.6583333333333333,0.014433756729742377,0.6421296296296296,True
654,102,19.0,63.0,9.999999996000001,0.9239999999999999,58.211999999999996,0.0,30.0,0.71,0.6333333333333333,26.760563380281692,0.9239999999999999,False,shoulder,2022-07-16 06:00:00,6,5,True,2022-07-16,1.0,6.123233995736766e-17,-0.9749279121818236,-0.2225209339563146,0,0,3,27,0.6333333333333333,63.0,0.6416666666666667,63.969305557,0.6666666666666666,66.500000004,0.5666666666666667,59.49999999599999,0.6333333333333333,63.0,0.6472222222222223,0.01734721666221831,0.6449074074074074,True
655,102,19.0,63.0,9.999999996000001,1.035,65.20500000000001,0.0,30.0,0.71,0.6333333333333333,26.760563380281692,1.0350000000000001,False,shoulder,2022-07-16 07:00:00,7,5,True,2022-07-16,0.9659258262890683,-0.25881904510252063,-0.9749279121818236,-0.2225209339563146,0,0,3,27,0.6333333333333333,63.0,0.6333333333333333,63.0,0.6416666666666667,63.969305557,0.6,66.192777781,0.6305555555555556,62.5975,0.6361111111111112,0.004811252243245664,0.6476851851851851,True
656,102,19.0,63.0,9.999999996000001,1.035,65.20500000000001,0.0,30.0,0.71,0.6333333333333333,26.760563380281692,1.0350000000000001,False,shoulder,2022-07-16 08:00:00,8,5,True,2022-07-16,0.8660254037844387,-0.4999999999999998,-0.9749279121818236,-0.2225209339563146,0,0,3,27,0.6333333333333333,63.0,0.6333333333333333,63.0,0.6333333333333333,63.0,0.6416666666666667,72.850555554,0.5916666666666667,56.00000000400001,0.6333333333333333,0.0,0.649074074074074,True
657,102,18.166666666666668,58.714444443,9.387777775999998,1.1156666666666666,65.47432110948898,0.0,30.0,0.71,0.6055555555555556,25.5868544600939,1.115131408133334,False,shoulder,2022-07-16 09:00:00,9,5,True,2022-07-16,0.7071067811865476,-0.7071067811865475,-0.9749279121818236,-0.2225209339563146,0,0,3,27,0.6333333333333333,63.0,0.6333333333333333,63.0,0.6333333333333333,63.0,0.725,90.410833335,0.611111111111111,61.057500001,0.6333333333333333,0.0,0.6487268518518519,True
658,102,17.416666666666668,53.666666668000005,8.666666667,1.1229999999999998,60.26766666816399,0.0,30.0,0.71,0.5805555555555556,24.530516431924884,1.1229999999999998,False,shoulder,2022-07-16 10:00:00,10,5,True,2022-07-16,0.49999999999999994,-0.8660254037844387,-0.9749279121818236,-0.2225209339563146,0,0,3,27,0.6055555555555556,58.714444443,0.6333333333333333,63.0,0.6333333333333333,63.0,0.7,87.500000004,0.6055555555555556,59.884999999,0.6240740740740741,0.01603750747748818,0.6437499999999999,True
659,102,16.583333333333332,54.053611113,8.721944445,1.079,58.238205279723005,0.0,30.0,0.71,0.5527777777777777,23.356807511737088,1.0774156264597206,False,shoulder,2022-07-16 11:00:00,11,5,True,2022-07-16,0.258819045102521,-0.9659258262890682,-0.9749279121818236,-0.2225209339563146,0,0,3,27,0.5805555555555556,53.666666668000005,0.6055555555555556,58.714444443,0.6333333333333333,63.0,0.663888888888889,83.029722223,0.3861111111111111,48.99999999599999,0.6064814814814815,0.026401069313670936,0.6387731481481481,True
660,102,16.916666666666668,51.533611109999995,8.361944447,1.035,53.337287498849975,0.0,30.0,0.71,0.5638888888888889,23.826291079812208,1.0349999999999997,False,shoulder,2022-07-16 12:00:00,12,5,True,2022-07-16,1.2246467991473532e-16,-1.0,-0.9749279121818236,-0.2225209339563146,0,0,3,27,0.5527777777777777,54.053611113,0.5805555555555556,53.666666668000005,0.6055555555555556,58.714444443,0.6888888888888889,80.499999996,0.3777777777777778,53.557777778,0.5796296296296296,0.026401069313669753,0.6341435185185186,True
661,102,11.583333333333334,51.136944443000004,8.30527778,1.035,52.926737498505,0.0,30.0,0.71,0.3861111111111111,16.31455399061033,1.035,False,shoulder,2022-07-16 13:00:00,13,5,True,2022-07-16,-0.2588190451025208,-0.9659258262890683,-0.9749279121818236,-0.2225209339563146,0,0,3,27,0.5638888888888889,51.533611109999995,0.5527777777777777,54.053611113,0.5805555555555556,53.666666668000005,0.6888888888888889,71.538055556,0.34444444444444444,48.420555553,0.5657407407407408,0.013981174880124176,0.6289351851851852,True
662,102,12.0,56.00000000400001,9.0,1.1229999999999998,62.88800000449199,0.0,30.0,0.71,0.4,16.901408450704228,1.1229999999999998,False,shoulder,2022-07-16 14:00:00,14,5,True,2022-07-16,-0.4999999999999997,-0.8660254037844388,-0.9749279121818236,-0.2225209339563146,0,0,3,27,0.3861111111111111,51.136944443000004,0.5638888888888889,51.533611109999995,0.5527777777777777,54.053611113,0.6666666666666666,66.500000004,0.34444444444444444,44.93027777499999,0.5009259259259259,0.0995876271092482,0.6163194444444444,True
663,102,11.0,48.02486111100001,8.053888890000001,1.1229999999999998,53.931919027652995,0.0,30.0,0.71,0.36666666666666664,15.492957746478874,1.1229999999999998,False,shoulder,2022-07-16 15:00:00,15,5,True,2022-07-16,-0.7071067811865471,-0.7071067811865479,-0.9749279121818236,-0.2225209339563146,0,0,3,27,0.4,56.00000000400001,0.3861111111111111,51.136944443000004,0.5638888888888889,51.533611109999995,0.6611111111111111,66.500000004,0.4166666666666667,58.924444441999995,0.45,0.09887484294754029,0.6052083333333333,True
664,102,10.0,38.499999996,6.999999995999999,1.079,41.541499995684006,0.0,30.0,0.71,0.3333333333333333,14.084507042253522,1.0790000000000002,False,shoulder,2022-07-16 16:00:00,16,5,True,2022-07-16,-0.8660254037844385,-0.5000000000000004,-0.9749279121818236,-0.2225209339563146,0,0,3,27,0.36666666666666664,48.02486111100001,0.4,56.00000000400001,0.3861111111111111,51.136944443000004,0.625,66.342500004,0.43333333333333335,66.628333337,0.3842592592592593,0.016743649370374803,0.5929398148148148,True
665,102,10.0,38.499999996,6.999999995999999,1.035,39.847499995860005,0.0,30.0,0.71,0.3333333333333333,14.084507042253522,1.0350000000000001,False,shoulder,2022-07-16 17:00:00,17,5,True,2022-07-16,-0.9659258262890683,-0.25881904510252063,-0.9749279121818236,-0.2225209339563146,0,0,3,27,0.3333333333333333,38.499999996,0.36666666666666664,48.02486111100001,0.4,56.00000000400001,0.5916666666666667,59.49999999599999,0.43333333333333335,67.281666669,0.3666666666666667,0.03333333333332325,0.580787037037037,True
666,102,11.75,50.252222223,8.67888889,1.035,52.011050000805,0.0,30.0,0.71,0.39166666666666666,16.549295774647888,1.0350000000000001,False,shoulder,2022-07-16 18:00:00,18,5,True,2022-07-16,-1.0,-1.8369701987210297e-16,-0.9749279121818236,-0.2225209339563146,0,0,3,27,0.3333333333333333,38.499999996,0.3333333333333333,38.499999996,0.36666666666666664,48.02486111100001,0.5972222222222222,62.805555555,0.4083333333333333,64.946388888,0.3444444444444444,0.01924500897296863,0.5700231481481481,True
667,102,11.916666666666666,52.675000000000004,9.024999999999999,1.1229999999999998,59.154025000000004,0.0,30.0,0.71,0.3972222222222222,16.784037558685448,1.123,False,shoulder,2022-07-16 19:00:00,19,5,True,2022-07-16,-0.9659258262890684,0.2588190451025203,-0.9749279121818236,-0.2225209339563146,0,0,3,27,0.39166666666666666,50.252222223,0.3333333333333333,38.499999996,0.3333333333333333,38.499999996,0.6416666666666667,66.107222226,0.4083333333333333,61.313194442,0.3527777777777778,0.033678765702717675,0.5614583333333333,True
668,102,11.166666666666666,46.472222226,8.138888892,1.1229999999999998,52.188305559797996,0.0,30.0,0.71,0.3722222222222222,15.727699530516432,1.123,False,shoulder,2022-07-16 20:00:00,20,5,True,2022-07-16,-0.8660254037844386,0.5000000000000001,-0.9749279121818236,-0.2225209339563146,0,0,3,27,0.3972222222222222,52.675000000000004,0.39166666666666666,50.252222223,0.3333333333333333,38.499999996,0.5638888888888889,53.863055555,0.45555555555555555,52.756666667000005,0.37407407407407406,0.0353916941733544,0.5512731481481481,True
669,102,13.75,59.19277777399999,9.956111107,1.035,61.26452499608999,0.0,30.0,0.71,0.4583333333333333,19.366197183098592,1.035,False,shoulder,2022-07-16 21:00:00,21,5,True,2022-07-16,-0.7071067811865477,0.7071067811865474,-0.9749279121818236,-0.2225209339563146,0,0,3,27,0.3722222222222222,46.472222226,0.3972222222222222,52.675000000000004,0.39166666666666666,50.252222223,0.575,54.640833332,0.5472222222222223,48.603333335,0.38703703703703707,0.013127265628455596,0.5432870370370371,True
670,102,17.666666666666668,52.805277778000004,9.043611111,1.035,54.653462500230006,0.0,30.0,0.71,0.5888888888888889,24.882629107981224,1.0350000000000001,False,shoulder,2022-07-16 22:00:00,22,5,True,2022-07-16,-0.5000000000000004,0.8660254037844384,-0.9749279121818236,-0.2225209339563146,0,0,3,27,0.4583333333333333,59.19277777399999,0.3722222222222222,46.472222226,0.3972222222222222,52.675000000000004,0.663888888888889,66.16361111500001,0.5333333333333333,45.500000004,0.40925925925925927,0.044299532273718294,0.5384259259259259,True
671,102,18.0,52.5,9.0,0.9239999999999999,48.51000000000002,0.0,30.0,0.71,0.6,25.35211267605634,0.9240000000000004,False,shoulder,2022-07-16 23:00:00,23,5,True,2022-07-16,-0.25881904510252157,0.9659258262890681,-0.9749279121818236,-0.2225209339563146,0,0,3,27,0.5888888888888889,52.805277778000004,0.4583333333333333,59.19277777399999,0.3722222222222222,46.472222226,0.6666666666666666,66.500000004,0.5333333333333333,45.500000004,0.47314814814814815,0.1090904219654899,0.5353009259259259,True
672,102,18.166666666666668,53.472222222,9.138888889,0.9239999999999999,49.40833333312801,0.0,30.0,0.71,0.6055555555555556,25.5868544600939,0.9240000000000003,False,shoulder,2022-07-17 00:00:00,0,6,True,2022-07-17,0.0,1.0,-0.7818314824680299,0.6234898018587334,0,0,3,27,0.6,52.5,0.5888888888888889,52.805277778000004,0.4583333333333333,59.19277777399999,0.6666666666666666,66.500000004,0.5333333333333333,45.500000004,0.549074074074074,0.07877991952372364,0.5325231481481482,True
673,102,19.0,59.49999999599999,9.999999996000001,0.9239999999999999,54.977999996304,0.0,30.0,0.71,0.6333333333333333,26.760563380281692,0.9240000000000002,False,shoulder,2022-07-17 01:00:00,1,6,True,2022-07-17,0.25881904510252074,0.9659258262890683,-0.7818314824680299,0.6234898018587334,0,0,3,27,0.6055555555555556,53.472222222,0.6,52.5,0.5888888888888889,52.805277778000004,0.675,66.500000004,0.5333333333333333,45.500000004,0.5981481481481482,0.00848625128694833,0.5299768518518518,True
674,102,18.583333333333332,59.49999999599999,9.999999996000001,0.9239999999999999,54.977999996304,0.0,30.0,0.71,0.6194444444444444,26.173708920187792,0.9240000000000002,False,shoulder,2022-07-17 02:00:00,2,6,True,2022-07-17,0.49999999999999994,0.8660254037844387,-0.7818314824680299,0.6234898018587334,0,0,3,27,0.6333333333333333,59.49999999599999,0.6055555555555556,53.472222222,0.6,52.5,0.6666666666666666,66.500000004,0.5194444444444445,45.500000004,0.612962962962963,0.017858612520355043,0.5282407407407408,True
675,102,19.0,59.49999999599999,9.999999996000001,0.9239999999999999,54.977999996304,0.0,30.0,0.71,0.6333333333333333,26.760563380281692,0.9240000000000002,False,shoulder,2022-07-17 03:00:00,3,6,True,2022-07-17,0.7071067811865476,0.7071067811865476,-0.7818314824680299,0.6234898018587334,0,0,3,27,0.6194444444444444,59.49999999599999,0.6333333333333333,59.49999999599999,0.6055555555555556,53.472222222,0.6666666666666666,66.500000004,0.5333333333333333,45.500000004,0.6194444444444445,0.013888888888886506,0.5262731481481481,True
676,102,19.0,59.49999999599999,9.999999996000001,0.9239999999999999,54.977999996304,0.0,30.0,0.71,0.6333333333333333,26.760563380281692,0.9240000000000002,False,shoulder,2022-07-17 04:00:00,4,6,True,2022-07-17,0.8660254037844386,0.5000000000000001,-0.7818314824680299,0.6234898018587334,0,0,3,27,0.6333333333333333,59.49999999599999,0.6194444444444444,59.49999999599999,0.6333333333333333,59.49999999599999,0.6416666666666667,63.969305557,0.5638888888888889,51.541388889000004,0.6287037037037037,0.00801875373874228,0.5248842592592592,True
677,102,19.0,59.49999999599999,9.999999996000001,0.9239999999999999,54.977999996304,0.0,30.0,0.71,0.6333333333333333,26.760563380281692,0.9240000000000002,False,shoulder,2022-07-17 05:00:00,5,6,True,2022-07-17,0.9659258262890683,0.25881904510252074,-0.7818314824680299,0.6234898018587334,0,0,3,27,0.6333333333333333,59.49999999599999,0.6333333333333333,59.49999999599999,0.6194444444444444,59.49999999599999,0.6333333333333333,63.0,0.6027777777777777,59.69638888499999,0.6287037037037037,0.00801875373874228,0.524537037037037,True
678,102,19.0,59.49999999599999,9.999999996000001,0.9239999999999999,54.977999996304,0.0,30.0,0.71,0.6333333333333333,26.760563380281692,0.9240000000000002,False,shoulder,2022-07-17 06:00:00,6,6,True,2022-07-17,1.0,6.123233995736766e-17,-0.7818314824680299,0.6234898018587334,0,0,3,27,0.6333333333333333,59.49999999599999,0.6333333333333333,59.49999999599999,0.6333333333333333,59.49999999599999,0.6333333333333333,63.0,0.6333333333333333,63.0,0.6333333333333333,0.0,0.524537037037037,True
679,102,19.583333333333332,60.474166663999995,10.139166664,1.035,62.59076249723999,0.0,30.0,0.71,0.6527777777777778,27.582159624413144,1.035,False,shoulder,2022-07-17 07:00:00,7,6,True,2022-07-17,0.9659258262890683,-0.25881904510252063,-0.7818314824680299,0.6234898018587334,0,0,3,27,0.6333333333333333,59.49999999599999,0.6333333333333333,59.49999999599999,0.6333333333333333,59.49999999599999,0.6333333333333333,63.0,0.6333333333333333,63.0,0.6333333333333333,0.0,0.524537037037037,True
680,102,20.0,66.500000004,11.000000003999999,1.035,68.82750000414,0.0,30.0,0.71,0.6666666666666666,28.169014084507044,1.0350000000000001,False,shoulder,2022-07-17 08:00:00,8,6,True,2022-07-17,0.8660254037844387,-0.4999999999999998,-0.7818314824680299,0.6234898018587334,0,0,3,27,0.6527777777777778,60.474166663999995,0.6333333333333333,59.49999999599999,0.6333333333333333,59.49999999599999,0.6333333333333333,63.0,0.6333333333333333,63.0,0.6398148148148147,0.011226255234242222,0.5253472222222223,True
681,102,20.0,66.500000004,11.000000003999999,1.1229999999999998,74.67950000449201,0.0,30.0,0.71,0.6666666666666666,28.169014084507044,1.1230000000000002,False,shoulder,2022-07-17 09:00:00,9,6,True,2022-07-17,0.7071067811865476,-0.7071067811865475,-0.7818314824680299,0.6234898018587334,0,0,3,27,0.6666666666666666,66.500000004,0.6527777777777778,60.474166663999995,0.6333333333333333,59.49999999599999,0.6055555555555556,58.714444443,0.6277777777777778,62.025833334,0.6509259259259259,0.016743649370394142,0.5267361111111111,True
682,102,19.25,68.64277778,11.306111114,1.1229999999999998,77.08583944694001,0.0,30.0,0.71,0.6416666666666667,27.112676056338028,1.1230000000000002,False,shoulder,2022-07-17 10:00:00,10,6,True,2022-07-17,0.49999999999999994,-0.8660254037844387,-0.7818314824680299,0.6234898018587334,0,0,3,27,0.6666666666666666,66.500000004,0.6666666666666666,66.500000004,0.6527777777777778,60.474166663999995,0.5805555555555556,53.666666668000005,0.4888888888888889,56.00000000400001,0.6620370370370371,0.008018753738747688,0.5292824074074074,True
683,102,18.333333333333332,67.863055559,10.389444441,1.079,73.284211392581,0.0,30.0,0.71,0.611111111111111,25.821596244131456,1.0798837569120043,False,shoulder,2022-07-17 11:00:00,11,6,True,2022-07-17,0.258819045102521,-0.9659258262890682,-0.7818314824680299,0.6234898018587334,0,0,3,27,0.6416666666666667,68.64277778,0.6666666666666666,66.500000004,0.6666666666666666,66.500000004,0.5527777777777777,54.053611113,0.4027777777777778,56.394722226000006,0.6583333333333333,0.014433756729741816,0.5318287037037037,True
684,102,16.75,64.06652778,9.443611108999999,1.035,66.3088562523,0.0,30.0,0.71,0.5583333333333333,23.591549295774648,1.0350000000000001,False,shoulder,2022-07-17 12:00:00,12,6,True,2022-07-17,1.2246467991473532e-16,-1.0,-0.7818314824680299,0.6234898018587334,0,0,3,27,0.611111111111111,67.863055559,0.6416666666666667,68.64277778,0.6666666666666666,66.500000004,0.5638888888888889,51.533611109999995,0.43333333333333335,64.069444445,0.639814814814815,0.02782403555799361,0.5342592592592592,True
685,102,12.0,59.49999999599999,9.0,1.035,61.58249999585998,0.0,30.0,0.71,0.4,16.901408450704228,1.035,False,shoulder,2022-07-17 13:00:00,13,6,True,2022-07-17,-0.2588190451025208,-0.9659258262890683,-0.7818314824680299,0.6234898018587334,0,0,3,27,0.5583333333333333,64.06652778,0.611111111111111,67.863055559,0.6416666666666667,68.64277778,0.3861111111111111,51.136944443000004,0.43333333333333335,66.500000004,0.6037037037037037,0.04215760162159934,0.5340277777777778,True
686,102,12.0,59.49999999599999,9.0,1.1229999999999998,66.818499995508,0.0,30.0,0.71,0.4,16.901408450704228,1.1230000000000002,False,shoulder,2022-07-17 14:00:00,14,6,True,2022-07-17,-0.4999999999999997,-0.8660254037844388,-0.7818314824680299,0.6234898018587334,0,0,3,27,0.4,59.49999999599999,0.5583333333333333,64.06652778,0.611111111111111,67.863055559,0.4,56.00000000400001,0.4,59.73722221899999,0.5231481481481483,0.10986570552737762,0.5346064814814815,True
687,102,12.5,62.813333333,9.473333332000001,1.1229999999999998,70.539373332959,0.0,30.0,0.71,0.4166666666666667,17.605633802816904,1.123,False,shoulder,2022-07-17 15:00:00,15,6,True,2022-07-17,-0.7071067811865471,-0.7071067811865479,-0.7818314824680299,0.6234898018587334,0,0,3,27,0.4,59.49999999599999,0.4,59.49999999599999,0.5583333333333333,64.06652778,0.36666666666666664,48.02486111100001,0.4083333333333333,61.24416666399999,0.4527777777777778,0.09141379262168783,0.5346064814814815,True
688,102,12.0,59.801388884999994,9.043055556,1.079,64.53895971803098,0.0,30.0,0.71,0.4,16.901408450704228,1.0792217525606551,False,shoulder,2022-07-17 16:00:00,16,6,True,2022-07-17,-0.8660254037844385,-0.5000000000000004,-0.7818314824680299,0.6234898018587334,0,0,3,27,0.4166666666666667,62.813333333,0.4,59.49999999599999,0.4,59.49999999599999,0.3333333333333333,38.499999996,0.4527777777777778,66.546666665,0.4055555555555556,0.009622504486459474,0.5366898148148148,True
689,102,11.916666666666666,57.958055552999994,8.808055556,1.035,59.986587497354996,0.0,30.0,0.71,0.3972222222222222,16.784037558685448,1.0350000000000001,False,shoulder,2022-07-17 17:00:00,17,6,True,2022-07-17,-0.9659258262890683,-0.25881904510252063,-0.7818314824680299,0.6234898018587334,0,0,3,27,0.4,59.801388884999994,0.4166666666666667,62.813333333,0.4,59.49999999599999,0.3333333333333333,38.499999996,0.5,77.000000004,0.4055555555555556,0.009622504486459474,0.5394675925925926,True
690,102,14.916666666666666,73.704166669,11.529166667,1.035,76.28381250241499,0.0,30.0,0.71,0.4972222222222222,21.009389671361504,1.035,False,shoulder,2022-07-17 18:00:00,18,6,True,2022-07-17,-1.0,-1.8369701987210297e-16,-0.7818314824680299,0.6234898018587334,0,0,3,27,0.3972222222222222,57.958055552999994,0.4,59.801388884999994,0.4166666666666667,62.813333333,0.39166666666666666,50.252222223,0.5,77.000000004,0.4046296296296297,0.010516496936635696,0.5421296296296296,True
691,102,15.5,78.07041666800001,12.305833332000002,1.1229999999999998,87.673077918164,0.0,30.0,0.71,0.5166666666666667,21.83098591549296,1.1229999999999998,False,shoulder,2022-07-17 19:00:00,19,6,True,2022-07-17,-0.9659258262890684,0.2588190451025203,-0.7818314824680299,0.6234898018587334,0,0,3,27,0.4972222222222222,73.704166669,0.3972222222222222,57.958055552999994,0.4,59.801388884999994,0.3972222222222222,52.675000000000004,0.49166666666666664,76.128888891,0.4314814814814815,0.05695009005437176,0.5465277777777778,True
692,102,15.25,75.434722221,12.276388888,1.1229999999999998,84.71319305418302,0.0,30.0,0.71,0.5083333333333333,21.47887323943662,1.1230000000000002,False,shoulder,2022-07-17 20:00:00,20,6,True,2022-07-17,-0.8660254037844386,0.5000000000000001,-0.7818314824680299,0.6234898018587334,0,0,3,27,0.5166666666666667,78.07041666800001,0.4972222222222222,73.704166669,0.3972222222222222,57.958055552999994,0.3722222222222222,46.472222226,0.49166666666666664,73.877222225,0.4703703703703704,0.06408986103952294,0.5515046296296297,True
693,102,18.333333333333332,68.434722225,11.276388891999998,1.035,70.829937502875,0.0,30.0,0.71,0.611111111111111,25.821596244131456,1.035,False,shoulder,2022-07-17 21:00:00,21,6,True,2022-07-17,-0.7071067811865477,0.7071067811865474,-0.7818314824680299,0.6234898018587334,0,0,3,27,0.5083333333333333,75.434722221,0.5166666666666667,78.07041666800001,0.4972222222222222,73.704166669,0.4583333333333333,59.19277777399999,0.6305555555555556,63.970277777,0.5074074074074074,0.00975523495632527,0.5571759259259259,True
694,102,20.416666666666668,69.420555558,11.417222224999998,1.035,71.85027500253,0.0,30.0,0.71,0.6805555555555556,28.755868544600943,1.035,False,shoulder,2022-07-17 22:00:00,22,6,True,2022-07-17,-0.5000000000000004,0.8660254037844384,-0.7818314824680299,0.6234898018587334,0,0,3,27,0.611111111111111,68.434722225,0.5083333333333333,75.434722221,0.5166666666666667,78.07041666800001,0.5888888888888889,52.805277778000004,0.6666666666666666,69.999999996,0.5453703703703704,0.05708541719184316,0.5635416666666667,True
695,102,20.0,66.500000004,11.000000003999999,0.9239999999999999,61.446000003696,0.0,30.0,0.71,0.6666666666666666,28.169014084507044,0.924,False,shoulder,2022-07-17 23:00:00,23,6,True,2022-07-17,-0.25881904510252157,0.9659258262890681,-0.7818314824680299,0.6234898018587334,0,0,3,27,0.6805555555555556,69.420555558,0.611111111111111,68.434722225,0.5083333333333333,75.434722221,0.6,52.5,0.6666666666666666,69.999999996,0.6,0.08664707755823373,0.5673611111111111,True
696,102,19.583333333333332,66.500000004,11.000000003999999,0.9239999999999999,61.446000003696,0.0,30.0,0.71,0.6527777777777778,27.582159624413144,0.924,False,shoulder,2022-07-18 00:00:00,0,0,False,2022-07-18,0.0,1.0,0.0,1.0,0,0,3,27,0.6666666666666666,66.500000004,0.6805555555555556,69.420555558,0.611111111111111,68.434722225,0.6055555555555556,53.472222222,0.6666666666666666,69.999999996,0.6527777777777778,0.03674654598700816,0.5701388888888889,True
697,102,20.0,66.500000004,11.000000003999999,0.9239999999999999,61.446000003696,0.0,30.0,0.71,0.6666666666666666,28.169014084507044,0.924,False,shoulder,2022-07-18 01:00:00,1,0,False,2022-07-18,0.25881904510252074,0.9659258262890683,0.0,1.0,0,0,3,27,0.6527777777777778,66.500000004,0.6666666666666666,66.500000004,0.6805555555555556,69.420555558,0.6333333333333333,59.49999999599999,0.6666666666666666,69.999999996,0.6666666666666666,0.01388888888889013,0.5721064814814815,True
698,102,20.0,66.500000004,11.000000003999999,0.9239999999999999,61.446000003696,0.0,30.0,0.71,0.6666666666666666,28.169014084507044,0.924,False,shoulder,2022-07-18 02:00:00,2,0,False,2022-07-18,0.49999999999999994,0.8660254037844387,0.0,1.0,0,0,3,27,0.6666666666666666,66.500000004,0.6527777777777778,66.500000004,0.6666666666666666,66.500000004,0.6194444444444444,59.49999999599999,0.6555555555555556,69.999999996,0.662037037037037,0.008018753738746016,0.5734953703703703,True
699,102,19.75,66.500000004,11.000000003999999,0.9239999999999999,61.446000003696,0.0,30.0,0.71,0.6583333333333333,27.816901408450704,0.924,False,shoulder,2022-07-18 03:00:00,3,0,False,2022-07-18,0.7071067811865476,0.7071067811865476,0.0,1.0,0,0,3,27,0.6666666666666666,66.500000004,0.6666666666666666,66.500000004,0.6527777777777778,66.500000004,0.6333333333333333,59.49999999599999,0.6666666666666666,69.999999996,0.6620370370370371,0.008018753738746016,0.575462962962963,True
700,102,19.916666666666668,66.500000004,11.000000003999999,0.9239999999999999,61.446000003696,0.0,30.0,0.71,0.663888888888889,28.051643192488267,0.924,False,shoulder,2022-07-18 04:00:00,4,0,False,2022-07-18,0.8660254037844386,0.5000000000000001,0.0,1.0,0,0,3,27,0.6583333333333333,66.500000004,0.6666666666666666,66.500000004,0.6666666666666666,66.500000004,0.6333333333333333,59.49999999599999,0.6666666666666666,69.999999996,0.6638888888888889,0.004811252243249549,0.5765046296296297,True
701,102,20.0,66.500000004,11.000000003999999,0.9239999999999999,61.446000003696,0.0,30.0,0.71,0.6666666666666666,28.169014084507044,0.924,False,shoulder,2022-07-18 05:00:00,5,0,False,2022-07-18,0.9659258262890683,0.25881904510252074,0.0,1.0,0,0,3,27,0.663888888888889,66.500000004,0.6583333333333333,66.500000004,0.6666666666666666,66.500000004,0.6333333333333333,59.49999999599999,0.6666666666666666,69.999999996,0.662962962962963,0.00424312564348035,0.5777777777777777,True
702,102,19.583333333333332,66.500000004,11.000000003999999,0.9239999999999999,61.446000003696,0.0,30.0,0.71,0.6527777777777778,27.582159624413144,0.924,False,shoulder,2022-07-18 06:00:00,6,0,False,2022-07-18,1.0,6.123233995736766e-17,0.0,1.0,0,0,3,27,0.6666666666666666,66.500000004,0.663888888888889,66.500000004,0.6583333333333333,66.500000004,0.6333333333333333,59.49999999599999,0.6666666666666666,69.999999996,0.662962962962963,0.00424312564348035,0.5791666666666667,True
703,102,19.25,61.633055555,10.304722223,1.035,63.790212499424996,0.0,30.0,0.71,0.6416666666666667,27.112676056338028,1.035,False,shoulder,2022-07-18 07:00:00,7,0,False,2022-07-18,0.9659258262890683,-0.25881904510252063,0.0,1.0,0,0,3,27,0.6527777777777778,66.500000004,0.6666666666666666,66.500000004,0.663888888888889,66.500000004,0.6527777777777778,60.474166663999995,0.6583333333333333,69.02194444099999,0.6611111111111111,0.007349309197402815,0.5799768518518519,True
704,102,18.833333333333332,63.896388886,10.628055553000001,1.035,66.13276249700999,0.0,30.0,0.71,0.6277777777777778,26.525821596244132,1.035,False,shoulder,2022-07-18 08:00:00,8,0,False,2022-07-18,0.8660254037844387,-0.4999999999999998,0.0,1.0,0,0,3,27,0.6416666666666667,61.633055555,0.6527777777777778,66.500000004,0.6666666666666666,66.500000004,0.6666666666666666,66.500000004,0.5944444444444444,58.860277779,0.6537037037037038,0.012525693757841102,0.5795138888888889,True
705,102,20.333333333333332,80.499999996,12.999999996000001,1.1156666666666666,89.811166662204,0.0,30.0,0.71,0.6777777777777777,28.63849765258216,1.1156666666666666,False,shoulder,2022-07-18 09:00:00,9,0,False,2022-07-18,0.7071067811865476,-0.7071067811865475,0.0,1.0,0,0,3,27,0.6277777777777778,63.896388886,0.6416666666666667,61.633055555,0.6527777777777778,66.500000004,0.6666666666666666,66.500000004,0.5166666666666667,48.99999999599999,0.6407407407407408,0.012525693757839549,0.5778935185185184,True
706,102,20.25,80.319166663,12.974166663000002,1.1229999999999998,90.19842416254899,0.0,30.0,0.71,0.675,28.52112676056338,1.1229999999999998,False,shoulder,2022-07-18 10:00:00,10,0,False,2022-07-18,0.49999999999999994,-0.8660254037844387,0.0,1.0,0,0,3,27,0.6777777777777777,80.499999996,0.6277777777777778,63.896388886,0.6416666666666667,61.633055555,0.6416666666666667,68.64277778,0.5111111111111112,48.02972221899999,0.649074074074074,0.025809925675492822,0.5783564814814816,True
707,102,20.0,73.5,12.0,1.079,79.3065,0.0,30.0,0.71,0.6666666666666666,28.169014084507044,1.079,False,shoulder,2022-07-18 11:00:00,11,0,False,2022-07-18,0.258819045102521,-0.9659258262890682,0.0,1.0,0,0,3,27,0.675,80.319166663,0.6777777777777777,80.499999996,0.6277777777777778,63.896388886,0.611111111111111,67.863055559,0.4277777777777778,51.633750002000006,0.6601851851851851,0.028099983158321608,0.5797453703703703,True
708,102,19.0,79.78638888599998,12.898055552,1.035,82.57891249700998,0.0,30.0,0.71,0.6333333333333333,26.760563380281692,1.035,False,shoulder,2022-07-18 12:00:00,12,0,False,2022-07-18,1.2246467991473532e-16,-1.0,0.0,1.0,0,0,3,27,0.6666666666666666,73.5,0.675,80.319166663,0.6777777777777777,80.499999996,0.5583333333333333,64.06652778,0.36666666666666664,52.5,0.6731481481481482,0.005782405554077575,0.5820601851851852,True
709,102,19.916666666666668,73.5,12.0,1.035,76.07249999999999,0.0,30.0,0.71,0.663888888888889,28.051643192488267,1.035,False,shoulder,2022-07-18 13:00:00,13,0,False,2022-07-18,-0.2588190451025208,-0.9659258262890683,0.0,1.0,0,0,3,27,0.6333333333333333,79.78638888599998,0.6666666666666666,73.5,0.675,80.319166663,0.4,59.49999999599999,0.3527777777777778,49.962500001,0.6583333333333333,0.02204792759220516,0.5851851851851851,True
710,102,20.333333333333332,73.5,12.0,1.1229999999999998,82.54050000000001,0.0,30.0,0.71,0.6777777777777777,28.63849765258216,1.1230000000000002,False,shoulder,2022-07-18 14:00:00,14,0,False,2022-07-18,-0.4999999999999997,-0.8660254037844388,0.0,1.0,0,0,3,27,0.663888888888889,73.5,0.6333333333333333,79.78638888599998,0.6666666666666666,73.5,0.4,59.49999999599999,0.3,38.499999996,0.6546296296296297,0.018495355884664923,0.5961805555555556,True
711,102,19.583333333333332,70.194444446,11.527777778999997,1.1229999999999998,78.828361112858,0.0,30.0,0.71,0.6527777777777778,27.582159624413144,1.123,False,shoulder,2022-07-18 15:00:00,15,0,False,2022-07-18,-0.7071067811865471,-0.7071067811865479,0.0,1.0,0,0,3,27,0.6777777777777777,73.5,0.663888888888889,73.5,0.6333333333333333,79.78638888599998,0.4166666666666667,62.813333333,0.31666666666666665,40.153749998,0.6583333333333333,0.02273709103297923,0.6077546296296296,True
712,102,19.0,70.394722224,11.556388891000001,1.079,75.81927305755201,0.0,30.0,0.71,0.6333333333333333,26.760563380281692,1.0770590558805073,False,shoulder,2022-07-18 16:00:00,16,0,False,2022-07-18,-0.8660254037844385,-0.5000000000000004,0.0,1.0,0,0,3,27,0.6527777777777778,70.194444446,0.6777777777777777,73.5,0.663888888888889,73.5,0.4,59.801388884999994,0.3333333333333333,42.0,0.6648148148148149,0.012525693757842557,0.6175925925925926,True
713,102,19.833333333333332,71.359166667,11.694166667,1.035,73.856737500345,0.0,30.0,0.71,0.6611111111111111,27.934272300469484,1.0350000000000001,False,shoulder,2022-07-18 17:00:00,17,0,False,2022-07-18,-0.9659258262890683,-0.25881904510252063,0.0,1.0,0,0,3,27,0.6333333333333333,70.394722224,0.6527777777777778,70.194444446,0.6777777777777777,73.5,0.3972222222222222,57.958055552999994,0.3333333333333333,41.023888889,0.6546296296296296,0.022280017436140543,0.6273148148148148,True
714,102,19.583333333333332,69.70055555500001,11.248333336,1.035,72.14007499942498,0.0,30.0,0.71,0.6527777777777778,27.582159624413144,1.0349999999999997,False,shoulder,2022-07-18 18:00:00,18,0,False,2022-07-18,-1.0,-1.8369701987210297e-16,0.0,1.0,0,0,3,27,0.6611111111111111,71.359166667,0.6333333333333333,70.394722224,0.6527777777777778,70.194444446,0.4972222222222222,73.704166669,0.36666666666666664,48.537222222,0.649074074074074,0.014254448442907184,0.6383101851851851,True
715,102,18.583333333333332,60.234999997,10.104999997,1.1229999999999998,67.64390499663101,0.0,30.0,0.71,0.6194444444444444,26.173708920187792,1.123,False,shoulder,2022-07-18 19:00:00,19,0,False,2022-07-18,-0.9659258262890684,0.2588190451025203,0.0,1.0,0,0,3,27,0.6527777777777778,69.70055555500001,0.6611111111111111,71.359166667,0.6333333333333333,70.394722224,0.5166666666666667,78.07041666800001,0.3638888888888889,48.61111110699999,0.649074074074074,0.014254448442907184,0.6447916666666667,True
716,102,18.916666666666668,64.374722224,10.696388891000002,1.1229999999999998,72.29281305755201,0.0,30.0,0.71,0.6305555555555556,26.643192488262915,1.1230000000000002,False,shoulder,2022-07-18 20:00:00,20,0,False,2022-07-18,-0.8660254037844386,0.5000000000000001,0.0,1.0,0,0,3,27,0.6194444444444444,60.234999997,0.6527777777777778,69.70055555500001,0.6611111111111111,71.359166667,0.5083333333333333,75.434722221,0.3888888888888889,53.277777781000005,0.6444444444444444,0.022047927592204072,0.649074074074074,True
717,102,17.75,53.863055555,9.194722222,1.035,55.748262499424996,0.0,30.0,0.71,0.5916666666666667,25.0,1.035,False,shoulder,2022-07-18 21:00:00,21,0,False,2022-07-18,-0.7071067811865477,0.7071067811865474,0.0,1.0,0,0,3,27,0.6305555555555556,64.374722224,0.6194444444444444,60.234999997,0.6527777777777778,69.70055555500001,0.611111111111111,68.434722225,0.41388888888888886,57.463194446,0.6342592592592592,0.016972502573908338,0.6541666666666667,True
718,102,17.166666666666668,52.5,9.0,1.035,54.337500000000006,0.0,30.0,0.71,0.5722222222222223,24.178403755868548,1.0350000000000001,False,shoulder,2022-07-18 22:00:00,22,0,False,2022-07-18,-0.5000000000000004,0.8660254037844384,0.0,1.0,0,0,3,27,0.5916666666666667,53.863055555,0.6305555555555556,64.374722224,0.6194444444444444,60.234999997,0.6805555555555556,69.420555558,0.5555555555555556,60.863055552999995,0.6138888888888889,0.02003084041924072,0.6533564814814815,True
719,102,17.833333333333332,52.5,9.0,0.9239999999999999,48.51000000000002,0.0,30.0,0.71,0.5944444444444444,25.11737089201878,0.9240000000000004,False,shoulder,2022-07-18 23:00:00,23,0,False,2022-07-18,-0.25881904510252157,0.9659258262890681,0.0,1.0,0,0,3,27,0.5722222222222223,52.5,0.5916666666666667,53.863055555,0.6305555555555556,64.374722224,0.6666666666666666,66.500000004,0.6277777777777778,59.49999999599999,0.5981481481481482,0.029701879504339983,0.6488425925925926,True
0,105,15.666666666666666,103.21888888999999,15.231111109,1.1241666670000001,116.0352342949146,0.0,93.0,0.77,0.16845878136200715,20.346320346320343,1.124166667,False,offpeak,2022-06-19 00:00:00,0,6,True,2022-06-19,0.0,1.0,-0.7818314824680299,0.6234898018587334,0,0,0,93,,,,,,,,,,,,,,False
1,105,15.0,101.499999996,15.0,1.1241666670000001,114.1029166960033,0.0,93.0,0.77,0.16129032258064516,19.48051948051948,1.1241666669999997,False,offpeak,2022-06-19 01:00:00,1,6,True,2022-06-19,0.25881904510252074,0.9659258262890683,-0.7818314824680299,0.6234898018587334,0,0,0,93,0.16845878136200715,103.21888888999999,,,,,,,,,,,,False
2,105,14.333333333333334,99.258055557,14.359444446999998,1.1241666670000001,111.58259748841348,0.0,93.0,0.77,0.15412186379928317,18.614718614718615,1.1241666669999997,False,offpeak,2022-06-19 02:00:00,2,6,True,2022-06-19,0.49999999999999994,0.8660254037844387,-0.7818314824680299,0.6234898018587334,0,0,0,93,0.16129032258064516,101.499999996,0.16845878136200715,103.21888888999999,,,,,,,,,,False
3,105,14.0,98.000000004,14.000000003999999,1.1241666670000001,110.16833337049664,0.0,93.0,0.77,0.15053763440860216,18.18181818181818,1.1241666669999997,False,offpeak,2022-06-19 03:00:00,3,6,True,2022-06-19,0.7071067811865476,0.7071067811865476,-0.7818314824680299,0.6234898018587334,0,0,0,93,0.15412186379928317,99.258055557,0.16129032258064516,101.499999996,0.16845878136200715,103.21888888999999,,,,,0.16129032258064516,0.0071684587813619985,,False
4,105,13.5,94.688611111,13.526944445000002,1.1241666670000001,106.44578035551204,0.0,93.0,0.77,0.14516129032258066,17.532467532467532,1.1241666670000001,False,offpeak,2022-06-19 04:00:00,4,6,True,2022-06-19,0.8660254037844386,0.5000000000000001,-0.7818314824680299,0.6234898018587334,0,0,0,93,0.15053763440860216,98.000000004,0.15412186379928317,99.258055557,0.16129032258064516,101.499999996,,,,,0.15531660692951016,0.005475000830293711,,False
5,105,12.5,87.69444444199999,12.527777776,1.1241666670000001,98.58317132277978,0.0,93.0,0.77,0.13440860215053763,16.233766233766232,1.1241666669999997,False,offpeak,2022-06-19 05:00:00,5,6,True,2022-06-19,0.9659258262890683,0.25881904510252074,-0.7818314824680299,0.6234898018587334,0,0,0,93,0.14516129032258066,94.688611111,0.15053763440860216,98.000000004,0.15412186379928317,99.258055557,,,,,0.14994026284348863,0.0045100564129454835,,False
6,105,12.0,84.0,12.0,1.1241666670000001,94.43000002799998,0.0,93.0,0.77,0.12903225806451613,15.584415584415584,1.1241666669999997,False,offpeak,2022-06-19 06:00:00,6,6,True,2022-06-19,1.0,6.123233995736766e-17,-0.7818314824680299,0.6234898018587334,0,0,0,93,0.13440860215053763,87.69444444199999,0.14516129032258066,94.688611111,0.15053763440860216,98.000000004,,,,,0.14336917562724014,0.008212501245440575,,False
7,105,11.083333333333334,77.948888891,11.135555558,1.1241666670000001,87.62754262094879,0.0,93.0,0.77,0.11917562724014337,14.393939393939394,1.124166667,False,offpeak,2022-06-19 07:00:00,7,6,True,2022-06-19,0.9659258262890683,-0.25881904510252063,-0.7818314824680299,0.6234898018587334,0,0,0,93,0.12903225806451613,84.0,0.13440860215053763,87.69444444199999,0.14516129032258066,94.688611111,,,,,0.13620071684587812,0.008212501245440559,,False
8,105,9.5,66.861666664,9.551666663999999,1.1241666670000001,75.16365696373389,0.0,93.0,0.77,0.10215053763440861,12.337662337662337,1.124166667,False,offpeak,2022-06-19 08:00:00,8,6,True,2022-06-19,0.8660254037844387,-0.4999999999999998,-0.7818314824680299,0.6234898018587334,0,0,0,93,0.11917562724014337,77.948888891,0.12903225806451613,84.0,0.13440860215053763,87.69444444199999,,,,,0.1275388291517324,0.007725518014562408,,False
9,105,7.333333333333333,51.523888888,7.3605555549999995,1.1241666670000001,57.92143844210129,0.0,93.0,0.77,0.07885304659498207,9.523809523809524,1.124166667,False,offpeak,2022-06-19 09:00:00,9,6,True,2022-06-19,0.7071067811865476,-0.7071067811865475,-0.7818314824680299,0.6234898018587334,0,0,0,93,0.10215053763440861,66.861666664,0.11917562724014337,77.948888891,0.12903225806451613,84.0,,,,,0.11678614097968937,0.013599226329548603,,False
10,105,5.75,40.430833332999995,5.7758333340000005,1.1241666670000001,45.4509951519911,0.0,93.0,0.77,0.06182795698924731,7.467532467532467,1.124166667,False,offpeak,2022-06-19 10:00:00,10,6,True,2022-06-19,0.49999999999999994,-0.8660254037844387,-0.7818314824680299,0.6234898018587334,0,0,0,93,0.07885304659498207,51.523888888,0.10215053763440861,66.861666664,0.11917562724014337,77.948888891,,,,,0.10005973715651136,0.020242435931729284,,False
11,105,7.0,48.80555555199999,6.972222218999999,1.1241666670000001,54.865578715975175,0.0,93.0,0.77,0.07526881720430108,9.09090909090909,1.1241666670000001,False,offpeak,2022-06-19 11:00:00,11,6,True,2022-06-19,0.258819045102521,-0.9659258262890682,-0.7818314824680299,0.6234898018587334,0,0,0,93,0.06182795698924731,40.430833332999995,0.07885304659498207,51.523888888,0.10215053763440861,66.861666664,,,,,0.08094384707287934,0.020242435931729294,,False
12,105,7.0,48.99999999599999,6.999999995999999,1.1241666670000001,55.08416667850332,0.0,93.0,0.77,0.07526881720430108,9.09090909090909,1.124166667,False,offpeak,2022-06-19 12:00:00,12,6,True,2022-06-19,1.2246467991473532e-16,-1.0,-0.7818314824680299,0.6234898018587334,0,0,0,93,0.07526881720430108,48.80555555199999,0.06182795698924731,40.430833332999995,0.07885304659498207,51.523888888,,,,,0.07198327359617683,0.008975495341288348,,False
13,105,7.0,48.99999999599999,6.999999995999999,1.1241666670000001,55.08416667850332,0.0,93.0,0.77,0.07526881720430108,9.09090909090909,1.124166667,False,offpeak,2022-06-19 13:00:00,13,6,True,2022-06-19,-0.2588190451025208,-0.9659258262890683,-0.7818314824680299,0.6234898018587334,0,0,0,93,0.07526881720430108,48.99999999599999,0.07526881720430108,48.80555555199999,0.06182795698924731,40.430833332999995,,,,,0.07078853046594982,0.007760084263301409,,False
14,105,7.5,52.313333333,7.473333333000001,1.1241666670000001,58.8089055726186,0.0,93.0,0.77,0.08064516129032258,9.74025974025974,1.1241666669999997,False,offpeak,2022-06-19 14:00:00,14,6,True,2022-06-19,-0.4999999999999997,-0.8660254037844388,-0.7818314824680299,0.6234898018587334,0,0,0,93,0.07526881720430108,48.99999999599999,0.07526881720430108,48.99999999599999,0.07526881720430108,48.80555555199999,,,,,0.07526881720430108,0.0,,False
15,105,7.333333333333333,50.432083334000005,7.4416666639999995,1.1241666670000001,56.69406703144902,0.0,93.0,0.77,0.07885304659498207,9.523809523809524,1.124166667,False,offpeak,2022-06-19 15:00:00,15,6,True,2022-06-19,-0.7071067811865471,-0.7071067811865479,-0.7818314824680299,0.6234898018587334,0,0,0,93,0.08064516129032258,52.313333333,0.07526881720430108,48.99999999599999,0.07526881720430108,48.99999999599999,,,,,0.07706093189964158,0.0031040337053205008,,False
16,105,7.5,48.813333334999996,7.473333333000001,1.1241666670000001,54.87432224036695,0.0,93.0,0.77,0.08064516129032258,9.74025974025974,1.1241666670000001,False,offpeak,2022-06-19 16:00:00,16,6,True,2022-06-19,-0.8660254037844385,-0.5000000000000004,-0.7818314824680299,0.6234898018587334,0,0,0,93,0.07885304659498207,50.432083334000005,0.08064516129032258,52.313333333,0.07526881720430108,48.99999999599999,,,,,0.07825567502986858,0.002737500415146776,,False
17,105,8.916666666666666,58.533611109999995,8.861944445,1.1241666670000001,65.80153450900286,0.0,93.0,0.77,0.09587813620071683,11.58008658008658,1.124166667,False,offpeak,2022-06-19 17:00:00,17,6,True,2022-06-19,-0.9659258262890683,-0.25881904510252063,-0.7818314824680299,0.6234898018587334,0,0,0,93,0.08064516129032258,48.813333334999996,0.07885304659498207,50.432083334000005,0.08064516129032258,52.313333333,,,,,0.08004778972520908,0.0010346779017732786,,False
18,105,11.0,73.31138889,10.973055555999998,1.1241666670000001,82.41421970161213,0.0,93.0,0.77,0.11827956989247312,14.285714285714285,1.124166667,False,offpeak,2022-06-19 18:00:00,18,6,True,2022-06-19,-1.0,-1.8369701987210297e-16,-0.7818314824680299,0.6234898018587334,0,0,0,93,0.09587813620071683,58.533611109999995,0.08064516129032258,48.813333334999996,0.07885304659498207,50.432083334000005,,,,,0.08512544802867383,0.009355113359238795,,False
19,105,11.0,73.5,11.000000003999999,1.1241666670000001,82.6262500245,0.0,93.0,0.77,0.11827956989247312,14.285714285714285,1.124166667,False,offpeak,2022-06-19 19:00:00,19,6,True,2022-06-19,-0.9659258262890684,0.2588190451025203,-0.7818314824680299,0.6234898018587334,0,0,0,93,0.11827956989247312,73.31138889,0.09587813620071683,58.533611109999995,0.08064516129032258,48.813333334999996,,,,,0.09826762246117084,0.018930647404409553,,False
20,105,10.666666666666666,72.427638888,10.693611113000001,1.1241666670000001,81.42073740740253,0.0,93.0,0.77,0.11469534050179211,13.852813852813851,1.1241666669999997,False,offpeak,2022-06-19 20:00:00,20,6,True,2022-06-19,-0.8660254037844386,0.5000000000000001,-0.7818314824680299,0.6234898018587334,0,0,0,93,0.11827956989247312,73.5,0.11827956989247312,73.31138889,0.09587813620071683,58.533611109999995,,,,,0.11081242532855436,0.012933473772168962,,False
21,105,10.0,69.999999996,9.999999996000001,1.1241666670000001,78.69166668550331,0.0,93.0,0.77,0.10752688172043011,12.987012987012987,1.1241666669999997,False,offpeak,2022-06-19 21:00:00,21,6,True,2022-06-19,-0.7071067811865477,0.7071067811865474,-0.7818314824680299,0.6234898018587334,0,0,0,93,0.11469534050179211,72.427638888,0.11827956989247312,73.5,0.11827956989247312,73.31138889,,,,,0.11708482676224613,0.0020693558035464253,,False
22,105,10.0,69.999999996,9.999999996000001,1.1241666670000001,78.69166668550331,0.0,93.0,0.77,0.10752688172043011,12.987012987012987,1.1241666669999997,False,offpeak,2022-06-19 22:00:00,22,6,True,2022-06-19,-0.5000000000000004,0.8660254037844384,-0.7818314824680299,0.6234898018587334,0,0,0,93,0.10752688172043011,69.999999996,0.11469534050179211,72.427638888,0.11827956989247312,73.5,,,,,0.1135005973715651,0.00547500083029351,,False
23,105,10.0,69.999999996,9.999999996000001,1.1241666670000001,78.69166668550331,0.0,93.0,0.77,0.10752688172043011,12.987012987012987,1.1241666669999997,False,offpeak,2022-06-19 23:00:00,23,6,True,2022-06-19,-0.25881904510252157,0.9659258262890681,-0.7818314824680299,0.6234898018587334,0,0,0,93,0.10752688172043011,69.999999996,0.10752688172043011,69.999999996,0.11469534050179211,72.427638888,,,,,0.10991636798088411,0.004138711607093858,,False
24,105,10.333333333333334,72.144722221,10.306388886999999,1.1241666670000001,81.1026919208224,0.0,93.0,0.77,0.11111111111111112,13.41991341991342,1.124166667,False,offpeak,2022-06-20 00:00:00,0,0,False,2022-06-20,0.0,1.0,0.0,1.0,0,0,0,93,0.10752688172043011,69.999999996,0.10752688172043011,69.999999996,0.10752688172043011,69.999999996,0.16845878136200715,103.21888888999999,,,0.10752688172043011,0.0,0.11002837514934288,False
25,105,11.0,77.000000004,11.000000003999999,1.1241666670000001,86.56083336349666,0.0,93.0,0.77,0.11827956989247312,14.285714285714285,1.124166667,False,offpeak,2022-06-20 01:00:00,1,0,False,2022-06-20,0.25881904510252074,0.9659258262890683,0.0,1.0,0,0,0,93,0.11111111111111112,72.144722221,0.10752688172043011,69.999999996,0.10752688172043011,69.999999996,0.16129032258064516,101.499999996,,,0.10872162485065712,0.0020693558035466057,0.10763888888888888,False
26,105,11.0,77.000000004,11.000000003999999,1.1241666670000001,86.56083336349666,0.0,93.0,0.77,0.11827956989247312,14.285714285714285,1.124166667,False,offpeak,2022-06-20 02:00:00,2,0,False,2022-06-20,0.49999999999999994,0.8660254037844387,0.0,1.0,0,0,0,93,0.11827956989247312,77.000000004,0.11111111111111112,72.144722221,0.10752688172043011,69.999999996,0.15412186379928317,99.258055557,,,0.11230585424133811,0.0054750008302935135,0.10584677419354839,False
27,105,11.0,77.000000004,11.000000003999999,1.1241666670000001,86.56083336349666,0.0,93.0,0.77,0.11827956989247312,14.285714285714285,1.124166667,False,offpeak,2022-06-20 03:00:00,3,0,False,2022-06-20,0.7071067811865476,0.7071067811865476,0.0,1.0,0,0,0,93,0.11827956989247312,77.000000004,0.11827956989247312,77.000000004,0.11111111111111112,72.144722221,0.15053763440860216,98.000000004,,,0.11589008363201912,0.004138711607093779,0.10435334528076463,False
28,105,10.583333333333334,74.258333334,10.608333334000003,1.1241666670000001,83.47874308105776,0.0,93.0,0.77,0.11379928315412187,13.744588744588745,1.1241666669999997,False,offpeak,2022-06-20 04:00:00,4,0,False,2022-06-20,0.8660254037844386,0.5000000000000001,0.0,1.0,0,0,0,93,0.11827956989247312,77.000000004,0.11827956989247312,77.000000004,0.11827956989247312,77.000000004,0.14516129032258066,94.688611111,,,0.11827956989247312,0.0,0.10300925925925926,False
29,105,9.5,66.680833331,9.525833331,1.1241666670000001,74.96037015849276,0.0,93.0,0.77,0.10215053763440861,12.337662337662337,1.1241666669999997,False,offpeak,2022-06-20 05:00:00,5,0,False,2022-06-20,0.9659258262890683,0.25881904510252074,0.0,1.0,0,0,0,93,0.11379928315412187,74.258333334,0.11827956989247312,77.000000004,0.11827956989247312,77.000000004,0.13440860215053763,87.69444444199999,,,0.11678614097968938,0.002586694754433291,0.10170250896057347,False
30,105,9.0,63.0,9.0,1.1241666670000001,70.822500021,0.0,93.0,0.77,0.0967741935483871,11.688311688311687,1.124166667,False,offpeak,2022-06-20 06:00:00,6,0,False,2022-06-20,1.0,6.123233995736766e-17,0.0,1.0,0,0,0,93,0.10215053763440861,66.680833331,0.11379928315412187,74.258333334,0.11827956989247312,77.000000004,0.12903225806451613,84.0,,,0.11140979689366787,0.008325782475965427,0.1003584229390681,False
31,105,7.75,54.615555554,7.802222220999998,1.1241666670000001,61.39698705349352,0.0,93.0,0.77,0.08333333333333333,10.064935064935066,1.1241666670000001,False,offpeak,2022-06-20 07:00:00,7,0,False,2022-06-20,0.9659258262890683,-0.25881904510252063,0.0,1.0,0,0,0,93,0.0967741935483871,63.0,0.10215053763440861,66.680833331,0.11379928315412187,74.258333334,0.11917562724014337,77.948888891,,,0.10424133811230586,0.008702988222421333,0.09901433691756273,False
32,105,6.583333333333333,46.08333333099999,6.5833333309999995,1.1241666670000001,51.805347234960266,0.0,93.0,0.77,0.07078853046594982,8.54978354978355,1.124166667,False,offpeak,2022-06-20 08:00:00,8,0,False,2022-06-20,0.8660254037844387,-0.4999999999999998,0.0,1.0,0,0,0,93,0.08333333333333333,54.615555554,0.0967741935483871,63.0,0.10215053763440861,66.680833331,0.10215053763440861,66.861666664,,,0.09408602150537633,0.009692342138344027,0.09752090800477899,False
33,105,7.75,54.071111113,7.7244444460000015,1.1241666670000001,60.78494076088786,0.0,93.0,0.77,0.08333333333333333,10.064935064935066,1.1241666669999997,False,offpeak,2022-06-20 09:00:00,9,0,False,2022-06-20,0.7071067811865476,-0.7071067811865475,0.0,1.0,0,0,0,93,0.07078853046594982,46.08333333099999,0.08333333333333333,54.615555554,0.0967741935483871,63.0,0.07885304659498207,51.523888888,,,0.08363201911589008,0.012995406163564571,0.09621415770609319,False
34,105,8.0,55.80166667,8.000000004,1.1241666670000001,62.73037363345888,0.0,93.0,0.77,0.08602150537634409,10.38961038961039,1.124166667,False,offpeak,2022-06-20 10:00:00,10,0,False,2022-06-20,0.49999999999999994,-0.8660254037844387,0.0,1.0,0,0,0,93,0.08333333333333333,54.071111113,0.07078853046594982,46.08333333099999,0.08333333333333333,54.615555554,0.06182795698924731,40.430833332999995,,,0.07915173237753882,0.007242745312414682,0.09640083632019116,False
35,105,8.666666666666666,56.979999998,8.640000001,1.1241666670000001,64.05501668341165,0.0,93.0,0.77,0.09318996415770608,11.255411255411254,1.124166667,False,offpeak,2022-06-20 11:00:00,11,0,False,2022-06-20,0.258819045102521,-0.9659258262890682,0.0,1.0,0,0,0,93,0.08602150537634409,55.80166667,0.08333333333333333,54.071111113,0.07078853046594982,46.08333333099999,0.07526881720430108,48.80555555199999,,,0.08004778972520908,0.008130619826055096,0.0974089008363202,False
36,105,8.5,56.375277776,8.553611111,1.1241666670000001,63.375208118645084,0.0,93.0,0.77,0.0913978494623656,11.03896103896104,1.124166667,False,offpeak,2022-06-20 12:00:00,12,0,False,2022-06-20,1.2246467991473532e-16,-1.0,0.0,1.0,0,0,0,93,0.09318996415770608,56.979999998,0.08602150537634409,55.80166667,0.08333333333333333,54.071111113,0.07526881720430108,48.99999999599999,,,0.08751493428912784,0.0050951977626140605,0.09815561529271206,False
37,105,7.416666666666667,48.626666668999995,7.446666663999999,1.1241666670000001,54.66447779660971,0.0,93.0,0.77,0.07974910394265233,9.632034632034632,1.124166667,False,offpeak,2022-06-20 13:00:00,13,0,False,2022-06-20,-0.2588190451025208,-0.9659258262890683,0.0,1.0,0,0,0,93,0.0913978494623656,56.375277776,0.09318996415770608,56.979999998,0.08602150537634409,55.80166667,0.07526881720430108,48.99999999599999,,,0.09020310633213859,0.0037305842284338555,0.09882765830346475,False
38,105,7.166666666666667,50.44472221999999,7.2197222189999986,1.1241666670000001,56.708275245798234,0.0,93.0,0.77,0.07706093189964158,9.307359307359308,1.1241666670000001,False,offpeak,2022-06-20 14:00:00,14,0,False,2022-06-20,-0.4999999999999997,-0.8660254037844388,0.0,1.0,0,0,0,93,0.07974910394265233,48.626666668999995,0.0913978494623656,56.375277776,0.09318996415770608,56.979999998,0.08064516129032258,52.313333333,,,0.08811230585424133,0.007297963992156852,0.09901433691756271,False
39,105,6.666666666666667,46.85722222,6.693888886,1.1241666670000001,52.675327327935726,0.0,93.0,0.77,0.07168458781362007,8.658008658008658,1.1241666669999997,False,offpeak,2022-06-20 15:00:00,15,0,False,2022-06-20,-0.7071067811865471,-0.7071067811865479,0.0,1.0,0,0,0,93,0.07706093189964158,50.44472221999999,0.07974910394265233,48.626666668999995,0.0913978494623656,56.375277776,0.07885304659498207,50.432083334000005,,,0.08273596176821983,0.007620878627343536,0.09886499402628435,False
40,105,5.25,36.934722225,5.276388892000001,1.1241666670000001,41.52078358024907,0.0,93.0,0.77,0.056451612903225805,6.818181818181818,1.124166667,False,offpeak,2022-06-20 16:00:00,16,0,False,2022-06-20,-0.8660254037844385,-0.5000000000000004,0.0,1.0,0,0,0,93,0.07168458781362007,46.85722222,0.07706093189964158,50.44472221999999,0.07974910394265233,48.626666668999995,0.08064516129032258,48.813333334999996,,,0.07616487455197134,0.004106250622720349,0.09856630824372759,False
41,105,5.666666666666667,37.239999999,5.640000001,1.1241666670000001,41.86396667795584,0.0,93.0,0.77,0.06093189964157707,7.359307359307359,1.1241666670000001,False,offpeak,2022-06-20 17:00:00,17,0,False,2022-06-20,-0.9659258262890683,-0.25881904510252063,0.0,1.0,0,0,0,93,0.056451612903225805,36.934722225,0.07168458781362007,46.85722222,0.07706093189964158,50.44472221999999,0.09587813620071683,58.533611109999995,,,0.06839904420549582,0.010690280865097587,0.09755824372759857,False
42,105,6.5,41.626666664,6.446666667000001,1.1241666670000001,46.795311121988895,0.0,93.0,0.77,0.06989247311827956,8.441558441558442,1.1241666670000001,False,offpeak,2022-06-20 18:00:00,18,0,False,2022-06-20,-1.0,-1.8369701987210297e-16,0.0,1.0,0,0,0,93,0.06093189964157707,37.239999999,0.056451612903225805,36.934722225,0.07168458781362007,46.85722222,0.11827956989247312,73.31138889,,,0.06302270011947432,0.007828758914027052,0.09610215053763439,False
43,105,9.0,59.134444443,8.947777778,1.1241666670000001,66.47697131438397,0.0,93.0,0.77,0.0967741935483871,11.688311688311687,1.124166667,False,offpeak,2022-06-20 19:00:00,19,0,False,2022-06-20,-0.9659258262890684,0.2588190451025203,0.0,1.0,0,0,0,93,0.06989247311827956,41.626666664,0.06093189964157707,37.239999999,0.056451612903225805,36.934722225,0.11827956989247312,73.5,,,0.06242532855436081,0.006843751037867235,0.09408602150537636,False
44,105,11.5,76.23,11.389999998,1.1241666670000001,85.69522502541001,0.0,93.0,0.77,0.12365591397849462,14.935064935064934,1.1241666670000001,False,offpeak,2022-06-20 20:00:00,20,0,False,2022-06-20,-0.8660254037844386,0.5000000000000001,0.0,1.0,0,0,0,93,0.0967741935483871,59.134444443,0.06989247311827956,41.626666664,0.06093189964157707,37.239999999,0.11469534050179211,72.427638888,,,0.07586618876941457,0.018652921142169654,0.0931899641577061,False
45,105,13.166666666666666,88.305000004,13.114999996000002,1.1241666670000001,99.26953753393168,0.0,93.0,0.77,0.14157706093189965,17.0995670995671,1.1241666670000003,False,offpeak,2022-06-20 21:00:00,21,0,False,2022-06-20,-0.7071067811865477,0.7071067811865474,0.0,1.0,0,0,0,93,0.12365591397849462,76.23,0.0967741935483871,59.134444443,0.06989247311827956,41.626666664,0.10752688172043011,69.999999996,,,0.09677419354838708,0.026881720430107503,0.09356332138590202,False
46,105,14.833333333333334,102.865972221,14.833055556,1.1241666670000001,115.63849713939618,0.0,93.0,0.77,0.15949820788530467,19.264069264069263,1.1241666670000001,False,offpeak,2022-06-20 22:00:00,22,0,False,2022-06-20,-0.5000000000000004,0.8660254037844384,0.0,1.0,0,0,0,93,0.14157706093189965,88.305000004,0.12365591397849462,76.23,0.0967741935483871,59.134444443,0.10752688172043011,69.999999996,,,0.12066905615292711,0.02255028206472737,0.0949820788530466,False
47,105,15.0,105.0,15.0,1.1241666670000001,118.03750003500001,0.0,93.0,0.77,0.16129032258064516,19.48051948051948,1.1241666670000001,False,offpeak,2022-06-20 23:00:00,23,0,False,2022-06-20,-0.25881904510252157,0.9659258262890681,0.0,1.0,0,0,0,93,0.15949820788530467,102.865972221,0.14157706093189965,88.305000004,0.12365591397849462,76.23,0.10752688172043011,69.999999996,,,0.14157706093189962,0.01792114695340486,0.09714755077658305,False
48,105,24.416666666666668,105.0,15.0,1.1241666670000001,118.03750003500001,0.0,93.0,0.77,0.2625448028673835,31.70995670995671,1.1241666670000001,False,offpeak,2022-06-21 00:00:00,0,1,False,2022-06-21,0.0,1.0,0.7818314824680298,0.6234898018587336,0,0,0,93,0.16129032258064516,105.0,0.15949820788530467,102.865972221,0.14157706093189965,88.305000004,0.11111111111111112,72.144722221,,,0.15412186379928314,0.010901008118813714,0.09938769414575867,False
49,105,18.25,109.481944442,15.640277775000001,1.1241666670000001,123.0759525800423,0.0,93.0,0.77,0.19623655913978494,23.7012987012987,1.124166667,False,offpeak,2022-06-21 01:00:00,1,1,False,2022-06-21,0.25881904510252074,0.9659258262890683,0.7818314824680298,0.6234898018587336,0,0,0,93,0.2625448028673835,105.0,0.16129032258064516,105.0,0.15949820788530467,102.865972221,0.11827956989247312,77.000000004,,,0.19444444444444442,0.058983447099757426,0.10569743130227001,False
50,105,16.0,111.999999996,15.999999996000001,1.1241666670000001,125.90666669950332,0.0,93.0,0.77,0.17204301075268819,20.77922077922078,1.124166667,False,offpeak,2022-06-21 02:00:00,2,1,False,2022-06-21,0.49999999999999994,0.8660254037844387,0.7818314824680298,0.6234898018587336,0,0,0,93,0.19623655913978494,109.481944442,0.2625448028673835,105.0,0.16129032258064516,105.0,0.11827956989247312,77.000000004,,,0.2066905615292712,0.051430361354008615,0.10894563918757466,False
51,105,16.0,111.999999996,15.999999996000001,1.1241666670000001,125.90666669950332,0.0,93.0,0.77,0.17204301075268819,20.77922077922078,1.124166667,False,offpeak,2022-06-21 03:00:00,3,1,False,2022-06-21,0.7071067811865476,0.7071067811865476,0.7818314824680298,0.6234898018587336,0,0,0,93,0.17204301075268819,111.999999996,0.19623655913978494,109.481944442,0.2625448028673835,105.0,0.11827956989247312,77.000000004,,,0.2102747909199522,0.046855603268212746,0.11118578255675031,False
52,105,15.666666666666666,109.845555553,15.69222222,1.1241666670000001,123.48471207077935,0.0,93.0,0.77,0.16845878136200715,20.346320346320343,1.1241666670000001,False,offpeak,2022-06-21 04:00:00,4,1,False,2022-06-21,0.8660254037844386,0.5000000000000001,0.7818314824680298,0.6234898018587336,0,0,0,93,0.17204301075268819,111.999999996,0.17204301075268819,111.999999996,0.19623655913978494,109.481944442,0.11379928315412187,74.258333334,,,0.1801075268817204,0.013968151673942273,0.11342592592592593,False
53,105,14.583333333333334,101.589444445,14.583055556999998,1.1241666670000001,114.20346716411728,0.0,93.0,0.77,0.15681003584229392,18.93939393939394,1.1241666669999997,False,offpeak,2022-06-21 05:00:00,5,1,False,2022-06-21,0.9659258262890683,0.25881904510252074,0.7818314824680298,0.6234898018587336,0,0,0,93,0.16845878136200715,109.845555553,0.17204301075268819,111.999999996,0.17204301075268819,111.999999996,0.10215053763440861,66.680833331,,,0.1708482676224612,0.0020693558035452145,0.11570340501792116,False
54,105,15.0,101.499999996,15.0,1.1241666670000001,114.1029166960033,0.0,93.0,0.77,0.16129032258064516,19.48051948051948,1.1241666669999997,False,offpeak,2022-06-21 06:00:00,6,1,False,2022-06-21,1.0,6.123233995736766e-17,0.7818314824680298,0.6234898018587336,0,0,0,93,0.15681003584229392,101.589444445,0.16845878136200715,109.845555553,0.17204301075268819,111.999999996,0.0967741935483871,63.0,,,0.16577060931899643,0.007964331915156856,0.11798088410991636,False
55,105,14.25,96.432777777,14.276111113999999,1.1241666670000001,108.40651438312176,0.0,93.0,0.77,0.1532258064516129,18.506493506493506,1.1241666670000001,False,offpeak,2022-06-21 07:00:00,7,1,False,2022-06-21,0.9659258262890683,-0.25881904510252063,0.7818314824680298,0.6234898018587336,0,0,0,93,0.16129032258064516,101.499999996,0.15681003584229392,101.589444445,0.16845878136200715,109.845555553,0.08333333333333333,54.615555554,,,0.16218637992831542,0.005875840971596126,0.12066905615292711,False
56,105,13.25,89.279166668,13.254166667000002,1.1241666670000001,100.36466322570307,0.0,93.0,0.77,0.1424731182795699,17.207792207792206,1.1241666670000001,False,offpeak,2022-06-21 08:00:00,8,1,False,2022-06-21,0.8660254037844387,-0.4999999999999998,0.7818314824680298,0.6234898018587336,0,0,0,93,0.1532258064516129,96.432777777,0.16129032258064516,101.499999996,0.15681003584229392,101.589444445,0.07078853046594982,46.08333333099999,,,0.15710872162485065,0.00404054637349631,0.12358124253285542,False
57,105,11.0,73.877222222,11.053888889999998,1.1241666670000001,83.05031067252408,0.0,93.0,0.77,0.11827956989247312,14.285714285714285,1.1241666670000001,False,offpeak,2022-06-21 09:00:00,9,1,False,2022-06-21,0.7071067811865476,-0.7071067811865475,0.7818314824680298,0.6234898018587336,0,0,0,93,0.1424731182795699,89.279166668,0.1532258064516129,96.432777777,0.16129032258064516,101.499999996,0.08333333333333333,54.071111113,,,0.15232974910394267,0.009440549957752968,0.12656810035842295,False
58,105,12.5,73.5,11.000000003999999,1.1241666670000001,82.6262500245,0.0,93.0,0.77,0.13440860215053763,16.233766233766232,1.124166667,False,offpeak,2022-06-21 10:00:00,10,1,False,2022-06-21,0.49999999999999994,-0.8660254037844387,0.7818314824680298,0.6234898018587336,0,0,0,93,0.11827956989247312,73.877222222,0.1424731182795699,89.279166668,0.1532258064516129,96.432777777,0.08602150537634409,55.80166667,,,0.13799283154121866,0.017898731501288515,0.1280241935483871,False
59,105,9.5,65.309999999,9.580000000999998,1.1241666670000001,73.41932502064583,0.0,93.0,0.77,0.10215053763440861,12.337662337662337,1.124166667,False,offpeak,2022-06-21 11:00:00,11,1,False,2022-06-21,0.258819045102521,-0.9659258262890682,0.7818314824680298,0.6234898018587336,0,0,0,93,0.13440860215053763,73.5,0.11827956989247312,73.877222222,0.1424731182795699,89.279166668,0.09318996415770608,56.979999998,,,0.13172043010752688,0.012318751868160624,0.13004032258064516,False
60,105,9.0,59.120833331,8.945833334000001,1.1241666670000001,66.46167015597277,0.0,93.0,0.77,0.0967741935483871,11.688311688311687,1.124166667,False,offpeak,2022-06-21 12:00:00,12,1,False,2022-06-21,1.2246467991473532e-16,-1.0,0.7818314824680298,0.6234898018587336,0,0,0,93,0.10215053763440861,65.309999999,0.13440860215053763,73.5,0.11827956989247312,73.877222222,0.0913978494623656,56.375277776,,,0.11827956989247312,0.01612903225806435,0.1304136798088411,False
61,105,10.083333333333334,66.90055555900001,10.057222219000002,1.1241666670000001,75.20737456320936,0.0,93.0,0.77,0.10842293906810037,13.095238095238095,1.124166667,False,offpeak,2022-06-21 13:00:00,13,1,False,2022-06-21,-0.2588190451025208,-0.9659258262890683,0.7818314824680298,0.6234898018587336,0,0,0,93,0.0967741935483871,59.120833331,0.10215053763440861,65.309999999,0.13440860215053763,73.5,0.07974910394265233,48.626666668999995,,,0.1111111111111111,0.020354510200000862,0.13063769414575868,False
62,105,11.833333333333334,72.13111110999999,10.608888890000003,1.1241666670000001,81.08739076353535,0.0,93.0,0.77,0.12724014336917563,15.367965367965368,1.124166667,False,offpeak,2022-06-21 14:00:00,14,1,False,2022-06-21,-0.4999999999999997,-0.8660254037844388,0.7818314824680298,0.6234898018587336,0,0,0,93,0.10842293906810037,66.90055555900001,0.0967741935483871,59.120833331,0.10215053763440861,65.309999999,0.07706093189964158,50.44472221999999,,,0.10244922341696534,0.005830113887676822,0.13183243727598568,False
63,105,10.25,69.999999996,9.999999996000001,1.1241666670000001,78.69166668550331,0.0,93.0,0.77,0.11021505376344086,13.311688311688311,1.1241666669999997,False,offpeak,2022-06-21 15:00:00,15,1,False,2022-06-21,-0.7071067811865471,-0.7071067811865479,0.7818314824680298,0.6234898018587336,0,0,0,93,0.12724014336917563,72.13111110999999,0.10842293906810037,66.90055555900001,0.0967741935483871,59.120833331,0.07168458781362007,46.85722222,,,0.11081242532855436,0.0153728903613592,0.1339232377538829,False
64,105,9.916666666666666,69.599444444,9.942777777,1.1241666670000001,78.24137548566314,0.0,93.0,0.77,0.10663082437275985,12.878787878787877,1.124166667,False,offpeak,2022-06-21 16:00:00,16,1,False,2022-06-21,-0.8660254037844385,-0.5000000000000004,0.7818314824680298,0.6234898018587336,0,0,0,93,0.11021505376344086,69.999999996,0.12724014336917563,72.13111110999999,0.10842293906810037,66.90055555900001,0.056451612903225805,36.934722225,,,0.11529271206690563,0.010385506959804853,0.13552867383512546,False
65,105,9.833333333333334,66.99291666900001,9.974166665,1.1241666670000001,75.31120384439846,0.0,93.0,0.77,0.10573476702508962,12.770562770562771,1.1241666669999997,False,offpeak,2022-06-21 17:00:00,17,1,False,2022-06-21,-0.9659258262890683,-0.25881904510252063,0.7818314824680298,0.6234898018587336,0,0,0,93,0.10663082437275985,69.599444444,0.11021505376344086,69.999999996,0.12724014336917563,72.13111110999999,0.06093189964157707,37.239999999,,,0.11469534050179213,0.011010937031760098,0.1376194743130227,False
66,105,10.916666666666666,72.93416667,10.919166663000002,1.1241666670000001,81.9901590558364,0.0,93.0,0.77,0.11738351254480286,14.177489177489177,1.1241666670000001,False,offpeak,2022-06-21 18:00:00,18,1,False,2022-06-21,-1.0,-1.8369701987210297e-16,0.7818314824680298,0.6234898018587336,0,0,0,93,0.10573476702508962,66.99291666900001,0.10663082437275985,69.599444444,0.11021505376344086,69.999999996,0.06989247311827956,41.626666664,,,0.10752688172043011,0.0023707449023866764,0.1394862604540024,False
67,105,12.0,84.097222222,12.027777778,1.1241666670000001,94.53929400926405,0.0,93.0,0.77,0.12903225806451613,15.584415584415584,1.1241666669999997,False,offpeak,2022-06-21 19:00:00,19,1,False,2022-06-21,-0.9659258262890684,0.2588190451025203,0.7818314824680298,0.6234898018587336,0,0,0,93,0.11738351254480286,72.93416667,0.10573476702508962,66.99291666900001,0.10663082437275985,69.599444444,0.0967741935483871,59.134444443,,,0.10991636798088411,0.006482238474972973,0.14146505376344085,False
68,105,11.333333333333334,79.529722225,11.361388890999999,1.1241666670000001,89.40466276111407,0.0,93.0,0.77,0.12186379928315413,14.718614718614718,1.124166667,False,offpeak,2022-06-21 20:00:00,20,1,False,2022-06-21,-0.8660254037844386,0.5000000000000001,0.7818314824680298,0.6234898018587336,0,0,0,93,0.12903225806451613,84.097222222,0.11738351254480286,72.93416667,0.10573476702508962,66.99291666900001,0.12365591397849462,76.23,,,0.11738351254480288,0.011648745519713047,0.14280913978494622,False
69,105,11.083333333333334,77.400555559,11.057222225999999,1.1241666670000001,87.01112456670934,0.0,93.0,0.77,0.11917562724014337,14.393939393939394,1.124166667,False,offpeak,2022-06-21 21:00:00,21,1,False,2022-06-21,-0.7071067811865477,0.7071067811865474,0.7818314824680298,0.6234898018587336,0,0,0,93,0.12186379928315413,79.529722225,0.12903225806451613,84.097222222,0.11738351254480286,72.93416667,0.14157706093189965,88.305000004,,,0.12275985663082438,0.00587584097159635,0.14273446833930706,False
70,105,11.416666666666666,80.103333335,11.443333334999998,1.1241666670000001,90.04949725079695,0.0,93.0,0.77,0.12275985663082437,14.826839826839826,1.124166667,False,offpeak,2022-06-21 22:00:00,22,1,False,2022-06-21,-0.5000000000000004,0.8660254037844384,0.7818314824680298,0.6234898018587336,0,0,0,93,0.11917562724014337,77.400555559,0.12186379928315413,79.529722225,0.12903225806451613,84.097222222,0.15949820788530467,102.865972221,,,0.12335722819593788,0.005095197762613602,0.1418010752688172,False
71,105,11.0,77.000000004,11.000000003999999,1.1241666670000001,86.56083336349666,0.0,93.0,0.77,0.11827956989247312,14.285714285714285,1.124166667,False,offpeak,2022-06-21 23:00:00,23,1,False,2022-06-21,-0.25881904510252157,0.9659258262890681,0.7818314824680298,0.6234898018587336,0,0,0,93,0.12275985663082437,80.103333335,0.11917562724014337,77.400555559,0.12186379928315413,79.529722225,0.16129032258064516,105.0,,,0.12126642771804062,0.001865292114215658,0.14027031063321385,False
72,105,11.0,77.000000004,11.000000003999999,1.1241666670000001,86.56083336349666,0.0,93.0,0.77,0.11827956989247312,14.285714285714285,1.124166667,False,offpeak,2022-06-22 00:00:00,0,2,False,2022-06-22,0.0,1.0,0.9749279121818236,-0.22252093395631434,0,0,0,93,0.11827956989247312,77.000000004,0.12275985663082437,80.103333335,0.11917562724014337,77.400555559,0.2625448028673835,105.0,,,0.12007168458781363,0.0023707449023866014,0.13847819593787336,False
73,105,11.0,77.000000004,11.000000003999999,1.1241666670000001,86.56083336349666,0.0,93.0,0.77,0.11827956989247312,14.285714285714285,1.124166667,False,offpeak,2022-06-22 01:00:00,1,2,False,2022-06-22,0.25881904510252074,0.9659258262890683,0.9749279121818236,-0.22252093395631434,0,0,0,93,0.11827956989247312,77.000000004,0.11827956989247312,77.000000004,0.12275985663082437,80.103333335,0.19623655913978494,109.481944442,,,0.11977299880525688,0.0025866947544328682,0.13246714456391875,False
74,105,11.0,77.000000004,11.000000003999999,1.1241666670000001,86.56083336349666,0.0,93.0,0.77,0.11827956989247312,14.285714285714285,1.124166667,False,offpeak,2022-06-22 02:00:00,2,2,False,2022-06-22,0.49999999999999994,0.8660254037844387,0.9749279121818236,-0.22252093395631434,0,0,0,93,0.11827956989247312,77.000000004,0.11827956989247312,77.000000004,0.11827956989247312,77.000000004,0.17204301075268819,111.999999996,,,0.11827956989247312,0.0,0.1292189366786141,False
75,105,11.833333333333334,82.646666667,11.806666667,1.1241666670000001,92.90862780570136,0.0,93.0,0.77,0.12724014336917563,15.367965367965368,1.1241666669999995,False,offpeak,2022-06-22 03:00:00,3,2,False,2022-06-22,0.7071067811865476,0.7071067811865476,0.9749279121818236,-0.22252093395631434,0,0,0,93,0.11827956989247312,77.000000004,0.11827956989247312,77.000000004,0.11827956989247312,77.000000004,0.17204301075268819,111.999999996,,,0.11827956989247312,0.0,0.12697879330943848,False
76,105,11.5,80.686666668,11.526666667999997,1.1241666670000001,90.70526113950555,0.0,93.0,0.77,0.12365591397849462,14.935064935064934,1.124166667,False,offpeak,2022-06-22 04:00:00,4,2,False,2022-06-22,0.8660254037844386,0.5000000000000001,0.9749279121818236,-0.22252093395631434,0,0,0,93,0.12724014336917563,82.646666667,0.11827956989247312,77.000000004,0.11827956989247312,77.000000004,0.16845878136200715,109.845555553,,,0.12126642771804062,0.0051733895088671355,0.1251120071684588,False
77,105,10.416666666666666,73.099444444,10.442777777,1.1241666670000001,82.17595882016313,0.0,93.0,0.77,0.11200716845878135,13.528138528138527,1.1241666669999997,False,offpeak,2022-06-22 05:00:00,5,2,False,2022-06-22,0.9659258262890683,0.25881904510252074,0.9749279121818236,-0.22252093395631434,0,0,0,93,0.12365591397849462,80.686666668,0.12724014336917563,82.646666667,0.11827956989247312,77.000000004,0.15681003584229392,101.589444445,,,0.12305854241338111,0.004510056412944924,0.12324522102747909,False
78,105,10.0,69.999999996,9.999999996000001,1.1241666670000001,78.69166668550331,0.0,93.0,0.77,0.10752688172043011,12.987012987012987,1.1241666669999997,False,offpeak,2022-06-22 06:00:00,6,2,False,2022-06-22,1.0,6.123233995736766e-17,0.9749279121818236,-0.22252093395631434,0,0,0,93,0.11200716845878135,73.099444444,0.12365591397849462,80.686666668,0.12724014336917563,82.646666667,0.16129032258064516,101.499999996,,,0.12096774193548386,0.00796433191515704,0.12137843488649941,False
79,105,9.166666666666666,64.34361111,9.191944444,1.1241666670000001,72.33294284427286,0.0,93.0,0.77,0.0985663082437276,11.904761904761903,1.124166667,False,offpeak,2022-06-22 07:00:00,7,2,False,2022-06-22,0.9659258262890683,-0.25881904510252063,0.9749279121818236,-0.22252093395631434,0,0,0,93,0.10752688172043011,69.999999996,0.11200716845878135,73.099444444,0.12365591397849462,80.686666668,0.1532258064516129,96.432777777,,,0.11439665471923537,0.00832578247596531,0.11913829151732379,False
80,105,14.0,66.317222221,9.473888887000001,1.1241666670000001,74.5516106688799,0.0,93.0,0.77,0.15053763440860216,18.18181818181818,1.1241666670000001,False,offpeak,2022-06-22 08:00:00,8,2,False,2022-06-22,0.8660254037844387,-0.4999999999999998,0.9749279121818236,-0.22252093395631434,0,0,0,93,0.0985663082437276,64.34361111,0.10752688172043011,69.999999996,0.11200716845878135,73.099444444,0.1424731182795699,89.279166668,,,0.10603345280764635,0.006843751037866896,0.11686081242532857,False
81,105,27.416666666666668,67.268055553,9.60972222,1.1241666670000001,75.62050580658683,0.0,93.0,0.77,0.2948028673835126,35.60606060606061,1.124166667,False,offpeak,2022-06-22 09:00:00,9,2,False,2022-06-22,0.7071067811865476,-0.7071067811865475,0.9749279121818236,-0.22252093395631434,0,0,0,93,0.15053763440860216,66.317222221,0.0985663082437276,64.34361111,0.10752688172043011,69.999999996,0.11827956989247312,73.877222222,,,0.11887694145758664,0.02778259487272031,0.1171968339307049,False
82,105,16.666666666666668,74.861111113,10.694444446999999,1.1241666670000001,84.15636576781786,0.0,93.0,0.77,0.1792114695340502,21.645021645021647,1.1241666669999997,False,offpeak,2022-06-22 10:00:00,10,2,False,2022-06-22,0.49999999999999994,-0.8660254037844387,0.9749279121818236,-0.22252093395631434,0,0,0,93,0.2948028673835126,67.268055553,0.15053763440860216,66.317222221,0.0985663082437276,64.34361111,0.13440860215053763,73.5,,,0.18130227001194746,0.10167125399349874,0.12455197132616487,False
83,105,11.0,77.000000004,11.000000003999999,1.1241666670000001,86.56083336349666,0.0,93.0,0.77,0.11827956989247312,14.285714285714285,1.124166667,False,offpeak,2022-06-22 11:00:00,11,2,False,2022-06-22,0.258819045102521,-0.9659258262890682,0.9749279121818236,-0.22252093395631434,0,0,0,93,0.1792114695340502,74.861111113,0.2948028673835126,67.268055553,0.15053763440860216,66.317222221,0.10215053763440861,65.309999999,,,0.20818399044205496,0.0763719162202302,0.12641875746714457,False
84,105,11.0,77.000000004,11.000000003999999,1.1241666670000001,86.56083336349666,0.0,93.0,0.77,0.11827956989247312,14.285714285714285,1.124166667,False,offpeak,2022-06-22 12:00:00,12,2,False,2022-06-22,1.2246467991473532e-16,-1.0,0.9749279121818236,-0.22252093395631434,0,0,0,93,0.11827956989247312,77.000000004,0.1792114695340502,74.861111113,0.2948028673835126,67.268055553,0.0967741935483871,59.120833331,,,0.19743130227001196,0.08966097460976157,0.12709080047789725,False
85,105,10.25,71.93666666499999,10.276666665,1.1241666670000001,80.86880279988304,0.0,93.0,0.77,0.11021505376344086,13.311688311688311,1.124166667,False,offpeak,2022-06-22 13:00:00,13,2,False,2022-06-22,-0.2588190451025208,-0.9659258262890683,0.9749279121818236,-0.22252093395631434,0,0,0,93,0.11827956989247312,77.000000004,0.11827956989247312,77.000000004,0.1792114695340502,74.861111113,0.10842293906810037,66.90055555900001,,,0.13859020310633216,0.03517904866029969,0.1279868578255675,False
86,105,10.75,75.065277779,10.723611112999999,1.1241666670000001,84.38588312824758,0.0,93.0,0.77,0.11559139784946236,13.96103896103896,1.124166667,False,offpeak,2022-06-22 14:00:00,14,2,False,2022-06-22,-0.4999999999999997,-0.8660254037844388,0.9749279121818236,-0.22252093395631434,0,0,0,93,0.11021505376344086,71.93666666499999,0.11827956989247312,77.000000004,0.11827956989247312,77.000000004,0.12724014336917563,72.13111110999999,,,0.11559139784946237,0.004656050557980351,0.1280615292712067,False
87,105,10.416666666666666,72.910833333,10.415833332999998,1.1241666670000001,81.9639284961511,0.0,93.0,0.77,0.11200716845878135,13.528138528138527,1.124166667,False,offpeak,2022-06-22 15:00:00,15,2,False,2022-06-22,-0.7071067811865471,-0.7071067811865479,0.9749279121818236,-0.22252093395631434,0,0,0,93,0.11559139784946236,75.065277779,0.11021505376344086,71.93666666499999,0.11827956989247312,77.000000004,0.11021505376344086,69.999999996,,,0.11469534050179213,0.004106250622719727,0.12757616487455198,False
88,105,11.0,77.000000004,11.000000003999999,1.1241666670000001,86.56083336349666,0.0,93.0,0.77,0.11827956989247312,14.285714285714285,1.124166667,False,offpeak,2022-06-22 16:00:00,16,2,False,2022-06-22,-0.8660254037844385,-0.5000000000000004,0.9749279121818236,-0.22252093395631434,0,0,0,93,0.11200716845878135,72.910833333,0.11559139784946236,75.065277779,0.11021505376344086,71.93666666499999,0.10663082437275985,69.599444444,,,0.11260454002389486,0.002737500415146045,0.12765083632019117,False
89,105,9.75,68.62138888999999,9.803055556,1.1241666670000001,77.14187803338211,0.0,93.0,0.77,0.10483870967741936,12.662337662337663,1.124166667,False,offpeak,2022-06-22 17:00:00,17,2,False,2022-06-22,-0.9659258262890683,-0.25881904510252063,0.9749279121818236,-0.22252093395631434,0,0,0,93,0.11827956989247312,77.000000004,0.11200716845878135,72.910833333,0.11559139784946236,75.065277779,0.10573476702508962,66.99291666900001,,,0.11529271206690561,0.0031468499859170383,0.12813620071684587,False
90,105,9.833333333333334,65.823333336,9.806666664000002,1.1241666670000001,73.99639724716111,0.0,93.0,0.77,0.10573476702508962,12.770562770562771,1.124166667,False,offpeak,2022-06-22 18:00:00,18,2,False,2022-06-22,-1.0,-1.8369701987210297e-16,0.9749279121818236,-0.22252093395631434,0,0,0,93,0.10483870967741936,68.62138888999999,0.11827956989247312,77.000000004,0.11200716845878135,72.910833333,0.11738351254480286,72.93416667,,,0.11170848267622462,0.006725406361527582,0.12809886499402628,False
91,105,10.5,69.81527778,10.473611111,1.1241666670000001,78.48400812762176,0.0,93.0,0.77,0.11290322580645161,13.636363636363637,1.1241666670000001,False,offpeak,2022-06-22 19:00:00,19,2,False,2022-06-22,-0.9659258262890684,0.2588190451025203,0.9749279121818236,-0.22252093395631434,0,0,0,93,0.10573476702508962,65.823333336,0.10483870967741936,68.62138888999999,0.11827956989247312,77.000000004,0.12903225806451613,84.097222222,,,0.10961768219832736,0.0075147823329800925,0.12761350059737156,False
92,105,12.25,81.69194444600001,12.170277778,1.1241666670000001,91.83536090860899,0.0,93.0,0.77,0.13172043010752688,15.909090909090908,1.124166667,False,offpeak,2022-06-22 20:00:00,20,2,False,2022-06-22,-0.8660254037844386,0.5000000000000001,0.9749279121818236,-0.22252093395631434,0,0,0,93,0.11290322580645161,69.81527778,0.10573476702508962,65.823333336,0.10483870967741936,68.62138888999999,0.12186379928315413,79.529722225,,,0.10782556750298687,0.004420145933974693,0.12694145758661887,False
93,105,14.25,96.246111111,14.249444446999998,1.1241666670000001,108.19666993936454,0.0,93.0,0.77,0.1532258064516129,18.506493506493506,1.124166667,False,offpeak,2022-06-22 21:00:00,21,2,False,2022-06-22,-0.7071067811865477,0.7071067811865474,0.9749279121818236,-0.22252093395631434,0,0,0,93,0.13172043010752688,81.69194444600001,0.11290322580645161,69.81527778,0.10573476702508962,65.823333336,0.11917562724014337,77.400555559,,,0.11678614097968937,0.013420933057742326,0.1273521505376344,False
94,105,14.0,94.5,14.000000003999999,1.1241666670000001,106.2337500315,0.0,93.0,0.77,0.15053763440860216,18.18181818181818,1.124166667,False,offpeak,2022-06-22 22:00:00,22,2,False,2022-06-22,-0.5000000000000004,0.8660254037844384,0.9749279121818236,-0.22252093395631434,0,0,0,93,0.1532258064516129,96.246111111,0.13172043010752688,81.69194444600001,0.11290322580645161,69.81527778,0.12275985663082437,80.103333335,,,0.13261648745519714,0.020176219084583533,0.128770908004779,False
95,105,14.0,94.5,14.000000003999999,1.1241666670000001,106.2337500315,0.0,93.0,0.77,0.15053763440860216,18.18181818181818,1.124166667,False,offpeak,2022-06-22 23:00:00,23,2,False,2022-06-22,-0.25881904510252157,0.9659258262890681,0.9749279121818236,-0.22252093395631434,0,0,0,93,0.15053763440860216,94.5,0.1532258064516129,96.246111111,0.13172043010752688,81.69194444600001,0.11827956989247312,77.000000004,,,0.14516129032258066,0.011717470278334814,0.12992831541218638,False
96,105,13.666666666666666,93.42763888799999,13.693611113000003,1.1241666670000001,105.02823741440255,0.0,93.0,0.77,0.14695340501792115,17.748917748917748,1.1241666670000001,False,offpeak,2022-06-23 00:00:00,0,3,False,2022-06-23,0.0,1.0,0.43388373911755823,-0.900968867902419,0,0,0,93,0.15053763440860216,94.5,0.15053763440860216,94.5,0.1532258064516129,96.246111111,0.11827956989247312,77.000000004,,,0.15143369175627241,0.0015520168526575243,0.13127240143369176,False
97,105,13.0,90.999999996,12.999999996000001,1.1241666670000001,102.29916669250333,0.0,93.0,0.77,0.13978494623655913,16.883116883116884,1.1241666670000001,False,offpeak,2022-06-23 01:00:00,1,3,False,2022-06-23,0.25881904510252074,0.9659258262890683,0.43388373911755823,-0.900968867902419,0,0,0,93,0.14695340501792115,93.42763888799999,0.15053763440860216,94.5,0.15053763440860216,94.5,0.11827956989247312,77.000000004,,,0.14934289127837516,0.0020693558035450362,0.13246714456391875,False
98,105,13.166666666666666,91.74277777500001,13.106111108,1.1241666670000001,103.13417271264342,0.0,93.0,0.77,0.14157706093189965,17.0995670995671,1.124166667,False,offpeak,2022-06-23 02:00:00,2,3,False,2022-06-23,0.49999999999999994,0.8660254037844387,0.43388373911755823,-0.900968867902419,0,0,0,93,0.13978494623655913,90.999999996,0.14695340501792115,93.42763888799999,0.15053763440860216,94.5,0.11827956989247312,77.000000004,,,0.14575866188769415,0.005475000830293005,0.133363201911589,False
99,105,14.0,98.000000004,14.000000003999999,1.1241666670000001,110.16833337049664,0.0,93.0,0.77,0.15053763440860216,18.18181818181818,1.1241666669999997,False,offpeak,2022-06-23 03:00:00,3,3,False,2022-06-23,0.7071067811865476,0.7071067811865476,0.43388373911755823,-0.900968867902419,0,0,0,93,0.14157706093189965,91.74277777500001,0.13978494623655913,90.999999996,0.14695340501792115,93.42763888799999,0.12724014336917563,82.646666667,,,0.14277180406212664,0.003730584228432921,0.13433393070489844,False
100,105,13.5,94.6925,13.527500000000003,1.1241666670000001,106.4501521148975,0.0,93.0,0.77,0.14516129032258066,17.532467532467532,1.1241666670000001,False,offpeak,2022-06-23 04:00:00,4,3,False,2022-06-23,0.8660254037844386,0.5000000000000001,0.43388373911755823,-0.900968867902419,0,0,0,93,0.15053763440860216,98.000000004,0.14157706093189965,91.74277777500001,0.13978494623655913,90.999999996,0.12365591397849462,80.686666668,,,0.14396654719235363,0.005760842748501711,0.13530465949820789,False
101,105,12.166666666666666,85.532222221,12.218888887999999,1.1241666670000001,96.15247317528488,0.0,93.0,0.77,0.13082437275985662,15.8008658008658,1.1241666669999997,False,offpeak,2022-06-23 05:00:00,5,3,False,2022-06-23,0.9659258262890683,0.25881904510252074,0.43388373911755823,-0.900968867902419,0,0,0,93,0.14516129032258066,94.6925,0.15053763440860216,98.000000004,0.14157706093189965,91.74277777500001,0.11200716845878135,73.099444444,,,0.14575866188769415,0.004510056412944639,0.13620071684587812,False
102,105,11.0,77.000000004,11.000000003999999,1.1241666670000001,86.56083336349666,0.0,93.0,0.77,0.11827956989247312,14.285714285714285,1.124166667,False,offpeak,2022-06-23 06:00:00,6,3,False,2022-06-23,1.0,6.123233995736766e-17,0.43388373911755823,-0.900968867902419,0,0,0,93,0.13082437275985662,85.532222221,0.14516129032258066,94.6925,0.15053763440860216,98.000000004,0.10752688172043011,69.999999996,,,0.14217443249701314,0.01019039552522782,0.1369847670250896,False
103,105,11.333333333333334,78.923055557,11.274722223,1.1241666670000001,88.72266831496849,0.0,93.0,0.77,0.12186379928315413,14.718614718614718,1.1241666669999997,False,offpeak,2022-06-23 07:00:00,7,3,False,2022-06-23,0.9659258262890683,-0.25881904510252063,0.43388373911755823,-0.900968867902419,0,0,0,93,0.11827956989247312,77.000000004,0.13082437275985662,85.532222221,0.14516129032258066,94.6925,0.0985663082437276,64.34361111,,,0.13142174432497014,0.013450812723055518,0.13743279569892472,False
104,105,11.916666666666666,74.662777779,10.666111113000001,1.1241666670000001,83.93340604478007,0.0,93.0,0.77,0.12813620071684587,15.476190476190474,1.1241666669999997,False,offpeak,2022-06-23 08:00:00,8,3,False,2022-06-23,0.8660254037844387,-0.4999999999999998,0.43388373911755823,-0.900968867902419,0,0,0,93,0.12186379928315413,78.923055557,0.11827956989247312,77.000000004,0.13082437275985662,85.532222221,0.15053763440860216,66.317222221,,,0.12365591397849462,0.0064615614255621205,0.13840352449223417,False
105,105,10.25,69.999999996,9.999999996000001,1.1241666670000001,78.69166668550331,0.0,93.0,0.77,0.11021505376344086,13.311688311688311,1.1241666669999997,False,offpeak,2022-06-23 09:00:00,9,3,False,2022-06-23,0.7071067811865476,-0.7071067811865475,0.43388373911755823,-0.900968867902419,0,0,0,93,0.12813620071684587,74.662777779,0.12186379928315413,78.923055557,0.11827956989247312,77.000000004,0.2948028673835126,67.268055553,,,0.12275985663082438,0.004989036167409669,0.13747013142174433,False
106,105,8.666666666666666,59.487361109999995,8.692500000999999,1.1241666670000001,66.87370846765411,0.0,93.0,0.77,0.09318996415770608,11.255411255411254,1.124166667,False,offpeak,2022-06-23 10:00:00,10,3,False,2022-06-23,0.49999999999999994,-0.8660254037844387,0.43388373911755823,-0.900968867902419,0,0,0,93,0.11021505376344086,69.999999996,0.12813620071684587,74.662777779,0.12186379928315413,78.923055557,0.1792114695340502,74.861111113,,,0.12007168458781363,0.009093988857609106,0.129778972520908,False
107,105,9.0,59.49999999599999,9.0,1.1241666670000001,66.88791668200332,0.0,93.0,0.77,0.0967741935483871,11.688311688311687,1.124166667,False,offpeak,2022-06-23 11:00:00,11,3,False,2022-06-23,0.258819045102521,-0.9659258262890682,0.43388373911755823,-0.900968867902419,0,0,0,93,0.09318996415770608,59.487361109999995,0.11021505376344086,69.999999996,0.12813620071684587,74.662777779,0.11827956989247312,77.000000004,,,0.1105137395459976,0.01747503282713249,0.12619474313022702,False
108,105,9.0,59.49999999599999,9.0,1.1241666670000001,66.88791668200332,0.0,93.0,0.77,0.0967741935483871,11.688311688311687,1.124166667,False,offpeak,2022-06-23 12:00:00,12,3,False,2022-06-23,1.2246467991473532e-16,-1.0,0.43388373911755823,-0.900968867902419,0,0,0,93,0.0967741935483871,59.49999999599999,0.09318996415770608,59.487361109999995,0.11021505376344086,69.999999996,0.11827956989247312,77.000000004,,,0.10005973715651134,0.008975495341287925,0.12529868578255676,False
109,105,9.666666666666666,63.793333334,9.613333332,1.1241666670000001,71.71433891090277,0.0,93.0,0.77,0.1039426523297491,12.554112554112553,1.124166667,False,offpeak,2022-06-23 13:00:00,13,3,False,2022-06-23,-0.2588190451025208,-0.9659258262890683,0.43388373911755823,-0.900968867902419,0,0,0,93,0.0967741935483871,59.49999999599999,0.0967741935483871,59.49999999599999,0.09318996415770608,59.487361109999995,0.11021505376344086,71.93666666499999,,,0.09557945041816009,0.002069355803545076,0.12440262843488649,False
110,105,10.666666666666666,71.35138889,10.693055557000001,1.1241666670000001,80.21085303429211,0.0,93.0,0.77,0.11469534050179211,13.852813852813851,1.124166667,False,offpeak,2022-06-23 14:00:00,14,3,False,2022-06-23,-0.4999999999999997,-0.8660254037844388,0.43388373911755823,-0.900968867902419,0,0,0,93,0.1039426523297491,63.793333334,0.0967741935483871,59.49999999599999,0.0967741935483871,59.49999999599999,0.11559139784946236,75.065277779,,,0.0991636798088411,0.0041387116070931255,0.12414127837514934,False
111,105,10.0,66.500000004,9.999999996000001,1.1241666670000001,74.75708335999667,0.0,93.0,0.77,0.10752688172043011,12.987012987012987,1.1241666670000001,False,offpeak,2022-06-23 15:00:00,15,3,False,2022-06-23,-0.7071067811865471,-0.7071067811865479,0.43388373911755823,-0.900968867902419,0,0,0,93,0.11469534050179211,71.35138889,0.1039426523297491,63.793333334,0.0967741935483871,59.49999999599999,0.11200716845878135,72.910833333,,,0.1051373954599761,0.00902011282589055,0.12410394265232975,False
112,105,10.833333333333334,68.259722225,10.251388887000003,1.1241666670000001,76.73530442402406,0.0,93.0,0.77,0.11648745519713262,14.06926406926407,1.124166667,False,offpeak,2022-06-23 16:00:00,16,3,False,2022-06-23,-0.8660254037844385,-0.5000000000000004,0.43388373911755823,-0.900968867902419,0,0,0,93,0.10752688172043011,66.500000004,0.11469534050179211,71.35138889,0.1039426523297491,63.793333334,0.11827956989247312,77.000000004,,,0.1087216248506571,0.005475000830293018,0.12391726403823178,False
113,105,10.916666666666666,66.13250000400001,9.947499996000001,1.1241666670000001,74.34395210987418,0.0,93.0,0.77,0.11738351254480286,14.177489177489177,1.1241666670000001,False,offpeak,2022-06-23 17:00:00,17,3,False,2022-06-23,-0.9659258262890683,-0.25881904510252063,0.43388373911755823,-0.900968867902419,0,0,0,93,0.11648745519713262,68.259722225,0.10752688172043011,66.500000004,0.11469534050179211,71.35138889,0.10483870967741936,68.62138888999999,,,0.11290322580645162,0.0047414898047744725,0.1238425925925926,False
114,105,9.833333333333334,57.753888886,8.750555556000002,1.1241666670000001,64.92499677526295,0.0,93.0,0.77,0.10573476702508962,12.770562770562771,1.124166667,False,offpeak,2022-06-23 18:00:00,18,3,False,2022-06-23,-1.0,-1.8369701987210297e-16,0.43388373911755823,-0.900968867902419,0,0,0,93,0.11738351254480286,66.13250000400001,0.11648745519713262,68.259722225,0.10752688172043011,66.500000004,0.10573476702508962,65.823333336,,,0.11379928315412187,0.005450504059406333,0.12436529271206691,False
115,105,12.666666666666666,78.17833333099999,11.668333334,1.1241666670000001,87.88547641232527,0.0,93.0,0.77,0.13620071684587812,16.45021645021645,1.1241666670000001,False,offpeak,2022-06-23 19:00:00,19,3,False,2022-06-23,-0.9659258262890684,0.2588190451025203,0.43388373911755823,-0.900968867902419,0,0,0,93,0.10573476702508962,57.753888886,0.11738351254480286,66.13250000400001,0.11648745519713262,68.259722225,0.11290322580645161,69.81527778,,,0.11320191158900837,0.006482238474972753,0.12436529271206691,False
116,105,13.0,80.499999996,12.0,1.1241666670000001,90.49541668900332,0.0,93.0,0.77,0.13978494623655913,16.883116883116884,1.124166667,False,offpeak,2022-06-23 20:00:00,20,3,False,2022-06-23,-0.8660254037844386,0.5000000000000001,0.43388373911755823,-0.900968867902419,0,0,0,93,0.13620071684587812,78.17833333099999,0.10573476702508962,57.753888886,0.11738351254480286,66.13250000400001,0.13172043010752688,81.69194444600001,,,0.11977299880525687,0.015372890361359104,0.12533602150537634,False
117,105,13.0,80.499999996,12.0,1.1241666670000001,90.49541668900332,0.0,93.0,0.77,0.13978494623655913,16.883116883116884,1.124166667,False,offpeak,2022-06-23 21:00:00,21,3,False,2022-06-23,-0.7071067811865477,0.7071067811865474,0.43388373911755823,-0.900968867902419,0,0,0,93,0.13978494623655913,80.499999996,0.13620071684587812,78.17833333099999,0.10573476702508962,57.753888886,0.1532258064516129,96.246111111,,,0.12724014336917563,0.01871022671847751,0.1256720430107527,False
118,105,13.833333333333334,85.952222221,12.778888889999998,1.1241666670000001,96.6246231754249,0.0,93.0,0.77,0.14874551971326166,17.965367965367967,1.124166667,False,offpeak,2022-06-23 22:00:00,22,3,False,2022-06-23,-0.5000000000000004,0.8660254037844384,0.43388373911755823,-0.900968867902419,0,0,0,93,0.13978494623655913,80.499999996,0.13978494623655913,80.499999996,0.13620071684587812,78.17833333099999,0.15053763440860216,94.5,,,0.1385902031063321,0.002069355803545949,0.12511200716845877,False
119,105,15.0,94.5,14.000000003999999,1.1241666670000001,106.2337500315,0.0,93.0,0.77,0.16129032258064516,19.48051948051948,1.124166667,False,offpeak,2022-06-23 23:00:00,23,3,False,2022-06-23,-0.25881904510252157,0.9659258262890681,0.43388373911755823,-0.900968867902419,0,0,0,93,0.14874551971326166,85.952222221,0.13978494623655913,80.499999996,0.13978494623655913,80.499999996,0.15053763440860216,94.5,,,0.14277180406212664,0.0051733895088672335,0.12503733572281958,False
120,105,18.666666666666668,99.374722222,14.696388891000003,1.1241666670000001,111.71375026435656,0.0,93.0,0.77,0.2007168458781362,24.242424242424242,1.124166667,False,offpeak,2022-06-24 00:00:00,0,4,False,2022-06-24,0.0,1.0,-0.433883739117558,-0.9009688679024191,0,0,0,93,0.16129032258064516,94.5,0.14874551971326166,85.952222221,0.13978494623655913,80.499999996,0.14695340501792115,93.42763888799999,,,0.14994026284348863,0.010802354432511874,0.12548536439665472,False
121,105,17.0,108.500000004,15.999999996000001,1.1241666670000001,121.97208337399665,0.0,93.0,0.77,0.1827956989247312,22.07792207792208,1.124166667,False,offpeak,2022-06-24 01:00:00,1,4,False,2022-06-24,0.25881904510252074,0.9659258262890683,-0.433883739117558,-0.9009688679024191,0,0,0,93,0.2007168458781362,99.374722222,0.16129032258064516,94.5,0.14874551971326166,85.952222221,0.13978494623655913,90.999999996,,,0.17025089605734767,0.027119616398604926,0.12772550776583033,False
122,105,17.833333333333332,114.136944445,16.805277779999997,1.1241666670000001,128.3089484182998,0.0,93.0,0.77,0.19175627240143367,23.16017316017316,1.124166667,False,offpeak,2022-06-24 02:00:00,2,4,False,2022-06-24,0.49999999999999994,0.8660254037844387,-0.433883739117558,-0.9009688679024191,0,0,0,93,0.1827956989247312,108.500000004,0.2007168458781362,99.374722222,0.16129032258064516,94.5,0.14157706093189965,91.74277777500001,,,0.1816009557945042,0.019740396226831936,0.12951762246117085,False
123,105,17.916666666666668,115.5,17.000000004,1.1241666670000001,129.84125003849996,0.0,93.0,0.77,0.19265232974910396,23.26839826839827,1.1241666669999997,False,offpeak,2022-06-24 03:00:00,3,4,False,2022-06-24,0.7071067811865476,0.7071067811865476,-0.433883739117558,-0.9009688679024191,0,0,0,93,0.19175627240143367,114.136944445,0.1827956989247312,108.500000004,0.2007168458781362,99.374722222,0.15053763440860216,98.000000004,,,0.19175627240143367,0.008960573476702646,0.1316084229390681,False
124,105,16.083333333333332,101.88111110700001,15.054444444,1.1241666670000001,114.53134910341285,0.0,93.0,0.77,0.17293906810035842,20.887445887445885,1.1241666669999997,False,offpeak,2022-06-24 04:00:00,4,4,False,2022-06-24,0.8660254037844386,0.5000000000000001,-0.433883739117558,-0.9009688679024191,0,0,0,93,0.19265232974910396,115.5,0.19175627240143367,114.136944445,0.1827956989247312,108.500000004,0.14516129032258066,94.6925,,,0.18906810035842292,0.0054505040594071885,0.133363201911589,False
125,105,15.166666666666666,95.851388888,14.193055558999998,1.1241666670000001,107.75293637354379,0.0,93.0,0.77,0.16308243727598565,19.696969696969695,1.124166667,False,offpeak,2022-06-24 05:00:00,5,4,False,2022-06-24,0.9659258262890683,0.25881904510252074,-0.433883739117558,-0.9009688679024191,0,0,0,93,0.17293906810035842,101.88111110700001,0.19265232974910396,115.5,0.19175627240143367,114.136944445,0.13082437275985662,85.532222221,,,0.18578255675029864,0.011131807140731394,0.1345206093189964,False
126,105,15.0,94.5,14.000000003999999,1.1241666670000001,106.2337500315,0.0,93.0,0.77,0.16129032258064516,19.48051948051948,1.124166667,False,offpeak,2022-06-24 06:00:00,6,4,False,2022-06-24,1.0,6.123233995736766e-17,-0.433883739117558,-0.9009688679024191,0,0,0,93,0.16308243727598565,95.851388888,0.17293906810035842,101.88111110700001,0.19265232974910396,115.5,0.11827956989247312,77.000000004,,,0.17622461170848266,0.015056252283307755,0.1358646953405018,False
127,105,14.25,89.43277778000001,13.276111109000002,1.1241666670000001,100.53734771749427,0.0,93.0,0.77,0.1532258064516129,18.506493506493506,1.1241666670000001,False,offpeak,2022-06-24 07:00:00,7,4,False,2022-06-24,0.9659258262890683,-0.25881904510252063,-0.433883739117558,-0.9009688679024191,0,0,0,93,0.16129032258064516,94.5,0.16308243727598565,95.851388888,0.17293906810035842,101.88111110700001,0.12186379928315413,78.923055557,,,0.16577060931899637,0.006272401433691718,0.1376568100358423,False
128,105,13.25,82.253888889,12.250555554,1.1241666670000001,92.46708012013546,0.0,93.0,0.77,0.1424731182795699,17.207792207792206,1.1241666670000001,False,offpeak,2022-06-24 08:00:00,8,4,False,2022-06-24,0.8660254037844387,-0.4999999999999998,-0.433883739117558,-0.9009688679024191,0,0,0,93,0.1532258064516129,89.43277778000001,0.16129032258064516,94.5,0.16308243727598565,95.851388888,0.12813620071684587,74.662777779,,,0.15919952210274788,0.0052504169149482,0.13896356033452809,False
129,105,14.833333333333334,85.16277777900001,12.666111109000001,1.1241666670000001,95.73715604828008,0.0,93.0,0.77,0.15949820788530467,19.264069264069263,1.1241666669999997,False,offpeak,2022-06-24 09:00:00,9,4,False,2022-06-24,0.7071067811865476,-0.7071067811865475,-0.433883739117558,-0.9009688679024191,0,0,0,93,0.1424731182795699,82.253888889,0.1532258064516129,89.43277778000001,0.16129032258064516,94.5,0.11021505376344086,69.999999996,,,0.15232974910394262,0.009440549957753267,0.13956093189964158,False
130,105,14.5,86.433472223,13.333888886000002,1.1241666670000001,97.16562838616696,0.0,93.0,0.77,0.15591397849462366,18.83116883116883,1.1241666669999997,False,offpeak,2022-06-24 10:00:00,10,4,False,2022-06-24,0.49999999999999994,-0.8660254037844387,-0.433883739117558,-0.9009688679024191,0,0,0,93,0.15949820788530467,85.16277777900001,0.1424731182795699,82.253888889,0.1532258064516129,89.43277778000001,0.09318996415770608,59.487361109999995,,,0.15173237753882915,0.008610236144205153,0.14161439665471923,False
131,105,14.0,87.115000003,12.999999996000001,1.1241666670000001,97.93177919907751,0.0,93.0,0.77,0.15053763440860216,18.18181818181818,1.1241666670000001,False,offpeak,2022-06-24 11:00:00,11,4,False,2022-06-24,0.258819045102521,-0.9659258262890682,-0.433883739117558,-0.9009688679024191,0,0,0,93,0.15591397849462366,86.433472223,0.15949820788530467,85.16277777900001,0.1424731182795699,82.253888889,0.0967741935483871,59.49999999599999,,,0.1526284348864994,0.008975495341288277,0.1442278972520908,False
132,105,14.75,86.92055555800002,12.917222218,1.1241666670000001,97.71319123542519,0.0,93.0,0.77,0.1586021505376344,19.155844155844154,1.1241666669999997,False,offpeak,2022-06-24 12:00:00,12,4,False,2022-06-24,1.2246467991473532e-16,-1.0,-0.433883739117558,-0.9009688679024191,0,0,0,93,0.15053763440860216,87.115000003,0.15591397849462366,86.433472223,0.15949820788530467,85.16277777900001,0.0967741935483871,59.49999999599999,,,0.15531660692951013,0.004510056412945333,0.14646804062126642,False
133,105,14.916666666666666,89.445416666,13.555833333999999,1.1241666670000001,100.55155593184348,0.0,93.0,0.77,0.1603942652329749,19.37229437229437,1.1241666670000001,False,offpeak,2022-06-24 13:00:00,13,4,False,2022-06-24,-0.2588190451025208,-0.9659258262890683,-0.433883739117558,-0.9009688679024191,0,0,0,93,0.1586021505376344,86.92055555800002,0.15053763440860216,87.115000003,0.15591397849462366,86.433472223,0.1039426523297491,63.793333334,,,0.1550179211469534,0.004106250622720114,0.1490442054958184,False
134,105,14.666666666666666,88.853333331,13.693333335000002,1.1241666670000001,99.88595558255025,0.0,93.0,0.77,0.15770609318996415,19.047619047619047,1.1241666669999997,False,offpeak,2022-06-24 14:00:00,14,4,False,2022-06-24,-0.4999999999999997,-0.8660254037844388,-0.433883739117558,-0.9009688679024191,0,0,0,93,0.1603942652329749,89.445416666,0.1586021505376344,86.92055555800002,0.15053763440860216,87.115000003,0.11469534050179211,71.35138889,,,0.15651135005973713,0.005250416914948182,0.1513963560334528,False
135,105,13.666666666666666,82.92861111,12.693888886,1.1241666670000001,93.22558035046787,0.0,93.0,0.77,0.14695340501792115,17.748917748917748,1.124166667,False,offpeak,2022-06-24 15:00:00,15,4,False,2022-06-24,-0.7071067811865471,-0.7071067811865479,-0.433883739117558,-0.9009688679024191,0,0,0,93,0.15770609318996415,88.853333331,0.1603942652329749,89.445416666,0.1586021505376344,86.92055555800002,0.10752688172043011,66.500000004,,,0.15890083632019114,0.0013687502075730312,0.1531884707287933,False
136,105,13.583333333333334,82.15180555399999,12.471944443000002,1.1241666670000001,92.35232143767224,0.0,93.0,0.77,0.14605734767025091,17.64069264069264,1.124166667,False,offpeak,2022-06-24 16:00:00,16,4,False,2022-06-24,-0.8660254037844385,-0.5000000000000004,-0.433883739117558,-0.9009688679024191,0,0,0,93,0.14695340501792115,82.92861111,0.15770609318996415,88.853333331,0.1603942652329749,89.445416666,0.11648745519713262,68.259722225,,,0.1550179211469534,0.00711223470716277,0.15483124253285543,False
137,105,14.833333333333334,90.403055555,13.914722223000004,1.1241666670000001,101.62810164988016,0.0,93.0,0.77,0.15949820788530467,19.264069264069263,1.124166667,False,offpeak,2022-06-24 17:00:00,17,4,False,2022-06-24,-0.9659258262890683,-0.25881904510252063,-0.433883739117558,-0.9009688679024191,0,0,0,93,0.14605734767025091,82.15180555399999,0.14695340501792115,82.92861111,0.15770609318996415,88.853333331,0.11738351254480286,66.13250000400001,,,0.1502389486260454,0.006482238474973167,0.15606332138590204,False
138,105,14.5,86.393611111,13.341944443,1.1241666670000001,97.12081785274704,0.0,93.0,0.77,0.15591397849462366,18.83116883116883,1.1241666670000001,False,offpeak,2022-06-24 18:00:00,18,4,False,2022-06-24,-1.0,-1.8369701987210297e-16,-0.433883739117558,-0.9009688679024191,0,0,0,93,0.15949820788530467,90.403055555,0.14605734767025091,82.15180555399999,0.14695340501792115,82.92861111,0.10573476702508962,57.753888886,,,0.1508363201911589,0.007514782332980238,0.15781810035842295,False
139,105,15.916666666666666,97.40694444500001,15.027222222999997,1.1241666670000001,109.50164007938982,0.0,93.0,0.77,0.17114695340501793,20.67099567099567,1.124166667,False,offpeak,2022-06-24 19:00:00,19,4,False,2022-06-24,-0.9659258262890684,0.2588190451025203,-0.433883739117558,-0.9009688679024191,0,0,0,93,0.15591397849462366,86.393611111,0.15949820788530467,90.403055555,0.14605734767025091,82.15180555399999,0.13620071684587812,78.17833333099999,,,0.1538231780167264,0.006960083750137906,0.15990890083632017,False
140,105,14.666666666666666,85.744166667,13.749166667999999,1.1241666670000001,96.39073405673389,0.0,93.0,0.77,0.15770609318996415,19.047619047619047,1.124166667,False,offpeak,2022-06-24 20:00:00,20,4,False,2022-06-24,-0.8660254037844386,0.5000000000000001,-0.433883739117558,-0.9009688679024191,0,0,0,93,0.17114695340501793,97.40694444500001,0.15591397849462366,86.393611111,0.15949820788530467,90.403055555,0.13978494623655913,80.499999996,,,0.16218637992831542,0.007964331915157321,0.16136499402628435,False
141,105,14.0,80.69055555199999,13.027222219000002,1.1241666670000001,90.70963289327018,0.0,93.0,0.77,0.15053763440860216,18.18181818181818,1.1241666670000001,False,offpeak,2022-06-24 21:00:00,21,4,False,2022-06-24,-0.7071067811865477,0.7071067811865474,-0.433883739117558,-0.9009688679024191,0,0,0,93,0.15770609318996415,85.744166667,0.17114695340501793,97.40694444500001,0.15591397849462366,86.393611111,0.13978494623655913,80.499999996,,,0.16158900836320192,0.008325782475965549,0.16211170848267623,False
142,105,12.833333333333334,73.10138888899999,11.914722223,1.1241666670000001,82.17814470041795,0.0,93.0,0.77,0.13799283154121864,16.666666666666668,1.124166667,False,offpeak,2022-06-24 22:00:00,22,4,False,2022-06-24,-0.5000000000000004,0.8660254037844384,-0.433883739117558,-0.9009688679024191,0,0,0,93,0.15053763440860216,80.69055555199999,0.15770609318996415,85.744166667,0.17114695340501793,97.40694444500001,0.14874551971326166,85.952222221,,,0.1597968936678614,0.010462532788612278,0.16255973715651137,False
143,105,11.0,63.0,9.999999996000001,1.1241666670000001,70.822500021,0.0,93.0,0.77,0.11827956989247312,14.285714285714285,1.124166667,False,offpeak,2022-06-24 23:00:00,23,4,False,2022-06-24,-0.25881904510252157,0.9659258262890681,-0.433883739117558,-0.9009688679024191,0,0,0,93,0.13799283154121864,73.10138888899999,0.15053763440860216,80.69055555199999,0.15770609318996415,85.744166667,0.16129032258064516,94.5,,,0.14874551971326164,0.009978072334820745,0.16211170848267623,False
144,105,10.5,59.68861111300001,9.526944442,1.1241666670000001,67.09994701276037,0.0,93.0,0.77,0.11290322580645161,13.636363636363637,1.124166667,False,offpeak,2022-06-25 00:00:00,0,5,True,2022-06-25,0.0,1.0,-0.9749279121818236,-0.2225209339563146,0,0,0,93,0.11827956989247312,63.0,0.13799283154121864,73.10138888899999,0.15053763440860216,80.69055555199999,0.2007168458781362,99.374722222,,,0.13560334528076465,0.016261239652110057,0.16031959378733573,False
145,105,10.0,56.00000000400001,9.0,1.1241666670000001,62.95333335649666,0.0,93.0,0.77,0.10752688172043011,12.987012987012987,1.1241666669999997,False,offpeak,2022-06-25 01:00:00,1,5,True,2022-06-25,0.25881904510252074,0.9659258262890683,-0.9749279121818236,-0.2225209339563146,0,0,0,93,0.11290322580645161,59.68861111300001,0.11827956989247312,63.0,0.13799283154121864,73.10138888899999,0.1827956989247312,108.500000004,,,0.12305854241338111,0.013209883146652128,0.15666069295101553,False
146,105,10.0,56.00000000400001,9.0,1.1241666670000001,62.95333335649666,0.0,93.0,0.77,0.10752688172043011,12.987012987012987,1.1241666669999997,False,offpeak,2022-06-25 02:00:00,2,5,True,2022-06-25,0.49999999999999994,0.8660254037844387,-0.9749279121818236,-0.2225209339563146,0,0,0,93,0.10752688172043011,56.00000000400001,0.11290322580645161,59.68861111300001,0.11827956989247312,63.0,0.19175627240143367,114.136944445,,,0.11290322580645161,0.0053763440860209,0.15352449223416964,False
147,105,10.0,56.00000000400001,9.0,1.1241666670000001,62.95333335649666,0.0,93.0,0.77,0.10752688172043011,12.987012987012987,1.1241666669999997,False,offpeak,2022-06-25 03:00:00,3,5,True,2022-06-25,0.7071067811865476,0.7071067811865476,-0.9749279121818236,-0.2225209339563146,0,0,0,93,0.10752688172043011,56.00000000400001,0.10752688172043011,56.00000000400001,0.11290322580645161,59.68861111300001,0.19265232974910396,115.5,,,0.1093189964157706,0.0031040337053194335,0.15001493428912782,False
148,105,10.0,56.00000000400001,9.0,1.1241666670000001,62.95333335649666,0.0,93.0,0.77,0.10752688172043011,12.987012987012987,1.1241666669999997,False,offpeak,2022-06-25 04:00:00,4,5,True,2022-06-25,0.8660254037844386,0.5000000000000001,-0.9749279121818236,-0.2225209339563146,0,0,0,93,0.10752688172043011,56.00000000400001,0.10752688172043011,56.00000000400001,0.10752688172043011,56.00000000400001,0.17293906810035842,101.88111110700001,,,0.10752688172043011,0.0,0.14646804062126642,False
149,105,10.0,56.00000000400001,9.0,1.1241666670000001,62.95333335649666,0.0,93.0,0.77,0.10752688172043011,12.987012987012987,1.1241666669999997,False,offpeak,2022-06-25 05:00:00,5,5,True,2022-06-25,0.9659258262890683,0.25881904510252074,-0.9749279121818236,-0.2225209339563146,0,0,0,93,0.10752688172043011,56.00000000400001,0.10752688172043011,56.00000000400001,0.10752688172043011,56.00000000400001,0.16308243727598565,95.851388888,,,0.10752688172043011,0.0,0.1437425328554361,False
150,105,10.0,56.00000000400001,9.0,1.1241666670000001,62.95333335649666,0.0,93.0,0.77,0.10752688172043011,12.987012987012987,1.1241666669999997,False,offpeak,2022-06-25 06:00:00,6,5,True,2022-06-25,1.0,6.123233995736766e-17,-0.9749279121818236,-0.2225209339563146,0,0,0,93,0.10752688172043011,56.00000000400001,0.10752688172043011,56.00000000400001,0.10752688172043011,56.00000000400001,0.16129032258064516,94.5,,,0.10752688172043011,0.0,0.14142771804062126,False
151,105,10.0,56.00000000400001,9.0,1.1241666670000001,62.95333335649666,0.0,93.0,0.77,0.10752688172043011,12.987012987012987,1.1241666669999997,False,offpeak,2022-06-25 07:00:00,7,5,True,2022-06-25,0.9659258262890683,-0.25881904510252063,-0.9749279121818236,-0.2225209339563146,0,0,0,93,0.10752688172043011,56.00000000400001,0.10752688172043011,56.00000000400001,0.10752688172043011,56.00000000400001,0.1532258064516129,89.43277778000001,,,0.10752688172043011,0.0,0.13918757467144563,False
152,105,10.166666666666666,56.983888892,9.140555555,1.1241666670000001,64.05938844841796,0.0,93.0,0.77,0.1093189964157706,13.203463203463203,1.124166667,False,offpeak,2022-06-25 08:00:00,8,5,True,2022-06-25,0.8660254037844387,-0.4999999999999998,-0.9749279121818236,-0.2225209339563146,0,0,0,93,0.10752688172043011,56.00000000400001,0.10752688172043011,56.00000000400001,0.10752688172043011,56.00000000400001,0.1424731182795699,82.253888889,,,0.10752688172043011,0.0,0.13728345280764637,False
153,105,11.083333333333334,63.0,9.999999996000001,1.1241666670000001,70.822500021,0.0,93.0,0.77,0.11917562724014337,14.393939393939394,1.124166667,False,offpeak,2022-06-25 09:00:00,9,5,True,2022-06-25,0.7071067811865476,-0.7071067811865475,-0.9749279121818236,-0.2225209339563146,0,0,0,93,0.1093189964157706,56.983888892,0.10752688172043011,56.00000000400001,0.10752688172043011,56.00000000400001,0.15949820788530467,85.16277777900001,,,0.10812425328554359,0.0010346779017700312,0.13590203106332138,False
154,105,13.333333333333334,79.36638889100001,12.338055554000002,1.1241666670000001,89.22104887142127,0.0,93.0,0.77,0.14336917562724014,17.316017316017316,1.1241666669999995,False,offpeak,2022-06-25 10:00:00,10,5,True,2022-06-25,0.49999999999999994,-0.8660254037844387,-0.9749279121818236,-0.2225209339563146,0,0,0,93,0.11917562724014337,63.0,0.1093189964157706,56.983888892,0.10752688172043011,56.00000000400001,0.15591397849462366,86.433472223,,,0.11200716845878134,0.006272401433691218,0.13422192353643966,False
155,105,13.5,80.498055557,12.499722221,1.1241666670000001,90.4932308154935,0.0,93.0,0.77,0.14516129032258066,17.532467532467532,1.124166667,False,offpeak,2022-06-25 11:00:00,11,5,True,2022-06-25,0.258819045102521,-0.9659258262890682,-0.9749279121818236,-0.2225209339563146,0,0,0,93,0.14336917562724014,79.36638889100001,0.11917562724014337,63.0,0.1093189964157706,56.983888892,0.15053763440860216,87.115000003,,,0.12395459976105135,0.017520919206765035,0.13369922341696536,False
156,105,13.166666666666666,77.768055558,12.109722221,1.1241666670000001,87.42425581570768,0.0,93.0,0.77,0.14157706093189965,17.0995670995671,1.124166667,False,offpeak,2022-06-25 12:00:00,12,5,True,2022-06-25,1.2246467991473532e-16,-1.0,-0.9749279121818236,-0.2225209339563146,0,0,0,93,0.14516129032258066,80.498055557,0.14336917562724014,79.36638889100001,0.11917562724014337,63.0,0.1586021505376344,86.92055555800002,,,0.13590203106332138,0.01451317874941006,0.1334752090800478,False
157,105,12.833333333333334,76.01416667,11.859166667,1.1241666670000001,85.45259239019637,0.0,93.0,0.77,0.13799283154121864,16.666666666666668,1.124166667,False,offpeak,2022-06-25 13:00:00,13,5,True,2022-06-25,-0.2588190451025208,-0.9659258262890683,-0.9749279121818236,-0.2225209339563146,0,0,0,93,0.14157706093189965,77.768055558,0.14516129032258066,80.498055557,0.14336917562724014,79.36638889100001,0.1603942652329749,89.445416666,,,0.14336917562724014,0.0017921146953395414,0.13276583034647552,False
158,105,12.75,75.06333333500001,11.723333334,1.1241666670000001,84.38369724911693,0.0,93.0,0.77,0.13709677419354838,16.558441558441558,1.1241666669999997,False,offpeak,2022-06-25 14:00:00,14,5,True,2022-06-25,-0.4999999999999997,-0.8660254037844388,-0.9749279121818236,-0.2225209339563146,0,0,0,93,0.13799283154121864,76.01416667,0.14157706093189965,77.768055558,0.14516129032258066,80.498055557,0.15770609318996415,88.853333331,,,0.14157706093189962,0.003584229390680507,0.13183243727598568,False
159,105,13.75,81.086250003,12.695555555999999,1.1241666670000001,91.15445940540124,0.0,93.0,0.77,0.1478494623655914,17.857142857142858,1.124166667,False,offpeak,2022-06-25 15:00:00,15,5,True,2022-06-25,-0.7071067811865471,-0.7071067811865479,-0.9749279121818236,-0.2225209339563146,0,0,0,93,0.13709677419354838,75.06333333500001,0.13799283154121864,76.01416667,0.14157706093189965,77.768055558,0.14695340501792115,82.92861111,,,0.13888888888888887,0.0023707449023868277,0.130973715651135,False
160,105,16.0,87.500000004,14.000000003999999,1.1241666670000001,98.36458336699668,0.0,93.0,0.77,0.17204301075268819,20.77922077922078,1.1241666670000001,False,offpeak,2022-06-25 16:00:00,16,5,True,2022-06-25,-0.8660254037844385,-0.5000000000000004,-0.9749279121818236,-0.2225209339563146,0,0,0,93,0.1478494623655914,81.086250003,0.13709677419354838,75.06333333500001,0.13799283154121864,76.01416667,0.14605734767025091,82.15180555399999,,,0.14097968936678612,0.005966243833762598,0.1310110513739546,False
161,105,14.416666666666666,81.04736111000001,12.438055554,1.1241666670000001,91.11074180817411,0.0,93.0,0.77,0.1550179211469534,18.72294372294372,1.1241666669999997,False,offpeak,2022-06-25 17:00:00,17,5,True,2022-06-25,-0.9659258262890683,-0.25881904510252063,-0.9749279121818236,-0.2225209339563146,0,0,0,93,0.17204301075268819,87.500000004,0.1478494623655914,81.086250003,0.13709677419354838,75.06333333500001,0.15949820788530467,90.403055555,,,0.15232974910394265,0.01789873150128861,0.13209378733572283,False
162,105,11.75,68.164444441,10.724444446,1.1241666670000001,76.62819631514563,0.0,93.0,0.77,0.12634408602150538,15.25974025974026,1.1241666669999997,False,offpeak,2022-06-25 18:00:00,18,5,True,2022-06-25,-1.0,-1.8369701987210297e-16,-0.9749279121818236,-0.2225209339563146,0,0,0,93,0.1550179211469534,81.04736111000001,0.17204301075268819,87.500000004,0.1478494623655914,81.086250003,0.15591397849462366,86.393611111,,,0.15830346475507764,0.01242690804224284,0.13190710872162484,False
163,105,12.0,69.999999996,11.000000003999999,1.1241666670000001,78.69166668550331,0.0,93.0,0.77,0.12903225806451613,15.584415584415584,1.1241666669999997,False,offpeak,2022-06-25 19:00:00,19,5,True,2022-06-25,-0.9659258262890684,0.2588190451025203,-0.9749279121818236,-0.2225209339563146,0,0,0,93,0.12634408602150538,68.164444441,0.1550179211469534,81.04736111000001,0.17204301075268819,87.500000004,0.17114695340501793,97.40694444500001,,,0.15113500597371565,0.02309557756538022,0.13067502986857824,False
164,105,11.75,68.26166666399999,10.751666668999999,1.1241666670000001,76.73749029753387,0.0,93.0,0.77,0.12634408602150538,15.25974025974026,1.124166667,False,offpeak,2022-06-25 20:00:00,20,5,True,2022-06-25,-0.8660254037844386,0.5000000000000001,-0.9749279121818236,-0.2225209339563146,0,0,0,93,0.12903225806451613,69.999999996,0.12634408602150538,68.164444441,0.1550179211469534,81.04736111000001,0.15770609318996415,85.744166667,,,0.13679808841099161,0.015835981053538156,0.12892025089605733,False
165,105,12.0,69.999999996,11.000000003999999,1.1241666670000001,78.69166668550331,0.0,93.0,0.77,0.12903225806451613,15.584415584415584,1.1241666669999997,False,offpeak,2022-06-25 21:00:00,21,5,True,2022-06-25,-0.7071067811865477,0.7071067811865474,-0.9749279121818236,-0.2225209339563146,0,0,0,93,0.12634408602150538,68.26166666399999,0.12903225806451613,69.999999996,0.12634408602150538,68.164444441,0.15053763440860216,80.69055555199999,,,0.12724014336917563,0.0015520168526585918,0.12761350059737156,False
166,105,12.0,69.999999996,11.000000003999999,1.1241666670000001,78.69166668550331,0.0,93.0,0.77,0.12903225806451613,15.584415584415584,1.1241666669999997,False,offpeak,2022-06-25 22:00:00,22,5,True,2022-06-25,-0.5000000000000004,0.8660254037844384,-0.9749279121818236,-0.2225209339563146,0,0,0,93,0.12903225806451613,69.999999996,0.12634408602150538,68.26166666399999,0.12903225806451613,69.999999996,0.13799283154121864,73.10138888899999,,,0.12813620071684587,0.0015520168526586059,0.1267174432497013,False
167,105,11.5,66.70222222,10.528888889000003,1.1241666670000001,74.98441483455073,0.0,93.0,0.77,0.12365591397849462,14.935064935064934,1.124166667,False,offpeak,2022-06-25 23:00:00,23,5,True,2022-06-25,-0.25881904510252157,0.9659258262890681,-0.9749279121818236,-0.2225209339563146,0,0,0,93,0.12903225806451613,69.999999996,0.12903225806451613,69.999999996,0.12634408602150538,68.26166666399999,0.11827956989247312,63.0,,,0.12813620071684587,0.0015520168526586059,0.12634408602150538,False
168,105,11.916666666666666,69.60430555199999,10.914722225999999,1.1241666670000001,78.24684018124141,0.0,93.0,0.77,0.12813620071684587,15.476190476190474,1.124166667,False,offpeak,2022-06-26 00:00:00,0,6,True,2022-06-26,0.0,1.0,-0.7818314824680299,0.6234898018587334,0,0,0,93,0.12365591397849462,66.70222222,0.12903225806451613,69.999999996,0.12903225806451613,69.999999996,0.11290322580645161,59.68861111300001,0.16845878136200715,103.21888888999999,0.12724014336917563,0.0031040337053197336,0.12656810035842295,True
169,105,11.0,66.500000004,9.999999996000001,1.1241666670000001,74.75708335999667,0.0,93.0,0.77,0.11827956989247312,14.285714285714285,1.1241666670000001,False,offpeak,2022-06-26 01:00:00,1,6,True,2022-06-26,0.25881904510252074,0.9659258262890683,-0.7818314824680299,0.6234898018587334,0,0,0,93,0.12813620071684587,69.60430555199999,0.12365591397849462,66.70222222,0.12903225806451613,69.999999996,0.10752688172043011,56.00000000400001,0.16129032258064516,101.499999996,0.12694145758661887,0.002880421374250282,0.12720280764635603,True
170,105,11.0,66.500000004,9.999999996000001,1.1241666670000001,74.75708335999667,0.0,93.0,0.77,0.11827956989247312,14.285714285714285,1.1241666670000001,False,offpeak,2022-06-26 02:00:00,2,6,True,2022-06-26,0.49999999999999994,0.8660254037844387,-0.7818314824680299,0.6234898018587334,0,0,0,93,0.11827956989247312,66.500000004,0.12813620071684587,69.60430555199999,0.12365591397849462,66.70222222,0.10752688172043011,56.00000000400001,0.15412186379928317,99.258055557,0.12335722819593786,0.004935099056707437,0.12765083632019117,True
171,105,11.75,71.567222223,10.723888891,1.1241666670000001,80.45348567287824,0.0,93.0,0.77,0.12634408602150538,15.25974025974026,1.1241666670000001,False,offpeak,2022-06-26 03:00:00,3,6,True,2022-06-26,0.7071067811865476,0.7071067811865476,-0.7818314824680299,0.6234898018587334,0,0,0,93,0.11827956989247312,66.500000004,0.11827956989247312,66.500000004,0.12813620071684587,69.60430555199999,0.10752688172043011,56.00000000400001,0.15053763440860216,98.000000004,0.12156511350059736,0.0056907284597539,0.12809886499402628,True
172,105,10.583333333333334,63.95861110999999,9.636944445,1.1241666670000001,71.90013867747787,0.0,93.0,0.77,0.11379928315412187,13.744588744588745,1.1241666670000001,False,offpeak,2022-06-26 04:00:00,4,6,True,2022-06-26,0.8660254037844386,0.5000000000000001,-0.7818314824680299,0.6234898018587334,0,0,0,93,0.12634408602150538,71.567222223,0.11827956989247312,66.500000004,0.11827956989247312,66.500000004,0.10752688172043011,56.00000000400001,0.14516129032258066,94.688611111,0.12096774193548387,0.004656050557980276,0.12888291517323774,True
173,105,10.0,59.49999999599999,9.0,1.1241666670000001,66.88791668200332,0.0,93.0,0.77,0.10752688172043011,12.987012987012987,1.124166667,False,offpeak,2022-06-26 05:00:00,5,6,True,2022-06-26,0.9659258262890683,0.25881904510252074,-0.7818314824680299,0.6234898018587334,0,0,0,93,0.11379928315412187,63.95861110999999,0.12634408602150538,71.567222223,0.11827956989247312,66.500000004,0.10752688172043011,56.00000000400001,0.13440860215053763,87.69444444199999,0.11947431302270012,0.006357167459316405,0.12914426523297493,True
174,105,10.0,59.49999999599999,9.0,1.1241666670000001,66.88791668200332,0.0,93.0,0.77,0.10752688172043011,12.987012987012987,1.124166667,False,offpeak,2022-06-26 06:00:00,6,6,True,2022-06-26,1.0,6.123233995736766e-17,-0.7818314824680299,0.6234898018587334,0,0,0,93,0.10752688172043011,59.49999999599999,0.11379928315412187,63.95861110999999,0.12634408602150538,71.567222223,0.10752688172043011,56.00000000400001,0.12903225806451613,84.0,0.1158900836320191,0.009581251453013704,0.12914426523297493,True
175,105,10.0,59.49999999599999,9.0,1.1241666670000001,66.88791668200332,0.0,93.0,0.77,0.10752688172043011,12.987012987012987,1.124166667,False,offpeak,2022-06-26 07:00:00,7,6,True,2022-06-26,0.9659258262890683,-0.25881904510252063,-0.7818314824680299,0.6234898018587334,0,0,0,93,0.10752688172043011,59.49999999599999,0.10752688172043011,59.49999999599999,0.11379928315412187,63.95861110999999,0.10752688172043011,56.00000000400001,0.11917562724014337,77.948888891,0.10961768219832735,0.0036213726562064966,0.12914426523297493,True
176,105,11.416666666666666,69.231944447,10.390277777000001,1.1241666670000001,77.82824423891313,0.0,93.0,0.77,0.12275985663082437,14.826839826839826,1.1241666669999997,False,offpeak,2022-06-26 08:00:00,8,6,True,2022-06-26,0.8660254037844387,-0.4999999999999998,-0.7818314824680299,0.6234898018587334,0,0,0,93,0.10752688172043011,59.49999999599999,0.10752688172043011,59.49999999599999,0.10752688172043011,59.49999999599999,0.1093189964157706,56.983888892,0.10215053763440861,66.861666664,0.10752688172043011,0.0,0.1291442652329749,True
177,105,11.5,69.813333335,10.473333333,1.1241666670000001,78.48182224736695,0.0,93.0,0.77,0.12365591397849462,14.935064935064934,1.1241666670000001,False,offpeak,2022-06-26 09:00:00,9,6,True,2022-06-26,0.7071067811865476,-0.7071067811865475,-0.7818314824680299,0.6234898018587334,0,0,0,93,0.12275985663082437,69.231944447,0.10752688172043011,59.49999999599999,0.10752688172043011,59.49999999599999,0.11917562724014337,63.0,0.07885304659498207,51.523888888,0.11260454002389486,0.008794762165074601,0.1297043010752688,True
178,105,11.916666666666666,73.101388889,10.943055559,1.1241666670000001,82.17814470041796,0.0,93.0,0.77,0.12813620071684587,15.476190476190474,1.124166667,False,offpeak,2022-06-26 10:00:00,10,6,True,2022-06-26,0.49999999999999994,-0.8660254037844387,-0.7818314824680299,0.6234898018587334,0,0,0,93,0.12365591397849462,69.813333335,0.12275985663082437,69.231944447,0.10752688172043011,59.49999999599999,0.14336917562724014,79.36638889100001,0.06182795698924731,40.430833332999995,0.11798088410991636,0.00906451069623237,0.1298909796893668,True
179,105,12.583333333333334,73.799444447,11.446111110999999,1.1241666670000001,82.96287549043564,0.0,93.0,0.77,0.13530465949820789,16.341991341991342,1.124166667,False,offpeak,2022-06-26 11:00:00,11,6,True,2022-06-26,0.258819045102521,-0.9659258262890682,-0.7818314824680299,0.6234898018587334,0,0,0,93,0.12813620071684587,73.101388889,0.12365591397849462,69.813333335,0.12275985663082437,69.231944447,0.14516129032258066,80.498055557,0.07526881720430108,48.80555555199999,0.1248506571087216,0.002880421374250249,0.1292562724014337,True
180,105,12.666666666666666,75.926666669,11.693333333999998,1.1241666670000001,85.35422780570973,0.0,93.0,0.77,0.13620071684587812,16.45021645021645,1.1241666670000001,False,offpeak,2022-06-26 12:00:00,12,6,True,2022-06-26,1.2246467991473532e-16,-1.0,-0.7818314824680299,0.6234898018587334,0,0,0,93,0.13530465949820789,73.799444447,0.12813620071684587,73.101388889,0.12365591397849462,69.813333335,0.14157706093189965,77.768055558,0.07526881720430108,48.99999999599999,0.12903225806451613,0.005875840971596327,0.12884557945041816,True
181,105,12.25,75.063333333,11.223333336,1.1241666670000001,84.38369724686859,0.0,93.0,0.77,0.13172043010752688,15.909090909090908,1.1241666669999997,False,offpeak,2022-06-26 13:00:00,13,6,True,2022-06-26,-0.2588190451025208,-0.9659258262890683,-0.7818314824680299,0.6234898018587334,0,0,0,93,0.13620071684587812,75.926666669,0.13530465949820789,73.799444447,0.12813620071684587,73.101388889,0.13799283154121864,76.01416667,0.07526881720430108,48.99999999599999,0.1332138590203106,0.0044201459339745335,0.12862156511350062,True
182,105,12.583333333333334,77.769999998,11.610000000999998,1.1241666670000001,87.42644169034168,0.0,93.0,0.77,0.13530465949820789,16.341991341991342,1.1241666670000001,False,offpeak,2022-06-26 14:00:00,14,6,True,2022-06-26,-0.4999999999999997,-0.8660254037844388,-0.7818314824680299,0.6234898018587334,0,0,0,93,0.13172043010752688,75.063333333,0.13620071684587812,75.926666669,0.13530465949820789,73.799444447,0.13709677419354838,75.06333333500001,0.08064516129032258,52.313333333,0.13440860215053763,0.002370744902386498,0.12836021505376344,True
183,105,12.75,78.563333331,11.723333334,1.1241666670000001,88.31828057912027,0.0,93.0,0.77,0.13709677419354838,16.558441558441558,1.124166667,False,offpeak,2022-06-26 15:00:00,15,6,True,2022-06-26,-0.7071067811865471,-0.7071067811865479,-0.7818314824680299,0.6234898018587334,0,0,0,93,0.13530465949820789,77.769999998,0.13172043010752688,75.063333333,0.13620071684587812,75.926666669,0.1478494623655914,81.086250003,0.07885304659498207,50.432083334000005,0.1344086021505376,0.002370744902386498,0.12828554360812425,True
184,105,14.0,87.307500004,12.972499996000002,1.1241666670000001,98.14818128359917,0.0,93.0,0.77,0.15053763440860216,18.18181818181818,1.124166667,False,offpeak,2022-06-26 16:00:00,16,6,True,2022-06-26,-0.8660254037844385,-0.5000000000000004,-0.7818314824680299,0.6234898018587334,0,0,0,93,0.13709677419354838,78.563333331,0.13530465949820789,77.769999998,0.13172043010752688,75.063333333,0.17204301075268819,87.500000004,0.08064516129032258,48.813333334999996,0.13470728793309436,0.0027375004151458794,0.12783751493428913,True
185,105,13.916666666666666,86.731944446,12.890277776,1.1241666670000001,97.50116091028899,0.0,93.0,0.77,0.1496415770609319,18.073593073593074,1.1241666670000001,False,offpeak,2022-06-26 17:00:00,17,6,True,2022-06-26,-0.9659258262890683,-0.25881904510252063,-0.7818314824680299,0.6234898018587334,0,0,0,93,0.15053763440860216,87.307500004,0.13709677419354838,78.563333331,0.13530465949820789,77.769999998,0.1550179211469534,81.04736111000001,0.09587813620071683,58.533611109999995,0.14097968936678615,0.008325782475965238,0.12694145758661887,True
186,105,15.5,97.813333332,14.473333335,1.1241666670000001,109.95848891999441,0.0,93.0,0.77,0.16666666666666666,20.12987012987013,1.1241666669999997,False,offpeak,2022-06-26 18:00:00,18,6,True,2022-06-26,-1.0,-1.8369701987210297e-16,-0.7818314824680299,0.6234898018587334,0,0,0,93,0.1496415770609319,86.731944446,0.15053763440860216,87.307500004,0.13709677419354838,78.563333331,0.12634408602150538,68.164444441,0.11827956989247312,73.31138889,0.14575866188769412,0.007514782332979992,0.12671744324970133,True
187,105,15.75,99.748055553,14.749722223000001,1.1241666670000001,112.13343915074682,0.0,93.0,0.77,0.1693548387096774,20.454545454545453,1.1241666669999997,False,offpeak,2022-06-26 19:00:00,19,6,True,2022-06-26,-0.9659258262890684,0.2588190451025203,-0.7818314824680299,0.6234898018587334,0,0,0,93,0.16666666666666666,97.813333332,0.1496415770609319,86.731944446,0.15053763440860216,87.307500004,0.12903225806451613,69.999999996,0.11827956989247312,73.5,0.1556152927120669,0.009581251453013683,0.12839755077658302,True
188,105,16.0,101.499999996,15.0,1.1241666670000001,114.1029166960033,0.0,93.0,0.77,0.17204301075268819,20.77922077922078,1.1241666669999997,False,offpeak,2022-06-26 20:00:00,20,6,True,2022-06-26,-0.8660254037844386,0.5000000000000001,-0.7818314824680299,0.6234898018587334,0,0,0,93,0.1693548387096774,99.748055553,0.16666666666666666,97.813333332,0.1496415770609319,86.731944446,0.12634408602150538,68.26166666399999,0.11469534050179211,72.427638888,0.16188769414575865,0.010690280865097245,0.13007765830346477,True
189,105,16.916666666666668,107.73388889200001,15.890555552000002,1.1241666670000001,121.11084679866795,0.0,93.0,0.77,0.18189964157706096,21.969696969696972,1.1241666669999997,False,offpeak,2022-06-26 21:00:00,21,6,True,2022-06-26,-0.7071067811865477,0.7071067811865474,-0.7818314824680299,0.6234898018587334,0,0,0,93,0.17204301075268819,101.499999996,0.1693548387096774,99.748055553,0.16666666666666666,97.813333332,0.12903225806451613,69.999999996,0.10752688172043011,69.999999996,0.1693548387096774,0.0026881720430096197,0.13198178016726403,True
190,105,16.833333333333332,106.934722225,15.776388886,1.1241666670000001,120.21245027024905,0.0,93.0,0.77,0.18100358422939067,21.86147186147186,1.1241666669999997,False,offpeak,2022-06-26 22:00:00,22,6,True,2022-06-26,-0.5000000000000004,0.8660254037844384,-0.7818314824680299,0.6234898018587334,0,0,0,93,0.18189964157706096,107.73388889200001,0.17204301075268819,101.499999996,0.1693548387096774,99.748055553,0.12903225806451613,69.999999996,0.10752688172043011,69.999999996,0.1744324970131422,0.00660494157332572,0.13418458781362008,True
191,105,17.916666666666668,115.056666667,16.936666669999997,1.1241666670000001,129.34286948317137,0.0,93.0,0.77,0.19265232974910396,23.26839826839827,1.124166667,False,offpeak,2022-06-26 23:00:00,23,6,True,2022-06-26,-0.25881904510252157,0.9659258262890681,-0.7818314824680299,0.6234898018587334,0,0,0,93,0.18100358422939067,106.934722225,0.18189964157706096,107.73388889200001,0.17204301075268819,101.499999996,0.12365591397849462,66.70222222,0.10752688172043011,69.999999996,0.17831541218637992,0.005450504059406469,0.1363500597371565,True
192,105,18.0,115.5,17.000000004,1.1241666670000001,129.84125003849996,0.0,93.0,0.77,0.1935483870967742,23.376623376623375,1.1241666669999997,False,offpeak,2022-06-27 00:00:00,0,0,False,2022-06-27,0.0,1.0,0.0,1.0,0,0,0,93,0.19265232974910396,115.056666667,0.18100358422939067,106.934722225,0.18189964157706096,107.73388889200001,0.12813620071684587,69.60430555199999,0.11111111111111112,72.144722221,0.1851851851851852,0.006482238474972915,0.13922491039426524,True
193,105,17.75,113.942500001,16.777500002,1.1241666670000001,128.09036045577164,0.0,93.0,0.77,0.19086021505376344,23.051948051948052,1.124166667,False,offpeak,2022-06-27 01:00:00,1,0,False,2022-06-27,0.25881904510252074,0.9659258262890683,0.0,1.0,0,0,0,93,0.1935483870967742,115.5,0.19265232974910396,115.056666667,0.18100358422939067,106.934722225,0.11827956989247312,66.500000004,0.11827956989247312,77.000000004,0.18906810035842292,0.006998431609234989,0.14195041816009557,True
194,105,17.0,108.500000004,15.999999996000001,1.1241666670000001,121.97208337399665,0.0,93.0,0.77,0.1827956989247312,22.07792207792208,1.124166667,False,offpeak,2022-06-27 02:00:00,2,0,False,2022-06-27,0.49999999999999994,0.8660254037844387,0.0,1.0,0,0,0,93,0.19086021505376344,113.942500001,0.1935483870967742,115.5,0.19265232974910396,115.056666667,0.11827956989247312,66.500000004,0.11827956989247312,77.000000004,0.1923536439665472,0.0013687502075715818,0.14497461170848266,True
195,105,17.0,108.500000004,15.999999996000001,1.1241666670000001,121.97208337399665,0.0,93.0,0.77,0.1827956989247312,22.07792207792208,1.124166667,False,offpeak,2022-06-27 03:00:00,3,0,False,2022-06-27,0.7071067811865476,0.7071067811865476,0.0,1.0,0,0,0,93,0.1827956989247312,108.500000004,0.19086021505376344,113.942500001,0.1935483870967742,115.5,0.12634408602150538,71.567222223,0.11827956989247312,77.000000004,0.18906810035842292,0.005595876342650402,0.14766278375149344,True
196,105,16.416666666666668,104.61111111099999,15.444444442999998,1.1241666670000001,117.6003241088195,0.0,93.0,0.77,0.17652329749103943,21.32034632034632,1.124166667,False,offpeak,2022-06-27 04:00:00,4,0,False,2022-06-27,0.8660254037844386,0.5000000000000001,0.0,1.0,0,0,0,93,0.1827956989247312,108.500000004,0.1827956989247312,108.500000004,0.19086021505376344,113.942500001,0.11379928315412187,63.95861110999999,0.11379928315412187,74.258333334,0.1854838709677419,0.004656050557980218,0.15001493428912785,True
197,105,15.416666666666666,97.603333332,14.443333334999998,1.1241666670000001,109.72241391992443,0.0,93.0,0.77,0.1657706093189964,20.02164502164502,1.124166667,False,offpeak,2022-06-27 05:00:00,5,0,False,2022-06-27,0.9659258262890683,0.25881904510252074,0.0,1.0,0,0,0,93,0.17652329749103943,104.61111111099999,0.1827956989247312,108.500000004,0.1827956989247312,108.500000004,0.10752688172043011,59.49999999599999,0.10215053763440861,66.680833331,0.18070489844683393,0.003621372656206457,0.15262843488649938,True
198,105,14.666666666666666,92.349444445,13.692777779000002,1.1241666670000001,103.81616716103733,0.0,93.0,0.77,0.15770609318996415,19.047619047619047,1.1241666670000001,False,offpeak,2022-06-27 06:00:00,6,0,False,2022-06-27,1.0,6.123233995736766e-17,0.0,1.0,0,0,0,93,0.1657706093189964,97.603333332,0.17652329749103943,104.61111111099999,0.1827956989247312,108.500000004,0.10752688172043011,59.49999999599999,0.0967741935483871,63.0,0.17502986857825564,0.008610236144204857,0.15505525686977298,True
199,105,12.416666666666666,76.968888889,11.495555555000001,1.1241666670000001,86.52585928504045,0.0,93.0,0.77,0.13351254480286737,16.125541125541126,1.124166667,False,offpeak,2022-06-27 07:00:00,7,0,False,2022-06-27,0.9659258262890683,-0.25881904510252063,0.0,1.0,0,0,0,93,0.15770609318996415,92.349444445,0.1657706093189964,97.603333332,0.17652329749103943,104.61111111099999,0.10752688172043011,59.49999999599999,0.08333333333333333,54.615555554,0.16666666666666666,0.009440549957752958,0.15714605734767026,True
200,105,8.666666666666666,53.208749999,7.697777775999999,1.1241666670000001,59.81550314161207,0.0,93.0,0.77,0.09318996415770608,11.255411255411254,1.1241666669999997,False,offpeak,2022-06-27 08:00:00,8,0,False,2022-06-27,0.8660254037844387,-0.4999999999999998,0.0,1.0,0,0,0,93,0.13351254480286737,76.968888889,0.15770609318996415,92.349444445,0.1657706093189964,97.603333332,0.12275985663082437,69.231944447,0.07078853046594982,46.08333333099999,0.15232974910394262,0.01678762902795241,0.15822879330943848,True
201,105,7.75,47.032222224,6.718888890000001,1.1241666670000001,52.872056499157395,0.0,93.0,0.77,0.08333333333333333,10.064935064935066,1.1241666669999997,False,offpeak,2022-06-27 09:00:00,9,0,False,2022-06-27,0.7071067811865476,-0.7071067811865475,0.0,1.0,0,0,0,93,0.09318996415770608,53.208749999,0.13351254480286737,76.968888889,0.15770609318996415,92.349444445,0.12365591397849462,69.813333335,0.08333333333333333,54.071111113,0.12813620071684584,0.032592353905865776,0.15699671445639188,True
202,105,10.416666666666666,55.53624999799999,8.42027778,1.1241666670000001,62.43200105793039,0.0,93.0,0.77,0.11200716845878135,13.528138528138527,1.124166667,False,offpeak,2022-06-27 10:00:00,10,0,False,2022-06-27,0.49999999999999994,-0.8660254037844387,0.0,1.0,0,0,0,93,0.08333333333333333,47.032222224,0.09318996415770608,53.208749999,0.13351254480286737,76.968888889,0.12813620071684587,73.101388889,0.08602150537634409,55.80166667,0.10334528076463557,0.02658639045576272,0.15531660692951013,True
203,105,9.5,56.092361115,8.026388893000002,1.1241666670000001,63.05716263880994,0.0,93.0,0.77,0.10215053763440861,12.337662337662337,1.1241666669999997,False,offpeak,2022-06-27 11:00:00,11,0,False,2022-06-27,0.258819045102521,-0.9659258262890682,0.0,1.0,0,0,0,93,0.11200716845878135,55.53624999799999,0.08333333333333333,47.032222224,0.09318996415770608,53.208749999,0.13530465949820789,73.799444447,0.09318996415770608,56.979999998,0.09617682198327358,0.014568397130533666,0.15464456391875744,True
204,105,8.666666666666666,53.851388891,7.693055556999999,1.1241666670000001,60.53793636291629,0.0,93.0,0.77,0.09318996415770608,11.255411255411254,1.124166667,False,offpeak,2022-06-27 12:00:00,12,0,False,2022-06-27,1.2246467991473532e-16,-1.0,0.0,1.0,0,0,0,93,0.10215053763440861,56.092361115,0.11200716845878135,55.53624999799999,0.08333333333333333,47.032222224,0.13620071684587812,75.926666669,0.0913978494623656,56.375277776,0.0991636798088411,0.014568397130533687,0.1532631421744325,True
205,105,8.416666666666666,49.195416664999996,7.306666667000002,1.1241666670000001,55.303847583969315,0.0,93.0,0.77,0.09050179211469533,10.93073593073593,1.1241666670000003,False,offpeak,2022-06-27 13:00:00,13,0,False,2022-06-27,-0.2588190451025208,-0.9659258262890683,0.0,1.0,0,0,0,93,0.09318996415770608,53.851388891,0.10215053763440861,56.092361115,0.11200716845878135,55.53624999799999,0.13172043010752688,75.063333333,0.07974910394265233,48.626666668999995,0.10244922341696534,0.009412157261999544,0.151471027479092,True
206,105,9.0,52.5,8.000000004,1.1241666670000001,59.018750017500004,0.0,93.0,0.77,0.0967741935483871,11.688311688311687,1.1241666670000001,False,offpeak,2022-06-27 14:00:00,14,0,False,2022-06-27,-0.4999999999999997,-0.8660254037844388,0.0,1.0,0,0,0,93,0.09050179211469533,49.195416664999996,0.09318996415770608,53.851388891,0.10215053763440861,56.092361115,0.13530465949820789,77.769999998,0.07706093189964158,50.44472221999999,0.09528076463560332,0.006099336277376683,0.1497535842293907,True
207,105,9.0,54.44833333500001,8.000000004,1.1241666670000001,61.20900140891193,0.0,93.0,0.77,0.0967741935483871,11.688311688311687,1.1241666669999997,False,offpeak,2022-06-27 15:00:00,15,0,False,2022-06-27,-0.7071067811865471,-0.7071067811865479,0.0,1.0,0,0,0,93,0.0967741935483871,52.5,0.09050179211469533,49.195416664999996,0.09318996415770608,53.851388891,0.13709677419354838,78.563333331,0.07168458781362007,46.85722222,0.09348864994026283,0.0031468499859148118,0.14814814814814814,True
208,105,11.0,56.00000000400001,8.000000004,1.1241666670000001,62.95333335649666,0.0,93.0,0.77,0.11827956989247312,14.285714285714285,1.1241666669999997,False,offpeak,2022-06-27 16:00:00,16,0,False,2022-06-27,-0.8660254037844385,-0.5000000000000004,0.0,1.0,0,0,0,93,0.0967741935483871,54.44833333500001,0.0967741935483871,52.5,0.09050179211469533,49.195416664999996,0.15053763440860216,87.307500004,0.056451612903225805,36.934722225,0.09468339307048983,0.0036213726562047835,0.14646804062126642,True
209,105,10.333333333333334,55.01805555599999,7.8597222219999985,1.1241666670000001,61.849464139209346,0.0,93.0,0.77,0.11111111111111112,13.41991341991342,1.1241666670000001,False,offpeak,2022-06-27 17:00:00,17,0,False,2022-06-27,-0.9659258262890683,-0.25881904510252063,0.0,1.0,0,0,0,93,0.11827956989247312,56.00000000400001,0.0967741935483871,54.44833333500001,0.0967741935483871,52.5,0.1496415770609319,86.731944446,0.06093189964157707,37.239999999,0.10394265232974909,0.01241613482128162,0.14512395459976105,True
210,105,8.416666666666666,51.728055555,7.389722221000001,1.1241666670000001,58.15095580365517,0.0,93.0,0.77,0.09050179211469533,10.93073593073593,1.124166667,False,offpeak,2022-06-27 18:00:00,18,0,False,2022-06-27,-1.0,-1.8369701987210297e-16,0.0,1.0,0,0,0,93,0.11111111111111112,55.01805555599999,0.11827956989247312,56.00000000400001,0.0967741935483871,54.44833333500001,0.16666666666666666,97.813333332,0.06989247311827956,41.626666664,0.1087216248506571,0.010950001660586737,0.14351851851851852,True
211,105,9.0,56.00000000400001,8.000000004,1.1241666670000001,62.95333335649666,0.0,93.0,0.77,0.0967741935483871,11.688311688311687,1.1241666669999997,False,offpeak,2022-06-27 19:00:00,19,0,False,2022-06-27,-0.9659258262890684,0.2588190451025203,0.0,1.0,0,0,0,93,0.09050179211469533,51.728055555,0.11111111111111112,55.01805555599999,0.11827956989247312,56.00000000400001,0.1693548387096774,99.748055553,0.0967741935483871,59.134444443,0.10663082437275984,0.014420678261138421,0.14034498207885304,True
212,105,9.75,61.073055557,8.724722223,1.1241666670000001,68.65629330901851,0.0,93.0,0.77,0.10483870967741936,12.662337662337663,1.1241666669999997,False,offpeak,2022-06-27 20:00:00,20,0,False,2022-06-27,-0.8660254037844386,0.5000000000000001,0.0,1.0,0,0,0,93,0.0967741935483871,56.00000000400001,0.09050179211469533,51.728055555,0.11111111111111112,55.01805555599999,0.17204301075268819,101.499999996,0.12365591397849462,76.23,0.09946236559139783,0.0105643603248662,0.13732078853046595,True
213,105,10.666666666666666,67.29527777599999,9.613611109,1.1241666670000001,75.6511081222851,0.0,93.0,0.77,0.11469534050179211,13.852813852813851,1.1241666670000001,False,offpeak,2022-06-27 21:00:00,21,0,False,2022-06-27,-0.7071067811865477,0.7071067811865474,0.0,1.0,0,0,0,93,0.10483870967741936,61.073055557,0.0967741935483871,56.00000000400001,0.09050179211469533,51.728055555,0.18189964157706096,107.73388889200001,0.14157706093189965,88.305000004,0.09737156511350059,0.007187102398753812,0.13452060931899643,True
214,105,12.083333333333334,70.950833335,10.135833335000001,1.1241666670000001,79.76056183107943,0.0,93.0,0.77,0.12992831541218638,15.692640692640692,1.124166667,False,offpeak,2022-06-27 22:00:00,22,0,False,2022-06-27,-0.5000000000000004,0.8660254037844384,0.0,1.0,0,0,0,93,0.11469534050179211,67.29527777599999,0.10483870967741936,61.073055557,0.0967741935483871,56.00000000400001,0.18100358422939067,106.934722225,0.15949820788530467,102.865972221,0.10543608124253284,0.00897549534128747,0.13172043010752688,True
215,105,10.5,63.0,9.0,1.1241666670000001,70.822500021,0.0,93.0,0.77,0.11290322580645161,13.636363636363637,1.124166667,False,offpeak,2022-06-27 23:00:00,23,0,False,2022-06-27,-0.25881904510252157,0.9659258262890681,0.0,1.0,0,0,0,93,0.12992831541218638,70.950833335,0.11469534050179211,67.29527777599999,0.10483870967741936,61.073055557,0.19265232974910396,115.056666667,0.16129032258064516,105.0,0.11648745519713262,0.012640444426223384,0.12959229390681,True
216,105,10.0,63.0,9.0,1.1241666670000001,70.822500021,0.0,93.0,0.77,0.10752688172043011,12.987012987012987,1.124166667,False,offpeak,2022-06-28 00:00:00,0,1,False,2022-06-28,0.0,1.0,0.7818314824680298,0.6234898018587336,0,0,0,93,0.11290322580645161,63.0,0.12992831541218638,70.950833335,0.11469534050179211,67.29527777599999,0.1935483870967742,115.5,0.2625448028673835,105.0,0.11917562724014336,0.00935511335923817,0.12626941457586618,True
217,105,10.083333333333334,63.4025,9.0575,1.1241666670000001,71.2749771044675,0.0,93.0,0.77,0.10842293906810037,13.095238095238095,1.124166667,False,offpeak,2022-06-28 01:00:00,1,1,False,2022-06-28,0.25881904510252074,0.9659258262890683,0.7818314824680298,0.6234898018587336,0,0,0,93,0.10752688172043011,63.0,0.11290322580645161,63.0,0.12992831541218638,70.950833335,0.19086021505376344,113.942500001,0.19623655913978494,109.481944442,0.11678614097968937,0.01169460689991096,0.12268518518518519,True
218,105,11.0,69.999999996,9.999999996000001,1.1241666670000001,78.69166668550331,0.0,93.0,0.77,0.11827956989247312,14.285714285714285,1.1241666669999997,False,offpeak,2022-06-28 02:00:00,2,1,False,2022-06-28,0.49999999999999994,0.8660254037844387,0.7818314824680298,0.6234898018587336,0,0,0,93,0.10842293906810037,63.4025,0.10752688172043011,63.0,0.11290322580645161,63.0,0.1827956989247312,108.500000004,0.17204301075268819,111.999999996,0.10961768219832735,0.0028804213742485633,0.11925029868578256,True
219,105,11.0,69.999999996,9.999999996000001,1.1241666670000001,78.69166668550331,0.0,93.0,0.77,0.11827956989247312,14.285714285714285,1.1241666669999997,False,offpeak,2022-06-28 03:00:00,3,1,False,2022-06-28,0.7071067811865476,0.7071067811865476,0.7818314824680298,0.6234898018587336,0,0,0,93,0.11827956989247312,69.999999996,0.10842293906810037,63.4025,0.10752688172043011,63.0,0.1827956989247312,108.500000004,0.17204301075268819,111.999999996,0.11140979689366785,0.005966243833761673,0.11656212664277178,True
220,105,10.5,66.682777776,9.526111109,1.1241666670000001,74.96255603874758,0.0,93.0,0.77,0.11290322580645161,13.636363636363637,1.124166667,False,offpeak,2022-06-28 04:00:00,4,1,False,2022-06-28,0.8660254037844386,0.5000000000000001,0.7818314824680298,0.6234898018587336,0,0,0,93,0.11827956989247312,69.999999996,0.11827956989247312,69.999999996,0.10842293906810037,63.4025,0.17652329749103943,104.61111111099999,0.16845878136200715,109.845555553,0.11499402628434886,0.005690728459753165,0.11387395459976106,True
221,105,9.416666666666666,59.103333335,8.443333335,1.1241666670000001,66.44199724379693,0.0,93.0,0.77,0.10125448028673835,12.229437229437229,1.1241666669999997,False,offpeak,2022-06-28 05:00:00,5,1,False,2022-06-28,0.9659258262890683,0.25881904510252074,0.7818314824680298,0.6234898018587336,0,0,0,93,0.11290322580645161,66.682777776,0.11827956989247312,69.999999996,0.11827956989247312,69.999999996,0.1657706093189964,97.603333332,0.15681003584229392,101.589444445,0.11648745519713262,0.0031040337053184174,0.11122311827956989,True
222,105,8.083333333333334,49.781666664,7.1116666639999995,1.1241666670000001,55.96289029137388,0.0,93.0,0.77,0.08691756272401434,10.497835497835498,1.124166667,False,offpeak,2022-06-28 06:00:00,6,1,False,2022-06-28,1.0,6.123233995736766e-17,0.7818314824680298,0.6234898018587336,0,0,0,93,0.10125448028673835,59.103333335,0.11290322580645161,66.682777776,0.11827956989247312,69.999999996,0.15770609318996415,92.349444445,0.16129032258064516,101.499999996,0.11081242532855436,0.008702988222420589,0.10853494623655914,True
223,105,8.0,48.99999999599999,6.999999995999999,1.1241666670000001,55.08416667850332,0.0,93.0,0.77,0.08602150537634409,10.38961038961039,1.124166667,False,offpeak,2022-06-28 07:00:00,7,1,False,2022-06-28,0.9659258262890683,-0.25881904510252063,0.7818314824680298,0.6234898018587336,0,0,0,93,0.08691756272401434,49.781666664,0.10125448028673835,59.103333335,0.11290322580645161,66.682777776,0.13351254480286737,76.968888889,0.1532258064516129,96.432777777,0.10035842293906809,0.013015984808542313,0.10558542413381122,True
224,105,7.416666666666667,44.73194444400001,6.390277778000001,1.1241666670000001,50.28616089404064,0.0,93.0,0.77,0.07974910394265233,9.632034632034632,1.1241666669999997,False,offpeak,2022-06-28 08:00:00,8,1,False,2022-06-28,0.8660254037844387,-0.4999999999999998,0.7818314824680298,0.6234898018587336,0,0,0,93,0.08602150537634409,48.99999999599999,0.08691756272401434,49.781666664,0.10125448028673835,59.103333335,0.09318996415770608,53.208749999,0.1424731182795699,89.279166668,0.09139784946236558,0.00854784230660234,0.10360663082437276,True
225,105,10.166666666666666,62.538194447,9.0875,1.1241666670000001,70.3033536116819,0.0,93.0,0.77,0.1093189964157706,13.203463203463203,1.124166667,False,offpeak,2022-06-28 09:00:00,9,1,False,2022-06-28,0.7071067811865476,-0.7071067811865475,0.7818314824680298,0.6234898018587336,0,0,0,93,0.07974910394265233,44.73194444400001,0.08602150537634409,48.99999999599999,0.08691756272401434,49.781666664,0.08333333333333333,47.032222224,0.11827956989247312,73.877222222,0.08422939068100359,0.003905823426109093,0.10304659498207884,True
226,105,11.583333333333334,70.770000001,10.610000001000001,1.1241666670000001,79.55727502471416,0.0,93.0,0.77,0.12455197132616488,15.043290043290044,1.124166667,False,offpeak,2022-06-28 10:00:00,10,1,False,2022-06-28,0.49999999999999994,-0.8660254037844387,0.7818314824680298,0.6234898018587336,0,0,0,93,0.1093189964157706,62.538194447,0.07974910394265233,44.73194444400001,0.08602150537634409,48.99999999599999,0.11200716845878135,55.53624999799999,0.13440860215053763,73.5,0.09169653524492233,0.015580407832430657,0.10412933094384708,True
227,105,13.75,83.341805553,12.643055557999997,1.1241666670000001,93.6900797702781,0.0,93.0,0.77,0.1478494623655914,17.857142857142858,1.1241666670000001,False,offpeak,2022-06-28 11:00:00,11,1,False,2022-06-28,0.258819045102521,-0.9659258262890682,0.7818314824680298,0.6234898018587336,0,0,0,93,0.12455197132616488,70.770000001,0.1093189964157706,62.538194447,0.07974910394265233,44.73194444400001,0.10215053763440861,56.092361115,0.10215053763440861,65.309999999,0.1045400238948626,0.022780543567106383,0.10465203106332138,True
228,105,15.916666666666666,97.047222221,14.863888889000004,1.1241666670000001,109.0972523457899,0.0,93.0,0.77,0.17114695340501793,20.67099567099567,1.124166667,False,offpeak,2022-06-28 12:00:00,12,1,False,2022-06-28,1.2246467991473532e-16,-1.0,0.7818314824680298,0.6234898018587336,0,0,0,93,0.1478494623655914,83.341805553,0.12455197132616488,70.770000001,0.1093189964157706,62.538194447,0.09318996415770608,53.851388891,0.0967741935483871,59.120833331,0.12724014336917563,0.019405383358160742,0.10655615292712067,True
229,105,16.666666666666668,101.984166669,15.693611109999999,1.1241666670000001,114.6472007310622,0.0,93.0,0.77,0.1792114695340502,21.645021645021647,1.1241666669999997,False,offpeak,2022-06-28 13:00:00,13,1,False,2022-06-28,-0.2588190451025208,-0.9659258262890683,0.7818314824680298,0.6234898018587336,0,0,0,93,0.17114695340501793,97.047222221,0.1478494623655914,83.341805553,0.12455197132616488,70.770000001,0.09050179211469533,49.195416664999996,0.10842293906810037,66.90055555900001,0.1478494623655914,0.023297491039426375,0.10980436081242533,True
230,105,16.666666666666668,102.48000000100001,15.639999998000002,1.1241666670000001,115.20460003528417,0.0,93.0,0.77,0.1792114695340502,21.645021645021647,1.124166667,False,offpeak,2022-06-28 14:00:00,14,1,False,2022-06-28,-0.4999999999999997,-0.8660254037844388,0.7818314824680298,0.6234898018587336,0,0,0,93,0.1792114695340502,101.984166669,0.17114695340501793,97.047222221,0.1478494623655914,83.341805553,0.0967741935483871,52.5,0.12724014336917563,72.13111110999999,0.1660692951015532,0.016285909056410423,0.1135005973715651,True
231,105,16.333333333333332,99.349444445,15.192777776,1.1241666670000001,111.68533383003731,0.0,93.0,0.77,0.17562724014336917,21.21212121212121,1.124166667,False,offpeak,2022-06-28 15:00:00,15,1,False,2022-06-28,-0.7071067811865471,-0.7071067811865479,0.7818314824680298,0.6234898018587336,0,0,0,93,0.1792114695340502,102.48000000100001,0.1792114695340502,101.984166669,0.17114695340501793,97.047222221,0.0967741935483871,54.44833333500001,0.11021505376344086,69.999999996,0.17652329749103945,0.004656050557980817,0.11693548387096775,True
232,105,17.0,100.162222222,15.866388891999998,1.1241666670000001,112.59903151461909,0.0,93.0,0.77,0.1827956989247312,22.07792207792208,1.1241666670000001,False,offpeak,2022-06-28 16:00:00,16,1,False,2022-06-28,-0.8660254037844385,-0.5000000000000004,0.7818314824680298,0.6234898018587336,0,0,0,93,0.17562724014336917,99.349444445,0.1792114695340502,102.48000000100001,0.1792114695340502,101.984166669,0.11827956989247312,56.00000000400001,0.10663082437275985,69.599444444,0.17801672640382318,0.002069355803547041,0.12022102747909201,True
233,105,18.0,104.99805555500001,16.999722224,1.1241666670000001,118.0353141547452,0.0,93.0,0.77,0.1935483870967742,23.376623376623375,1.124166667,False,offpeak,2022-06-28 17:00:00,17,1,False,2022-06-28,-0.9659258262890683,-0.25881904510252063,0.7818314824680298,0.6234898018587336,0,0,0,93,0.1827956989247312,100.162222222,0.17562724014336917,99.349444445,0.1792114695340502,102.48000000100001,0.11111111111111112,55.01805555599999,0.10573476702508962,66.99291666900001,0.17921146953405018,0.0035842293906810305,0.12290919952210273,True
234,105,17.166666666666668,102.66472222300001,16.192777777,1.1241666670000001,115.41225859991074,0.0,93.0,0.77,0.1845878136200717,22.294372294372295,1.124166667,False,offpeak,2022-06-28 18:00:00,18,1,False,2022-06-28,-1.0,-1.8369701987210297e-16,0.7818314824680298,0.6234898018587336,0,0,0,93,0.1935483870967742,104.99805555500001,0.1827956989247312,100.162222222,0.17562724014336917,99.349444445,0.09050179211469533,51.728055555,0.11738351254480286,72.93416667,0.18399044205495818,0.009020112825891033,0.1263440860215054,True
235,105,15.0,91.377222222,14.053888889999998,1.1241666670000001,102.72322734502407,0.0,93.0,0.77,0.16129032258064516,19.48051948051948,1.124166667,False,offpeak,2022-06-28 19:00:00,19,1,False,2022-06-28,-0.9659258262890684,0.2588190451025203,0.7818314824680298,0.6234898018587336,0,0,0,93,0.1845878136200717,102.66472222300001,0.1935483870967742,104.99805555500001,0.1827956989247312,100.162222222,0.0967741935483871,56.00000000400001,0.12903225806451613,84.097222222,0.1869772998805257,0.005760842748502479,0.13026433691756273,True
236,105,14.0,84.373333333,13.053333332000001,1.1241666670000001,94.84968891663858,0.0,93.0,0.77,0.15053763440860216,18.18181818181818,1.1241666669999997,False,offpeak,2022-06-28 20:00:00,20,1,False,2022-06-28,-0.8660254037844386,0.5000000000000001,0.7818314824680298,0.6234898018587336,0,0,0,93,0.16129032258064516,91.377222222,0.1845878136200717,102.66472222300001,0.1935483870967742,104.99805555500001,0.10483870967741936,61.073055557,0.12186379928315413,79.529722225,0.1798088410991637,0.016651564951931135,0.13295250896057348,True
237,105,12.0,70.188611107,11.026944447999998,1.1241666670000001,78.90369700951535,0.0,93.0,0.77,0.12903225806451613,15.584415584415584,1.1241666669999997,False,offpeak,2022-06-28 21:00:00,21,1,False,2022-06-28,-0.7071067811865477,0.7071067811865474,0.7818314824680298,0.6234898018587336,0,0,0,93,0.15053763440860216,84.373333333,0.16129032258064516,91.377222222,0.1845878136200717,102.66472222300001,0.11469534050179211,67.29527777599999,0.11917562724014337,77.400555559,0.16547192353643966,0.017405976444842784,0.13485663082437277,True
238,105,12.0,69.999999996,11.000000003999999,1.1241666670000001,78.69166668550331,0.0,93.0,0.77,0.12903225806451613,15.584415584415584,1.1241666669999997,False,offpeak,2022-06-28 22:00:00,22,1,False,2022-06-28,-0.5000000000000004,0.8660254037844384,0.7818314824680298,0.6234898018587336,0,0,0,93,0.12903225806451613,70.188611107,0.15053763440860216,84.373333333,0.16129032258064516,91.377222222,0.12992831541218638,70.950833335,0.12275985663082437,80.103333335,0.14695340501792112,0.01642500249088097,0.13545400238948627,True
239,105,12.0,69.999999996,11.000000003999999,1.1241666670000001,78.69166668550331,0.0,93.0,0.77,0.12903225806451613,15.584415584415584,1.1241666669999997,False,offpeak,2022-06-28 23:00:00,23,1,False,2022-06-28,-0.25881904510252157,0.9659258262890681,0.7818314824680298,0.6234898018587336,0,0,0,93,0.12903225806451613,69.999999996,0.12903225806451613,70.188611107,0.15053763440860216,84.373333333,0.11290322580645161,63.0,0.11827956989247312,77.000000004,0.13620071684587812,0.012416134821281977,0.13541666666666669,True
240,105,12.0,69.999999996,11.000000003999999,1.1241666670000001,78.69166668550331,0.0,93.0,0.77,0.12903225806451613,15.584415584415584,1.1241666669999997,False,offpeak,2022-06-29 00:00:00,0,2,False,2022-06-29,0.0,1.0,0.9749279121818236,-0.22252093395631434,0,0,0,93,0.12903225806451613,69.999999996,0.12903225806451613,69.999999996,0.12903225806451613,70.188611107,0.10752688172043011,63.0,0.11827956989247312,77.000000004,0.12903225806451613,0.0,0.13608870967741934,True
241,105,12.083333333333334,70.402499996,11.057500004,1.1241666670000001,79.1441437689708,0.0,93.0,0.77,0.12992831541218638,15.692640692640692,1.1241666669999997,False,offpeak,2022-06-29 01:00:00,1,2,False,2022-06-29,0.25881904510252074,0.9659258262890683,0.9749279121818236,-0.22252093395631434,0,0,0,93,0.12903225806451613,69.999999996,0.12903225806451613,69.999999996,0.12903225806451613,69.999999996,0.10842293906810037,63.4025,0.11827956989247312,77.000000004,0.12903225806451613,0.0,0.1369847670250896,True
242,105,13.0,77.000000004,12.0,1.1241666670000001,86.56083336349666,0.0,93.0,0.77,0.13978494623655913,16.883116883116884,1.124166667,False,offpeak,2022-06-29 02:00:00,2,2,False,2022-06-29,0.49999999999999994,0.8660254037844387,0.9749279121818236,-0.22252093395631434,0,0,0,93,0.12992831541218638,70.402499996,0.12903225806451613,69.999999996,0.12903225806451613,69.999999996,0.11827956989247312,69.999999996,0.11827956989247312,77.000000004,0.1293309438470729,0.0005173389508786815,0.13788082437275986,True
243,105,13.0,77.000000004,12.0,1.1241666670000001,86.56083336349666,0.0,93.0,0.77,0.13978494623655913,16.883116883116884,1.124166667,False,offpeak,2022-06-29 03:00:00,3,2,False,2022-06-29,0.7071067811865476,0.7071067811865476,0.9749279121818236,-0.22252093395631434,0,0,0,93,0.13978494623655913,77.000000004,0.12992831541218638,70.402499996,0.12903225806451613,69.999999996,0.11827956989247312,69.999999996,0.12724014336917563,82.646666667,0.1329151732377539,0.0059662438337622255,0.13877688172043012,True
244,105,12.416666666666666,73.0975,11.442500001999997,1.1241666670000001,82.17377294103248,0.0,93.0,0.77,0.13351254480286737,16.125541125541126,1.124166667,False,offpeak,2022-06-29 04:00:00,4,2,False,2022-06-29,0.8660254037844386,0.5000000000000001,0.9749279121818236,-0.22252093395631434,0,0,0,93,0.13978494623655913,77.000000004,0.13978494623655913,77.000000004,0.12992831541218638,70.402499996,0.11290322580645161,66.682777776,0.12365591397849462,80.686666668,0.13649940262843488,0.005690728459753699,0.13967293906810035,True
245,105,11.416666666666666,66.105277776,10.443611111000001,1.1241666670000001,74.31334978855509,0.0,93.0,0.77,0.12275985663082437,14.826839826839826,1.1241666670000001,False,offpeak,2022-06-29 05:00:00,5,2,False,2022-06-29,0.9659258262890683,0.25881904510252074,0.9749279121818236,-0.22252093395631434,0,0,0,93,0.13351254480286737,73.0975,0.13978494623655913,77.000000004,0.13978494623655913,77.000000004,0.10125448028673835,59.103333335,0.11200716845878135,73.099444444,0.13769414575866187,0.0036213726562062992,0.140531660692951,True
246,105,11.0,63.0,9.999999996000001,1.1241666670000001,70.822500021,0.0,93.0,0.77,0.11827956989247312,14.285714285714285,1.124166667,False,offpeak,2022-06-29 06:00:00,6,2,False,2022-06-29,1.0,6.123233995736766e-17,0.9749279121818236,-0.22252093395631434,0,0,0,93,0.12275985663082437,66.105277776,0.13351254480286737,73.0975,0.13978494623655913,77.000000004,0.08691756272401434,49.781666664,0.10752688172043011,69.999999996,0.1320191158900836,0.008610236144204772,0.14142771804062126,True
247,105,10.0,57.370833336000004,9.195833333,1.1241666670000001,64.49437849434361,0.0,93.0,0.77,0.10752688172043011,12.987012987012987,1.124166667,False,offpeak,2022-06-29 07:00:00,7,2,False,2022-06-29,0.9659258262890683,-0.25881904510252063,0.9749279121818236,-0.22252093395631434,0,0,0,93,0.11827956989247312,63.0,0.12275985663082437,66.105277776,0.13351254480286737,73.0975,0.08602150537634409,48.99999999599999,0.0985663082437276,64.34361111,0.12485065710872162,0.0078287589140264,0.14273446833930706,True
248,105,10.333333333333334,60.682222222,9.306944443,1.1241666670000001,68.21693150145907,0.0,93.0,0.77,0.11111111111111112,13.41991341991342,1.124166667,False,offpeak,2022-06-29 08:00:00,8,2,False,2022-06-29,0.8660254037844387,-0.4999999999999998,0.9749279121818236,-0.22252093395631434,0,0,0,93,0.10752688172043011,57.370833336000004,0.11827956989247312,63.0,0.12275985663082437,66.105277776,0.07974910394265233,44.73194444400001,0.15053763440860216,66.317222221,0.11618876941457586,0.00782875891402633,0.1436305256869773,True
249,105,11.666666666666666,69.98638889,10.498055556,1.1241666670000001,78.67636553383711,0.0,93.0,0.77,0.12544802867383512,15.15151515151515,1.1241666669999997,False,offpeak,2022-06-29 09:00:00,9,2,False,2022-06-29,0.7071067811865476,-0.7071067811865475,0.9749279121818236,-0.22252093395631434,0,0,0,93,0.11111111111111112,60.682222222,0.10752688172043011,57.370833336000004,0.11827956989247312,63.0,0.1093189964157706,62.538194447,0.2948028673835126,67.268055553,0.11230585424133811,0.005475000830292746,0.14493727598566308,True
250,105,11.0,66.500000004,9.999999996000001,1.1241666670000001,74.75708335999667,0.0,93.0,0.77,0.11827956989247312,14.285714285714285,1.1241666670000001,False,offpeak,2022-06-29 10:00:00,10,2,False,2022-06-29,0.49999999999999994,-0.8660254037844387,0.9749279121818236,-0.22252093395631434,0,0,0,93,0.12544802867383512,69.98638889,0.11111111111111112,60.682222222,0.10752688172043011,57.370833336000004,0.12455197132616488,70.770000001,0.1792114695340502,74.861111113,0.11469534050179213,0.009482979609549951,0.14560931899641577,True
251,105,11.916666666666666,68.253888891,10.250555554000002,1.1241666670000001,76.72874678438379,0.0,93.0,0.77,0.12813620071684587,15.476190476190474,1.124166667,False,offpeak,2022-06-29 11:00:00,11,2,False,2022-06-29,0.258819045102521,-0.9659258262890682,0.9749279121818236,-0.22252093395631434,0,0,0,93,0.11827956989247312,66.500000004,0.12544802867383512,69.98638889,0.11111111111111112,60.682222222,0.1478494623655914,83.341805553,0.11827956989247312,77.000000004,0.11827956989247312,0.007168458781361309,0.14534796893667862,True
252,105,14.0,64.942500002,9.777499997,1.1241666670000001,73.00619377389584,0.0,93.0,0.77,0.15053763440860216,18.18181818181818,1.1241666670000001,False,offpeak,2022-06-29 12:00:00,12,2,False,2022-06-29,1.2246467991473532e-16,-1.0,0.9749279121818236,-0.22252093395631434,0,0,0,93,0.12813620071684587,68.253888891,0.11827956989247312,66.500000004,0.12544802867383512,69.98638889,0.17114695340501793,97.047222221,0.11827956989247312,77.000000004,0.12395459976105137,0.005095197762613175,0.14452658303464755,True
253,105,12.5,62.79194444400001,9.441666665,1.1241666670000001,70.58861090006064,0.0,93.0,0.77,0.13440860215053763,16.233766233766232,1.1241666669999997,False,offpeak,2022-06-29 13:00:00,13,2,False,2022-06-29,-0.2588190451025208,-0.9659258262890683,0.9749279121818236,-0.22252093395631434,0,0,0,93,0.15053763440860216,64.942500002,0.12813620071684587,68.253888891,0.11827956989247312,66.500000004,0.1792114695340502,101.984166669,0.11021505376344086,71.93666666499999,0.13231780167264037,0.01653057837756452,0.1436678614097969,True
254,105,11.083333333333334,56.00000000400001,8.000000004,1.1241666670000001,62.95333335649666,0.0,93.0,0.77,0.11917562724014337,14.393939393939394,1.1241666669999997,False,offpeak,2022-06-29 14:00:00,14,2,False,2022-06-29,-0.4999999999999997,-0.8660254037844388,0.9749279121818236,-0.22252093395631434,0,0,0,93,0.13440860215053763,62.79194444400001,0.15053763440860216,64.942500002,0.12813620071684587,68.253888891,0.1792114695340502,102.48000000100001,0.11559139784946236,75.065277779,0.13769414575866187,0.011556476775479427,0.14180107526881722,True
255,105,10.416666666666666,49.19638888499999,7.028055551999999,1.1241666670000001,55.304940521286284,0.0,93.0,0.77,0.11200716845878135,13.528138528138527,1.124166667,False,offpeak,2022-06-29 15:00:00,15,2,False,2022-06-29,-0.7071067811865471,-0.7071067811865479,0.9749279121818236,-0.22252093395631434,0,0,0,93,0.11917562724014337,56.00000000400001,0.13440860215053763,62.79194444400001,0.15053763440860216,64.942500002,0.17562724014336917,99.349444445,0.11200716845878135,72.910833333,0.13470728793309436,0.015683136908990272,0.1392995818399044,True
256,105,12.166666666666666,52.313333333,7.473333333000001,1.1241666670000001,58.8089055726186,0.0,93.0,0.77,0.13082437275985662,15.8008658008658,1.1241666669999997,False,offpeak,2022-06-29 16:00:00,16,2,False,2022-06-29,-0.8660254037844385,-0.5000000000000004,0.9749279121818236,-0.22252093395631434,0,0,0,93,0.11200716845878135,49.19638888499999,0.11917562724014337,56.00000000400001,0.13440860215053763,62.79194444400001,0.1827956989247312,100.162222222,0.11827956989247312,77.000000004,0.12186379928315412,0.011440094386024368,0.13664874551971326,True
257,105,12.083333333333334,56.00000000400001,8.000000004,1.1241666670000001,62.95333335649666,0.0,93.0,0.77,0.12992831541218638,15.692640692640692,1.1241666669999997,False,offpeak,2022-06-29 17:00:00,17,2,False,2022-06-29,-0.9659258262890683,-0.25881904510252063,0.9749279121818236,-0.22252093395631434,0,0,0,93,0.13082437275985662,52.313333333,0.11200716845878135,49.19638888499999,0.11917562724014337,56.00000000400001,0.1935483870967742,104.99805555500001,0.10483870967741936,68.62138888999999,0.12066905615292711,0.009497080702260276,0.13448327359617682,True
258,105,9.75,51.71347222399999,7.749444447,1.1241666670000001,58.134561709051155,0.0,93.0,0.77,0.10483870967741936,12.662337662337663,1.1241666670000001,False,offpeak,2022-06-29 18:00:00,18,2,False,2022-06-29,-1.0,-1.8369701987210297e-16,0.9749279121818236,-0.22252093395631434,0,0,0,93,0.12992831541218638,56.00000000400001,0.13082437275985662,52.313333333,0.11200716845878135,49.19638888499999,0.1845878136200717,102.66472222300001,0.10573476702508962,65.823333336,0.12425328554360811,0.010614907792064567,0.13183243727598565,True
259,105,12.75,61.856666665999995,9.336666669,1.1241666670000001,69.53720279764721,0.0,93.0,0.77,0.13709677419354838,16.558441558441558,1.124166667,False,offpeak,2022-06-29 19:00:00,19,2,False,2022-06-29,-0.9659258262890684,0.2588190451025203,0.9749279121818236,-0.22252093395631434,0,0,0,93,0.10483870967741936,51.71347222399999,0.12992831541218638,56.00000000400001,0.13082437275985662,52.313333333,0.16129032258064516,91.377222222,0.11290322580645161,69.81527778,0.12186379928315412,0.014750965621105668,0.12850955794504182,True
260,105,12.75,71.748055556,10.749722225,1.1241666670000001,80.65677247811935,0.0,93.0,0.77,0.13709677419354838,16.558441558441558,1.1241666670000001,False,offpeak,2022-06-29 20:00:00,20,2,False,2022-06-29,-0.8660254037844386,0.5000000000000001,0.9749279121818236,-0.22252093395631434,0,0,0,93,0.13709677419354838,61.856666665999995,0.10483870967741936,51.71347222399999,0.12992831541218638,56.00000000400001,0.15053763440860216,84.373333333,0.13172043010752688,81.69194444600001,0.12395459976105137,0.01693840726255385,0.1275014934289128,True
261,105,14.583333333333334,73.5,11.000000003999999,1.1241666670000001,82.6262500245,0.0,93.0,0.77,0.15681003584229392,18.93939393939394,1.124166667,False,offpeak,2022-06-29 21:00:00,21,2,False,2022-06-29,-0.7071067811865477,0.7071067811865474,0.9749279121818236,-0.22252093395631434,0,0,0,93,0.13709677419354838,71.748055556,0.13709677419354838,61.856666665999995,0.10483870967741936,51.71347222399999,0.12903225806451613,70.188611107,0.1532258064516129,96.246111111,0.12634408602150538,0.018624202231923147,0.12694145758661887,True
262,105,14.916666666666666,73.5,11.000000003999999,1.1241666670000001,82.6262500245,0.0,93.0,0.77,0.1603942652329749,19.37229437229437,1.124166667,False,offpeak,2022-06-29 22:00:00,22,2,False,2022-06-29,-0.5000000000000004,0.8660254037844384,0.9749279121818236,-0.22252093395631434,0,0,0,93,0.15681003584229392,73.5,0.13709677419354838,71.748055556,0.13709677419354838,61.856666665999995,0.12903225806451613,69.999999996,0.15053763440860216,94.5,0.1436678614097969,0.011381456919508516,0.12809886499402628,True
263,105,14.916666666666666,73.5,11.000000003999999,1.1241666670000001,82.6262500245,0.0,93.0,0.77,0.1603942652329749,19.37229437229437,1.124166667,False,offpeak,2022-06-29 23:00:00,23,2,False,2022-06-29,-0.25881904510252157,0.9659258262890681,0.9749279121818236,-0.22252093395631434,0,0,0,93,0.1603942652329749,73.5,0.15681003584229392,73.5,0.13709677419354838,71.748055556,0.12903225806451613,69.999999996,0.15053763440860216,94.5,0.1514336917562724,0.012544802867383359,0.12940561529271205,True
264,105,13.25,73.5,11.000000003999999,1.1241666670000001,82.6262500245,0.0,93.0,0.77,0.1424731182795699,17.207792207792206,1.124166667,False,offpeak,2022-06-30 00:00:00,0,3,False,2022-06-30,0.0,1.0,0.43388373911755823,-0.900968867902419,0,0,0,93,0.1603942652329749,73.5,0.1603942652329749,73.5,0.15681003584229392,73.5,0.12903225806451613,69.999999996,0.14695340501792115,93.42763888799999,0.1591995221027479,0.0020693558035464205,0.13071236559139784,True
265,105,12.833333333333334,73.5,11.000000003999999,1.1241666670000001,82.6262500245,0.0,93.0,0.77,0.13799283154121864,16.666666666666668,1.124166667,False,offpeak,2022-06-30 01:00:00,1,3,False,2022-06-30,0.25881904510252074,0.9659258262890683,0.43388373911755823,-0.900968867902419,0,0,0,93,0.1424731182795699,73.5,0.1603942652329749,73.5,0.1603942652329749,73.5,0.12992831541218638,70.402499996,0.13978494623655913,90.999999996,0.1544205495818399,0.010346779017735053,0.13127240143369176,True
266,105,15.083333333333334,73.5,11.000000003999999,1.1241666670000001,82.6262500245,0.0,93.0,0.77,0.16218637992831542,19.58874458874459,1.124166667,False,offpeak,2022-06-30 02:00:00,2,3,False,2022-06-30,0.49999999999999994,0.8660254037844387,0.43388373911755823,-0.900968867902419,0,0,0,93,0.13799283154121864,73.5,0.1424731182795699,73.5,0.1603942652329749,73.5,0.13978494623655913,77.000000004,0.14157706093189965,91.74277777500001,0.14695340501792112,0.011853724511937924,0.13160842293906808,True
267,105,12.583333333333334,73.5,11.000000003999999,1.1241666670000001,82.6262500245,0.0,93.0,0.77,0.13530465949820789,16.341991341991342,1.124166667,False,offpeak,2022-06-30 03:00:00,3,3,False,2022-06-30,0.7071067811865476,0.7071067811865476,0.43388373911755823,-0.900968867902419,0,0,0,93,0.16218637992831542,73.5,0.13799283154121864,73.5,0.1424731182795699,73.5,0.13978494623655913,77.000000004,0.15053763440860216,98.000000004,0.14755077658303464,0.01287124338495517,0.13254181600955794,True
268,105,14.75,73.5,11.000000003999999,1.1241666670000001,82.6262500245,0.0,93.0,0.77,0.1586021505376344,19.155844155844154,1.124166667,False,offpeak,2022-06-30 04:00:00,4,3,False,2022-06-30,0.8660254037844386,0.5000000000000001,0.43388373911755823,-0.900968867902419,0,0,0,93,0.13530465949820789,73.5,0.16218637992831542,73.5,0.13799283154121864,73.5,0.13351254480286737,73.0975,0.14516129032258066,94.6925,0.14516129032258066,0.014805297170123764,0.13235513739545998,True
269,105,13.333333333333334,69.60527778000001,10.443611111000001,1.1241666670000001,78.24793312755175,0.0,93.0,0.77,0.14336917562724014,17.316017316017316,1.1241666669999997,False,offpeak,2022-06-30 05:00:00,5,3,False,2022-06-30,0.9659258262890683,0.25881904510252074,0.43388373911755823,-0.900968867902419,0,0,0,93,0.1586021505376344,73.5,0.13530465949820789,73.5,0.16218637992831542,73.5,0.12275985663082437,66.105277776,0.13082437275985662,85.532222221,0.1520310633213859,0.014595927984313637,0.1334005376344086,True
270,105,12.833333333333334,66.500000004,9.999999996000001,1.1241666670000001,74.75708335999667,0.0,93.0,0.77,0.13799283154121864,16.666666666666668,1.1241666670000001,False,offpeak,2022-06-30 06:00:00,6,3,False,2022-06-30,1.0,6.123233995736766e-17,0.43388373911755823,-0.900968867902419,0,0,0,93,0.14336917562724014,69.60527778000001,0.1586021505376344,73.5,0.13530465949820789,73.5,0.11827956989247312,63.0,0.11827956989247312,77.000000004,0.14575866188769412,0.01183112444464636,0.13425925925925927,True
271,105,14.083333333333334,72.551111111,10.864444444,1.1241666670000001,81.55954076479954,0.0,93.0,0.77,0.15143369175627241,18.29004329004329,1.1241666670000001,False,offpeak,2022-06-30 07:00:00,7,3,False,2022-06-30,0.9659258262890683,-0.25881904510252063,0.43388373911755823,-0.900968867902419,0,0,0,93,0.13799283154121864,66.500000004,0.14336917562724014,69.60527778000001,0.1586021505376344,73.5,0.10752688172043011,57.370833336000004,0.12186379928315413,78.923055557,0.1466547192353644,0.01069028086509732,0.13508064516129034,True
272,105,14.333333333333334,79.48694444499999,11.410833334,1.1241666670000001,89.3565734067498,0.0,93.0,0.77,0.15412186379928317,18.614718614718615,1.124166667,False,offpeak,2022-06-30 08:00:00,8,3,False,2022-06-30,0.8660254037844387,-0.4999999999999998,0.43388373911755823,-0.900968867902419,0,0,0,93,0.15143369175627241,72.551111111,0.13799283154121864,66.500000004,0.14336917562724014,69.60527778000001,0.11111111111111112,60.682222222,0.12813620071684587,74.662777779,0.14426523297491037,0.00676508461941786,0.1369100955794504,True
273,105,14.416666666666666,69.999999996,9.999999996000001,1.1241666670000001,78.69166668550331,0.0,93.0,0.77,0.1550179211469534,18.72294372294372,1.1241666669999997,False,offpeak,2022-06-30 09:00:00,9,3,False,2022-06-30,0.7071067811865476,-0.7071067811865475,0.43388373911755823,-0.900968867902419,0,0,0,93,0.15412186379928317,79.48694444499999,0.15143369175627241,72.551111111,0.13799283154121864,66.500000004,0.12544802867383512,69.98638889,0.11021505376344086,69.999999996,0.14784946236559138,0.00864126412275329,0.13870221027479093,True
274,105,13.5,73.492222222,10.498888889,1.1241666670000001,82.61750650572905,0.0,93.0,0.77,0.14516129032258066,17.532467532467532,1.124166667,False,offpeak,2022-06-30 10:00:00,10,3,False,2022-06-30,0.49999999999999994,-0.8660254037844387,0.43388373911755823,-0.900968867902419,0,0,0,93,0.1550179211469534,69.999999996,0.15412186379928317,79.48694444499999,0.15143369175627241,72.551111111,0.11827956989247312,66.500000004,0.09318996415770608,59.487361109999995,0.15352449223416964,0.001865292114215989,0.1399342891278375,True
275,105,13.0,69.60333333,9.943333330000002,1.1241666670000001,78.24574724167609,0.0,93.0,0.77,0.13978494623655913,16.883116883116884,1.1241666669999997,False,offpeak,2022-06-30 11:00:00,11,3,False,2022-06-30,0.258819045102521,-0.9659258262890682,0.43388373911755823,-0.900968867902419,0,0,0,93,0.14516129032258066,73.492222222,0.1550179211469534,69.999999996,0.15412186379928317,79.48694444499999,0.12813620071684587,68.253888891,0.0967741935483871,59.49999999599999,0.1514336917562724,0.005450504059406641,0.14105436081242534,True
276,105,11.75,60.45666666700001,8.636666667,1.1241666670000001,67.96336946497138,0.0,93.0,0.77,0.12634408602150538,15.25974025974026,1.1241666669999997,False,offpeak,2022-06-30 12:00:00,12,3,False,2022-06-30,1.2246467991473532e-16,-1.0,0.43388373911755823,-0.900968867902419,0,0,0,93,0.13978494623655913,69.60333333,0.14516129032258066,73.492222222,0.1550179211469534,69.999999996,0.15053763440860216,64.942500002,0.0967741935483871,59.49999999599999,0.14665471923536438,0.007725518014562169,0.14153972520908006,True
277,105,9.416666666666666,43.351388888,6.193055555,1.1241666670000001,48.73418635604378,0.0,93.0,0.77,0.10125448028673835,12.229437229437229,1.1241666669999995,False,offpeak,2022-06-30 13:00:00,13,3,False,2022-06-30,-0.2588190451025208,-0.9659258262890683,0.43388373911755823,-0.900968867902419,0,0,0,93,0.12634408602150538,60.45666666700001,0.13978494623655913,69.60333333,0.14516129032258066,73.492222222,0.13440860215053763,62.79194444400001,0.1039426523297491,63.793333334,0.13709677419354838,0.009692342138343765,0.140531660692951,True
278,105,9.0,42.0,6.0,1.1241666670000001,47.21500001399999,0.0,93.0,0.77,0.0967741935483871,11.688311688311687,1.1241666669999997,False,offpeak,2022-06-30 14:00:00,14,3,False,2022-06-30,-0.4999999999999997,-0.8660254037844388,0.43388373911755823,-0.900968867902419,0,0,0,93,0.10125448028673835,43.351388888,0.12634408602150538,60.45666666700001,0.13978494623655913,69.60333333,0.11917562724014337,56.00000000400001,0.11469534050179211,71.35138889,0.12246117084826762,0.019556507210120297,0.13915023894862605,True
279,105,8.916666666666666,42.400555556,6.057222222,1.1241666670000001,47.66529121833685,0.0,93.0,0.77,0.09587813620071683,11.58008658008658,1.124166667,False,offpeak,2022-06-30 15:00:00,15,3,False,2022-06-30,-0.7071067811865471,-0.7071067811865479,0.43388373911755823,-0.900968867902419,0,0,0,93,0.0967741935483871,42.0,0.10125448028673835,43.351388888,0.12634408602150538,60.45666666700001,0.11200716845878135,49.19638888499999,0.10752688172043011,66.500000004,0.10812425328554359,0.015937062809980716,0.1382168458781362,True
280,105,12.166666666666666,56.217777776999995,8.031111111,1.1241666670000001,63.19815186971675,0.0,93.0,0.77,0.13082437275985662,15.8008658008658,1.124166667,False,offpeak,2022-06-30 16:00:00,16,3,False,2022-06-30,-0.8660254037844385,-0.5000000000000004,0.43388373911755823,-0.900968867902419,0,0,0,93,0.09587813620071683,42.400555556,0.0967741935483871,42.0,0.10125448028673835,43.351388888,0.13082437275985662,52.313333333,0.11648745519713262,68.259722225,0.09796893667861407,0.0028804213742493656,0.13754480286738352,True
281,105,12.833333333333334,61.432777778,8.776111111999999,1.1241666670000001,69.06068103924592,0.0,93.0,0.77,0.13799283154121864,16.666666666666668,1.124166667,False,offpeak,2022-06-30 17:00:00,17,3,False,2022-06-30,-0.9659258262890683,-0.25881904510252063,0.43388373911755823,-0.900968867902419,0,0,0,93,0.13082437275985662,56.217777776999995,0.09587813620071683,42.400555556,0.0967741935483871,42.0,0.12992831541218638,56.00000000400001,0.11738351254480286,66.13250000400001,0.10782556750298684,0.019922587987636915,0.1375448028673835,True
282,105,14.25,63.817638888999994,9.145555556,1.1241666670000001,71.7416624056567,0.0,93.0,0.77,0.1532258064516129,18.506493506493506,1.124166667,False,offpeak,2022-06-30 18:00:00,18,3,False,2022-06-30,-1.0,-1.8369701987210297e-16,0.43388373911755823,-0.900968867902419,0,0,0,93,0.13799283154121864,61.432777778,0.13082437275985662,56.217777776999995,0.09587813620071683,42.400555556,0.10483870967741936,51.71347222399999,0.10573476702508962,57.753888886,0.12156511350059736,0.02253247217746973,0.13788082437275986,True
283,105,17.916666666666668,93.521944443,13.86027778,1.1241666670000001,105.13425257584646,0.0,93.0,0.77,0.19265232974910396,23.26839826839827,1.124166667,False,offpeak,2022-06-30 19:00:00,19,3,False,2022-06-30,-0.9659258262890684,0.2588190451025203,0.43388373911755823,-0.900968867902419,0,0,0,93,0.1532258064516129,63.817638888999994,0.13799283154121864,61.432777778,0.13082437275985662,56.217777776999995,0.13709677419354838,61.856666665999995,0.13620071684587812,78.17833333099999,0.14068100358422939,0.011440094386024618,0.13989695340501793,True
284,105,19.666666666666668,101.128611109,14.946944444000001,1.1241666670000001,113.68541368874368,0.0,93.0,0.77,0.21146953405017924,25.541125541125542,1.1241666669999997,False,offpeak,2022-06-30 20:00:00,20,3,False,2022-06-30,-0.8660254037844386,0.5000000000000001,0.43388373911755823,-0.900968867902419,0,0,0,93,0.19265232974910396,93.521944443,0.1532258064516129,63.817638888999994,0.13799283154121864,61.432777778,0.13709677419354838,71.748055556,0.13978494623655913,80.499999996,0.16129032258064516,0.028208021933149054,0.14221176821983272,True
285,105,20.333333333333332,105.999444444,15.642777778000001,1.1241666670000001,119.16104216446314,0.0,93.0,0.77,0.2186379928315412,26.406926406926406,1.124166667,False,offpeak,2022-06-30 21:00:00,21,3,False,2022-06-30,-0.7071067811865477,0.7071067811865474,0.43388373911755823,-0.900968867902419,0,0,0,93,0.21146953405017924,101.128611109,0.19265232974910396,93.521944443,0.1532258064516129,63.817638888999994,0.15681003584229392,73.5,0.13978494623655913,80.499999996,0.18578255675029867,0.029723362645153985,0.145310633213859,True
286,105,21.333333333333332,112.182777779,16.526111111000002,1.1241666670000001,126.11213939062009,0.0,93.0,0.77,0.22939068100358423,27.705627705627702,1.124166667,False,offpeak,2022-06-30 22:00:00,22,3,False,2022-06-30,-0.5000000000000004,0.8660254037844384,0.43388373911755823,-0.900968867902419,0,0,0,93,0.2186379928315412,105.999444444,0.21146953405017924,101.128611109,0.19265232974910396,93.521944443,0.1603942652329749,73.5,0.14874551971326166,85.952222221,0.20758661887694144,0.013420933057742652,0.147886798088411,True
287,105,18.583333333333332,107.516111114,15.859444441,1.1241666670000001,120.86602827982702,0.0,93.0,0.77,0.19982078853046595,24.134199134199132,1.124166667,False,offpeak,2022-06-30 23:00:00,23,3,False,2022-06-30,-0.25881904510252157,0.9659258262890681,0.43388373911755823,-0.900968867902419,0,0,0,93,0.22939068100358423,112.182777779,0.2186379928315412,105.999444444,0.21146953405017924,101.128611109,0.1603942652329749,73.5,0.16129032258064516,94.5,0.21983273596176822,0.009020112825891304,0.1507616487455197,True
288,105,18.916666666666668,101.499999996,15.0,1.1241666670000001,114.1029166960033,0.0,93.0,0.77,0.20340501792114696,24.567099567099568,1.1241666669999997,False,offpeak,2022-07-01 00:00:00,0,4,False,2022-07-01,0.0,1.0,-0.433883739117558,-0.9009688679024191,0,0,0,93,0.19982078853046595,107.516111114,0.22939068100358423,112.182777779,0.2186379928315412,105.999444444,0.1424731182795699,73.5,0.2007168458781362,99.374722222,0.21594982078853045,0.014967108502231416,0.15240442054958184,True
289,105,20.833333333333332,101.499999996,15.0,1.1241666670000001,114.1029166960033,0.0,93.0,0.77,0.2240143369175627,27.056277056277054,1.1241666669999997,False,offpeak,2022-07-01 01:00:00,1,4,False,2022-07-01,0.25881904510252074,0.9659258262890683,-0.433883739117558,-0.9009688679024191,0,0,0,93,0.20340501792114696,101.499999996,0.19982078853046595,107.516111114,0.22939068100358423,112.182777779,0.13799283154121864,73.5,0.1827956989247312,108.500000004,0.2108721624850657,0.016137326952497266,0.1549432497013142,True
290,105,18.083333333333332,100.514166663,14.859166666999998,1.1241666670000001,112.9946757238272,0.0,93.0,0.77,0.19444444444444442,23.484848484848484,1.124166667,False,offpeak,2022-07-01 02:00:00,2,4,False,2022-07-01,0.49999999999999994,0.8660254037844387,-0.433883739117558,-0.9009688679024191,0,0,0,93,0.2240143369175627,101.499999996,0.20340501792114696,101.499999996,0.19982078853046595,107.516111114,0.16218637992831542,73.5,0.19175627240143367,114.136944445,0.20908004778972522,0.013057044799518887,0.15852747909199522,True
291,105,18.833333333333332,94.5,14.000000003999999,1.1241666670000001,106.2337500315,0.0,93.0,0.77,0.2025089605734767,24.458874458874458,1.124166667,False,offpeak,2022-07-01 03:00:00,3,4,False,2022-07-01,0.7071067811865476,0.7071067811865476,-0.433883739117558,-0.9009688679024191,0,0,0,93,0.19444444444444442,100.514166663,0.2240143369175627,101.499999996,0.20340501792114696,101.499999996,0.13530465949820789,73.5,0.19265232974910396,115.5,0.20728793309438473,0.015162533030462545,0.1598715651135006,True
292,105,18.583333333333332,91.182777779,13.526111111000002,1.1241666670000001,102.50463938362012,0.0,93.0,0.77,0.19982078853046595,24.134199134199132,1.1241666670000001,False,offpeak,2022-07-01 04:00:00,4,4,False,2022-07-01,0.8660254037844386,0.5000000000000001,-0.433883739117558,-0.9009688679024191,0,0,0,93,0.2025089605734767,94.5,0.19444444444444442,100.514166663,0.2240143369175627,101.499999996,0.1586021505376344,73.5,0.17293906810035842,101.88111110700001,0.20698924731182797,0.015285593287842387,0.16267174432497014,True
293,105,18.416666666666668,83.603333333,12.443333331999998,1.1241666670000001,93.9840805830486,0.0,93.0,0.77,0.19802867383512546,23.91774891774892,1.124166667,False,offpeak,2022-07-01 05:00:00,5,4,False,2022-07-01,0.9659258262890683,0.25881904510252074,-0.433883739117558,-0.9009688679024191,0,0,0,93,0.19982078853046595,91.182777779,0.2025089605734767,94.5,0.19444444444444442,100.514166663,0.14336917562724014,69.60527778000001,0.16308243727598565,95.851388888,0.19892473118279566,0.0041062506227205675,0.16438918757467144,True
294,105,17.333333333333332,80.499999996,12.0,1.1241666670000001,90.49541668900332,0.0,93.0,0.77,0.18637992831541217,22.510822510822507,1.124166667,False,offpeak,2022-07-01 06:00:00,6,4,False,2022-07-01,1.0,6.123233995736766e-17,-0.433883739117558,-0.9009688679024191,0,0,0,93,0.19802867383512546,83.603333333,0.19982078853046595,91.182777779,0.2025089605734767,94.5,0.13799283154121864,66.500000004,0.16129032258064516,94.5,0.2001194743130227,0.002255028206473277,0.16666666666666666,True
295,105,13.5,78.14916666299999,11.552222222000001,1.1241666670000001,87.8526882163722,0.0,93.0,0.77,0.14516129032258066,17.532467532467532,1.124166667,False,offpeak,2022-07-01 07:00:00,7,4,False,2022-07-01,0.9659258262890683,-0.25881904510252063,-0.433883739117558,-0.9009688679024191,0,0,0,93,0.18637992831541217,80.499999996,0.19802867383512546,83.603333333,0.19982078853046595,91.182777779,0.15143369175627241,72.551111111,0.1532258064516129,89.43277778000001,0.1947431302270012,0.00729796399215701,0.16868279569892472,True
296,105,14.083333333333334,71.753888886,10.250555554000002,1.1241666670000001,80.66333011326294,0.0,93.0,0.77,0.15143369175627241,18.29004329004329,1.1241666669999997,False,offpeak,2022-07-01 08:00:00,8,4,False,2022-07-01,0.8660254037844387,-0.4999999999999998,-0.433883739117558,-0.9009688679024191,0,0,0,93,0.14516129032258066,78.14916666299999,0.18637992831541217,80.499999996,0.19802867383512546,83.603333333,0.15412186379928317,79.48694444499999,0.1424731182795699,82.253888889,0.17652329749103943,0.027777777777777773,0.1684214456391876,True
297,105,15.5,78.965833333,11.280833333,1.1241666670000001,88.77075766483608,0.0,93.0,0.77,0.16666666666666666,20.12987012987013,1.1241666669999995,False,offpeak,2022-07-01 09:00:00,9,4,False,2022-07-01,0.7071067811865476,-0.7071067811865475,-0.433883739117558,-0.9009688679024191,0,0,0,93,0.15143369175627241,71.753888886,0.14516129032258066,78.14916666299999,0.18637992831541217,80.499999996,0.1550179211469534,69.999999996,0.15949820788530467,85.16277777900001,0.1609916367980884,0.022209452144589324,0.1683094384707288,True
298,105,16.833333333333332,90.80166666299999,12.971666663,1.1241666670000001,102.07620697058972,0.0,93.0,0.77,0.18100358422939067,21.86147186147186,1.1241666670000001,False,offpeak,2022-07-01 10:00:00,10,4,False,2022-07-01,0.49999999999999994,-0.8660254037844387,-0.433883739117558,-0.9009688679024191,0,0,0,93,0.16666666666666666,78.965833333,0.15143369175627241,71.753888886,0.14516129032258066,78.14916666299999,0.14516129032258066,73.492222222,0.15591397849462366,86.433472223,0.1544205495818399,0.011059443597116766,0.1687948028673835,True
299,105,17.666666666666668,90.999999996,12.999999996000001,1.1241666670000001,102.29916669250333,0.0,93.0,0.77,0.1899641577060932,22.943722943722946,1.1241666670000001,False,offpeak,2022-07-01 11:00:00,11,4,False,2022-07-01,0.258819045102521,-0.9659258262890682,-0.433883739117558,-0.9009688679024191,0,0,0,93,0.18100358422939067,90.80166666299999,0.16666666666666666,78.965833333,0.15143369175627241,71.753888886,0.13978494623655913,69.60333333,0.15053763440860216,87.115000003,0.1663679808841099,0.014787208834511964,0.17028823178016725,True
300,105,17.75,87.103333332,12.443333331999998,1.1241666670000001,97.9186639164244,0.0,93.0,0.77,0.19086021505376344,23.051948051948052,1.1241666669999995,False,offpeak,2022-07-01 12:00:00,12,4,False,2022-07-01,1.2246467991473532e-16,-1.0,-0.433883739117558,-0.9009688679024191,0,0,0,93,0.1899641577060932,90.999999996,0.18100358422939067,90.80166666299999,0.16666666666666666,78.965833333,0.12634408602150538,60.45666666700001,0.1586021505376344,86.92055555800002,0.17921146953405018,0.01175168194319352,0.1723790322580645,True
301,105,16.666666666666668,82.432777778,11.776111111999999,1.1241666670000001,92.66818104624592,0.0,93.0,0.77,0.1792114695340502,21.645021645021647,1.124166667,False,offpeak,2022-07-01 13:00:00,13,4,False,2022-07-01,-0.2588190451025208,-0.9659258262890683,-0.433883739117558,-0.9009688679024191,0,0,0,93,0.19086021505376344,87.103333332,0.1899641577060932,90.999999996,0.18100358422939067,90.80166666299999,0.10125448028673835,43.351388888,0.1603942652329749,89.445416666,0.18727598566308243,0.005450504059406932,0.17506720430107528,True
302,105,13.75,74.279722224,10.61138889,1.1241666670000001,83.50278775823989,0.0,93.0,0.77,0.1478494623655914,17.857142857142858,1.124166667,False,offpeak,2022-07-01 14:00:00,14,4,False,2022-07-01,-0.4999999999999997,-0.8660254037844388,-0.433883739117558,-0.9009688679024191,0,0,0,93,0.1792114695340502,82.432777778,0.19086021505376344,87.103333332,0.1899641577060932,90.999999996,0.0967741935483871,42.0,0.15770609318996415,88.853333331,0.18667861409796896,0.00648223847497324,0.17831541218637995,True
303,105,13.583333333333334,71.565277775,10.223611108999998,1.1241666670000001,80.45129978925091,0.0,93.0,0.77,0.14605734767025091,17.64069264069264,1.124166667,False,offpeak,2022-07-01 15:00:00,15,4,False,2022-07-01,-0.7071067811865471,-0.7071067811865479,-0.433883739117558,-0.9009688679024191,0,0,0,93,0.1478494623655914,74.279722224,0.1792114695340502,82.432777778,0.19086021505376344,87.103333332,0.09587813620071683,42.400555556,0.14695340501792115,82.92861111,0.17264038231780168,0.022245574888130698,0.18044354838709678,True
304,105,15.666666666666666,77.000000004,11.000000003999999,1.1241666670000001,86.56083336349666,0.0,93.0,0.77,0.16845878136200715,20.346320346320343,1.124166667,False,offpeak,2022-07-01 16:00:00,16,4,False,2022-07-01,-0.8660254037844385,-0.5000000000000004,-0.433883739117558,-0.9009688679024191,0,0,0,93,0.14605734767025091,71.565277775,0.1478494623655914,74.279722224,0.1792114695340502,82.432777778,0.13082437275985662,56.217777776999995,0.14605734767025091,82.15180555399999,0.15770609318996417,0.018645745561545454,0.182534348864994,True
305,105,16.083333333333332,85.28819444499999,12.337222223999998,1.1241666670000001,95.87814528368355,0.0,93.0,0.77,0.17293906810035842,20.887445887445885,1.124166667,False,offpeak,2022-07-01 17:00:00,17,4,False,2022-07-01,-0.9659258262890683,-0.25881904510252063,-0.433883739117558,-0.9009688679024191,0,0,0,93,0.16845878136200715,77.000000004,0.14605734767025091,71.565277775,0.1478494623655914,74.279722224,0.13799283154121864,61.432777778,0.15949820788530467,90.403055555,0.15412186379928317,0.012448426513843747,0.18410244922341698,True
306,105,18.25,102.28361111100001,15.111944444000002,1.1241666670000001,114.98382619137703,0.0,93.0,0.77,0.19623655913978494,23.7012987012987,1.124166667,False,offpeak,2022-07-01 18:00:00,18,4,False,2022-07-01,-1.0,-1.8369701987210297e-16,-0.433883739117558,-0.9009688679024191,0,0,0,93,0.17293906810035842,85.28819444499999,0.16845878136200715,77.000000004,0.14605734767025091,71.565277775,0.1532258064516129,63.817638888999994,0.15591397849462366,86.393611111,0.16248506571087218,0.014402106871255779,0.18555854241338113,True
307,105,20.25,101.11499999899999,14.945,1.1241666670000001,113.6701125325808,0.0,93.0,0.77,0.21774193548387097,26.2987012987013,1.124166667,False,offpeak,2022-07-01 19:00:00,19,4,False,2022-07-01,-0.9659258262890684,0.2588190451025203,-0.433883739117558,-0.9009688679024191,0,0,0,93,0.19623655913978494,102.28361111100001,0.17293906810035842,85.28819444499999,0.16845878136200715,77.000000004,0.19265232974910396,93.521944443,0.17114695340501793,97.40694444500001,0.17921146953405018,0.01491336646692935,0.18735065710872165,True
308,105,21.25,103.24416666500001,15.249166666000002,1.1241666670000001,116.06365072698556,0.0,93.0,0.77,0.22849462365591397,27.597402597402596,1.124166667,False,offpeak,2022-07-01 20:00:00,20,4,False,2022-07-01,-0.8660254037844386,0.5000000000000001,-0.433883739117558,-0.9009688679024191,0,0,0,93,0.21774193548387097,101.11499999899999,0.19623655913978494,102.28361111100001,0.17293906810035842,85.28819444499999,0.21146953405017924,101.128611109,0.15770609318996415,85.744166667,0.19563918757467144,0.02240740661112429,0.18839605734767026,True
309,105,19.666666666666668,101.499999996,15.0,1.1241666670000001,114.1029166960033,0.0,93.0,0.77,0.21146953405017924,25.541125541125542,1.1241666669999997,False,offpeak,2022-07-01 21:00:00,21,4,False,2022-07-01,-0.7071067811865477,0.7071067811865474,-0.433883739117558,-0.9009688679024191,0,0,0,93,0.22849462365591397,103.24416666500001,0.21774193548387097,101.11499999899999,0.19623655913978494,102.28361111100001,0.2186379928315412,105.999444444,0.15053763440860216,80.69055555199999,0.21415770609318996,0.016425002490881156,0.18910543608124253,True
310,105,17.583333333333332,101.184999996,14.955,1.1241666670000001,113.74880419589832,0.0,93.0,0.77,0.18906810035842292,22.835497835497833,1.124166667,False,offpeak,2022-07-01 22:00:00,22,4,False,2022-07-01,-0.5000000000000004,0.8660254037844384,-0.433883739117558,-0.9009688679024191,0,0,0,93,0.21146953405017924,101.499999996,0.22849462365591397,103.24416666500001,0.21774193548387097,101.11499999899999,0.22939068100358423,112.182777779,0.13799283154121864,73.10138888899999,0.21923536439665472,0.00861023614420526,0.1888067502986858,True
311,105,18.583333333333332,94.29875,13.942500004,1.1241666670000001,106.00751148976624,0.0,93.0,0.77,0.19982078853046595,24.134199134199132,1.124166667,False,offpeak,2022-07-01 23:00:00,23,4,False,2022-07-01,-0.25881904510252157,0.9659258262890681,-0.433883739117558,-0.9009688679024191,0,0,0,93,0.18906810035842292,101.184999996,0.21146953405017924,101.499999996,0.22849462365591397,103.24416666500001,0.19982078853046595,107.516111114,0.11827956989247312,63.0,0.20967741935483872,0.01977426208845332,0.18712664277180405,True
312,105,18.0,90.999999996,12.999999996000001,1.1241666670000001,102.29916669250333,0.0,93.0,0.77,0.1935483870967742,23.376623376623375,1.1241666670000001,False,offpeak,2022-07-02 00:00:00,0,5,True,2022-07-02,0.0,1.0,-0.9749279121818236,-0.2225209339563146,0,0,0,93,0.19982078853046595,94.29875,0.18906810035842292,101.184999996,0.21146953405017924,101.499999996,0.20340501792114696,101.499999996,0.11290322580645161,59.68861111300001,0.20011947431302268,0.011203703305562094,0.18712664277180405,True
313,105,16.75,84.206111111,12.029444444,1.1241666670000001,94.6617032686845,0.0,93.0,0.77,0.18010752688172044,21.753246753246753,1.1241666669999997,False,offpeak,2022-07-02 01:00:00,1,5,True,2022-07-02,0.25881904510252074,0.9659258262890683,-0.9749279121818236,-0.2225209339563146,0,0,0,93,0.1935483870967742,90.999999996,0.19982078853046595,94.29875,0.18906810035842292,101.184999996,0.2240143369175627,101.499999996,0.10752688172043011,56.00000000400001,0.19414575866188769,0.005401177216255765,0.1867159498207885,True
314,105,17.416666666666668,84.0,12.0,1.1241666670000001,94.43000002799998,0.0,93.0,0.77,0.18727598566308246,22.61904761904762,1.1241666669999997,False,offpeak,2022-07-02 02:00:00,2,5,True,2022-07-02,0.49999999999999994,0.8660254037844387,-0.9749279121818236,-0.2225209339563146,0,0,0,93,0.18010752688172044,84.206111111,0.1935483870967742,90.999999996,0.19982078853046595,94.29875,0.19444444444444442,100.514166663,0.10752688172043011,56.00000000400001,0.19115890083632017,0.010071514516181046,0.18488649940262844,True
315,105,14.916666666666666,84.0,12.0,1.1241666670000001,94.43000002799998,0.0,93.0,0.77,0.1603942652329749,19.37229437229437,1.1241666669999997,False,offpeak,2022-07-02 03:00:00,3,5,True,2022-07-02,0.7071067811865476,0.7071067811865476,-0.9749279121818236,-0.2225209339563146,0,0,0,93,0.18727598566308246,84.0,0.18010752688172044,84.206111111,0.1935483870967742,90.999999996,0.2025089605734767,94.5,0.10752688172043011,56.00000000400001,0.1869772998805257,0.006725406361527569,0.1845878136200717,True
316,105,16.583333333333332,81.853333334,11.693333333999998,1.1241666670000001,92.01678891692278,0.0,93.0,0.77,0.17831541218637992,21.536796536796533,1.1241666670000001,False,offpeak,2022-07-02 04:00:00,4,5,True,2022-07-02,0.8660254037844386,0.5000000000000001,-0.9749279121818236,-0.2225209339563146,0,0,0,93,0.1603942652329749,84.0,0.18727598566308246,84.0,0.18010752688172044,84.206111111,0.19982078853046595,91.182777779,0.10752688172043011,56.00000000400001,0.17592592592592593,0.013920167500275792,0.18283303464755077,True
317,105,16.083333333333332,78.18416667000001,11.169166668999997,1.1241666670000001,87.89203405758639,0.0,93.0,0.77,0.17293906810035842,20.887445887445885,1.124166667,False,offpeak,2022-07-02 05:00:00,5,5,True,2022-07-02,0.9659258262890683,0.25881904510252074,-0.9749279121818236,-0.2225209339563146,0,0,0,93,0.17831541218637992,81.853333334,0.1603942652329749,84.0,0.18727598566308246,84.0,0.19802867383512546,83.603333333,0.10752688172043011,56.00000000400001,0.17532855436081243,0.013687502075734033,0.18193697729988054,True
318,105,15.916666666666666,77.000000004,11.000000003999999,1.1241666670000001,86.56083336349666,0.0,93.0,0.77,0.17114695340501793,20.67099567099567,1.124166667,False,offpeak,2022-07-02 06:00:00,6,5,True,2022-07-02,1.0,6.123233995736766e-17,-0.9749279121818236,-0.2225209339563146,0,0,0,93,0.17293906810035842,78.18416667000001,0.17831541218637992,81.853333334,0.1603942652329749,84.0,0.18637992831541217,80.499999996,0.10752688172043011,56.00000000400001,0.17054958183990443,0.009196418350262758,0.18089157706093187,True
319,105,13.5,77.000000004,11.000000003999999,1.1241666670000001,86.56083336349666,0.0,93.0,0.77,0.14516129032258066,17.532467532467532,1.124166667,False,offpeak,2022-07-02 07:00:00,7,5,True,2022-07-02,0.9659258262890683,-0.25881904510252063,-0.9749279121818236,-0.2225209339563146,0,0,0,93,0.17114695340501793,77.000000004,0.17293906810035842,78.18416667000001,0.17831541218637992,81.853333334,0.14516129032258066,78.14916666299999,0.10752688172043011,56.00000000400001,0.17413381123058538,0.0037305842284328775,0.18025686977299882,True
320,105,15.0,77.000000004,11.000000003999999,1.1241666670000001,86.56083336349666,0.0,93.0,0.77,0.16129032258064516,19.48051948051948,1.124166667,False,offpeak,2022-07-02 08:00:00,8,5,True,2022-07-02,0.8660254037844387,-0.4999999999999998,-0.9749279121818236,-0.2225209339563146,0,0,0,93,0.14516129032258066,77.000000004,0.17114695340501793,77.000000004,0.17293906810035842,78.18416667000001,0.15143369175627241,71.753888886,0.1093189964157706,56.983888892,0.16308243727598568,0.015546013954208841,0.18025686977299882,True
321,105,15.25,79.73972222500001,11.391388891,1.1241666670000001,89.64073776118404,0.0,93.0,0.77,0.1639784946236559,19.805194805194805,1.1241666669999995,False,offpeak,2022-07-02 09:00:00,9,5,True,2022-07-02,0.7071067811865476,-0.7071067811865475,-0.9749279121818236,-0.2225209339563146,0,0,0,93,0.16129032258064516,77.000000004,0.14516129032258066,77.000000004,0.17114695340501793,77.000000004,0.16666666666666666,78.965833333,0.11917562724014337,63.0,0.1591995221027479,0.013118393820786712,0.18066756272401432,True
322,105,16.166666666666668,76.79972222399999,10.97138889,1.1241666670000001,86.33568775907989,0.0,93.0,0.77,0.17383512544802868,20.995670995670995,1.124166667,False,offpeak,2022-07-02 10:00:00,10,5,True,2022-07-02,0.49999999999999994,-0.8660254037844387,-0.9749279121818236,-0.2225209339563146,0,0,0,93,0.1639784946236559,79.73972222500001,0.16129032258064516,77.000000004,0.14516129032258066,77.000000004,0.18100358422939067,90.80166666299999,0.14336917562724014,79.36638889100001,0.15681003584229392,0.010177255099999833,0.18055555555555558,True
323,105,14.666666666666666,73.896666667,10.556666667,1.1241666670000001,83.07216946945138,0.0,93.0,0.77,0.15770609318996415,19.047619047619047,1.124166667,False,offpeak,2022-07-02 11:00:00,11,5,True,2022-07-02,0.258819045102521,-0.9659258262890682,-0.9749279121818236,-0.2225209339563146,0,0,0,93,0.17383512544802868,76.79972222399999,0.1639784946236559,79.73972222500001,0.16129032258064516,77.000000004,0.1899641577060932,90.999999996,0.14516129032258066,80.498055557,0.16636798088410992,0.006604941573325447,0.18025686977299882,True
324,105,14.25,77.000000004,11.000000003999999,1.1241666670000001,86.56083336349666,0.0,93.0,0.77,0.1532258064516129,18.506493506493506,1.124166667,False,offpeak,2022-07-02 12:00:00,12,5,True,2022-07-02,1.2246467991473532e-16,-1.0,-0.9749279121818236,-0.2225209339563146,0,0,0,93,0.15770609318996415,73.896666667,0.17383512544802868,76.79972222399999,0.1639784946236559,79.73972222500001,0.19086021505376344,87.103333332,0.14157706093189965,77.768055558,0.1651732377538829,0.008130619826054477,0.17891278375149344,True
325,105,15.0,80.40374999599999,11.9725,1.1241666670000001,90.38721564730457,0.0,93.0,0.77,0.16129032258064516,19.48051948051948,1.1241666670000001,False,offpeak,2022-07-02 13:00:00,13,5,True,2022-07-02,-0.2588190451025208,-0.9659258262890683,-0.9749279121818236,-0.2225209339563146,0,0,0,93,0.1532258064516129,77.000000004,0.15770609318996415,73.896666667,0.17383512544802868,76.79972222399999,0.1792114695340502,82.432777778,0.13799283154121864,76.01416667,0.1615890083632019,0.010839454785915885,0.1773446833930705,True
326,105,16.666666666666668,78.26486111,11.750833334,1.1241666670000001,87.98274805724662,0.0,93.0,0.77,0.1792114695340502,21.645021645021647,1.1241666670000001,False,offpeak,2022-07-02 14:00:00,14,5,True,2022-07-02,-0.4999999999999997,-0.8660254037844388,-0.9749279121818236,-0.2225209339563146,0,0,0,93,0.16129032258064516,80.40374999599999,0.1532258064516129,77.000000004,0.15770609318996415,73.896666667,0.1478494623655914,74.279722224,0.13709677419354838,75.06333333500001,0.1574074074074074,0.004040546373495613,0.1765979689366786,True
327,105,15.916666666666666,77.000000004,12.0,1.1241666670000001,86.56083336349666,0.0,93.0,0.77,0.17114695340501793,20.67099567099567,1.124166667,False,offpeak,2022-07-02 15:00:00,15,5,True,2022-07-02,-0.7071067811865471,-0.7071067811865479,-0.9749279121818236,-0.2225209339563146,0,0,0,93,0.1792114695340502,78.26486111,0.16129032258064516,80.40374999599999,0.1532258064516129,77.000000004,0.14605734767025091,71.565277775,0.1478494623655914,81.086250003,0.16457586618876943,0.013300743176948448,0.1779047192353644,True
328,105,15.416666666666666,72.523888888,11.360555557999998,1.1241666670000001,81.52893844910128,0.0,93.0,0.77,0.1657706093189964,20.02164502164502,1.1241666669999997,False,offpeak,2022-07-02 16:00:00,16,5,True,2022-07-02,-0.8660254037844385,-0.5000000000000004,-0.9749279121818236,-0.2225209339563146,0,0,0,93,0.17114695340501793,77.000000004,0.1792114695340502,78.26486111,0.16129032258064516,80.40374999599999,0.16845878136200715,77.000000004,0.17204301075268819,87.500000004,0.17054958183990443,0.008975495341287935,0.17895011947431302,True
329,105,15.166666666666666,67.761944445,10.360555555000001,1.1241666670000001,76.1757192361748,0.0,93.0,0.77,0.16308243727598565,19.696969696969695,1.124166667,False,offpeak,2022-07-02 17:00:00,17,5,True,2022-07-02,-0.9659258262890683,-0.25881904510252063,-0.9749279121818236,-0.2225209339563146,0,0,0,93,0.1657706093189964,72.523888888,0.17114695340501793,77.000000004,0.1792114695340502,78.26486111,0.17293906810035842,85.28819444499999,0.1550179211469534,81.04736111000001,0.17204301075268816,0.006765084619417708,0.17883811230585425,True
330,105,14.0,66.500000004,9.999999996000001,1.1241666670000001,74.75708335999667,0.0,93.0,0.77,0.15053763440860216,18.18181818181818,1.1241666670000001,False,offpeak,2022-07-02 18:00:00,18,5,True,2022-07-02,-1.0,-1.8369701987210297e-16,-0.9749279121818236,-0.2225209339563146,0,0,0,93,0.16308243727598565,67.761944445,0.1657706093189964,72.523888888,0.17114695340501793,77.000000004,0.19623655913978494,102.28361111100001,0.12634408602150538,68.164444441,0.16666666666666666,0.004106250622719194,0.17842741935483872,True
331,105,13.166666666666666,60.507222219999996,9.256111111000001,1.1241666670000001,68.02020233248572,0.0,93.0,0.77,0.14157706093189965,17.0995670995671,1.124166667,False,offpeak,2022-07-02 19:00:00,19,5,True,2022-07-02,-0.9659258262890684,0.2588190451025203,-0.9749279121818236,-0.2225209339563146,0,0,0,93,0.15053763440860216,66.500000004,0.16308243727598565,67.761944445,0.1657706093189964,72.523888888,0.21774193548387097,101.11499999899999,0.12903225806451613,69.999999996,0.1597968936678614,0.008130619826054366,0.17652329749103943,True
332,105,13.333333333333334,63.595,10.084999997,1.1241666670000001,71.491379187865,0.0,93.0,0.77,0.14336917562724014,17.316017316017316,1.124166667,False,offpeak,2022-07-02 20:00:00,20,5,True,2022-07-02,-0.8660254037844386,0.5000000000000001,-0.9749279121818236,-0.2225209339563146,0,0,0,93,0.14157706093189965,60.507222219999996,0.15053763440860216,66.500000004,0.16308243727598565,67.761944445,0.22849462365591397,103.24416666500001,0.12634408602150538,68.26166666399999,0.15173237753882915,0.010802354432511365,0.17334976105137392,True
333,105,13.333333333333334,70.441388888,11.063055554999998,1.1241666670000001,79.1878613650738,0.0,93.0,0.77,0.14336917562724014,17.316017316017316,1.124166667,False,offpeak,2022-07-02 21:00:00,21,5,True,2022-07-02,-0.7071067811865477,0.7071067811865474,-0.9749279121818236,-0.2225209339563146,0,0,0,93,0.14336917562724014,63.595,0.14157706093189965,60.507222219999996,0.15053763440860216,66.500000004,0.21146953405017924,101.499999996,0.12903225806451613,69.999999996,0.14516129032258066,0.004741489804773564,0.16980286738351255,True
334,105,16.416666666666668,89.051666667,13.443333333000002,1.1241666670000001,100.1089153078364,0.0,93.0,0.77,0.17652329749103943,21.32034632034632,1.1241666670000001,False,offpeak,2022-07-02 22:00:00,22,5,True,2022-07-02,-0.5000000000000004,0.8660254037844384,-0.9749279121818236,-0.2225209339563146,0,0,0,93,0.14336917562724014,70.441388888,0.14336917562724014,63.595,0.14157706093189965,60.507222219999996,0.18906810035842292,101.184999996,0.12903225806451613,69.999999996,0.14277180406212664,0.0010346779017654214,0.16696535244922342,True
335,105,15.083333333333334,84.849722225,12.550833330999998,1.1241666670000001,95.38522942955407,0.0,93.0,0.77,0.16218637992831542,19.58874458874459,1.1241666670000001,False,offpeak,2022-07-02 23:00:00,23,5,True,2022-07-02,-0.25881904510252157,0.9659258262890681,-0.9749279121818236,-0.2225209339563146,0,0,0,93,0.17652329749103943,89.051666667,0.14336917562724014,70.441388888,0.14336917562724014,63.595,0.19982078853046595,94.29875,0.12365591397849462,66.70222222,0.1544205495818399,0.01914154118280984,0.1664426523297491,True
336,105,15.583333333333334,77.983888892,11.140555559,1.1241666670000001,87.66688845541795,0.0,93.0,0.77,0.16756272401433692,20.238095238095237,1.124166667,False,offpeak,2022-07-03 00:00:00,0,6,True,2022-07-03,0.0,1.0,-0.7818314824680299,0.6234898018587334,0,0,0,93,0.16218637992831542,84.849722225,0.17652329749103943,89.051666667,0.14336917562724014,70.441388888,0.1935483870967742,90.999999996,0.12813620071684587,69.60430555199999,0.16069295101553163,0.016627438064177432,0.16487455197132617,True
337,105,16.25,84.0,12.0,1.1241666670000001,94.43000002799998,0.0,93.0,0.77,0.17473118279569894,21.103896103896105,1.1241666669999997,False,offpeak,2022-07-03 01:00:00,1,6,True,2022-07-03,0.25881904510252074,0.9659258262890683,-0.7818314824680299,0.6234898018587334,0,0,0,93,0.16756272401433692,77.983888892,0.16218637992831542,84.849722225,0.17652329749103943,89.051666667,0.18010752688172044,84.206111111,0.11827956989247312,66.500000004,0.16875746714456394,0.007242745312414092,0.16379181600955794,True
338,105,15.583333333333334,84.0,12.0,1.1241666670000001,94.43000002799998,0.0,93.0,0.77,0.16756272401433692,20.238095238095237,1.1241666669999997,False,offpeak,2022-07-03 02:00:00,2,6,True,2022-07-03,0.49999999999999994,0.8660254037844387,-0.7818314824680299,0.6234898018587334,0,0,0,93,0.17473118279569894,84.0,0.16756272401433692,77.983888892,0.16218637992831542,84.849722225,0.18727598566308246,84.0,0.11827956989247312,66.500000004,0.1681600955794504,0.006293699971834906,0.16356780167264037,True
339,105,17.083333333333332,89.23638888699999,12.748055553000002,1.1241666670000001,100.31657387021463,0.0,93.0,0.77,0.18369175627240142,22.186147186147185,1.1241666670000001,False,offpeak,2022-07-03 03:00:00,3,6,True,2022-07-03,0.7071067811865476,0.7071067811865476,-0.7818314824680299,0.6234898018587334,0,0,0,93,0.16756272401433692,84.0,0.17473118279569894,84.0,0.16756272401433692,77.983888892,0.1603942652329749,84.0,0.12634408602150538,71.567222223,0.1699522102747909,0.004138711607093145,0.1627464157706093,True
340,105,17.333333333333332,81.853333334,11.693333333999998,1.1241666670000001,92.01678891692278,0.0,93.0,0.77,0.18637992831541217,22.510822510822507,1.1241666670000001,False,offpeak,2022-07-03 04:00:00,4,6,True,2022-07-03,0.8660254037844386,0.5000000000000001,-0.7818314824680299,0.6234898018587334,0,0,0,93,0.18369175627240142,89.23638888699999,0.16756272401433692,84.0,0.17473118279569894,84.0,0.17831541218637992,81.853333334,0.11379928315412187,63.95861110999999,0.1753285543608124,0.008081092746994036,0.16371714456391875,True
341,105,13.833333333333334,70.95472222400001,10.136388891,1.1241666670000001,79.7649335904649,0.0,93.0,0.77,0.14874551971326166,17.965367965367967,1.124166667,False,offpeak,2022-07-03 05:00:00,5,6,True,2022-07-03,0.9659258262890683,0.25881904510252074,-0.7818314824680299,0.6234898018587334,0,0,0,93,0.18637992831541217,81.853333334,0.18369175627240142,89.23638888699999,0.16756272401433692,84.0,0.17293906810035842,78.18416667000001,0.10752688172043011,59.49999999599999,0.17921146953405018,0.010177255100000232,0.16405316606929513,True
342,105,14.333333333333334,63.0,9.0,1.1241666670000001,70.822500021,0.0,93.0,0.77,0.15412186379928317,18.614718614718615,1.124166667,False,offpeak,2022-07-03 06:00:00,6,6,True,2022-07-03,1.0,6.123233995736766e-17,-0.7818314824680299,0.6234898018587334,0,0,0,93,0.14874551971326166,70.95472222400001,0.18637992831541217,81.853333334,0.18369175627240142,89.23638888699999,0.17114695340501793,77.000000004,0.10752688172043011,59.49999999599999,0.17293906810035842,0.02099529482770587,0.16304510155316607,True
343,105,13.25,52.869444441999995,7.552777775999999,1.1241666670000001,59.43406714450481,0.0,93.0,0.77,0.1424731182795699,17.207792207792206,1.124166667,False,offpeak,2022-07-03 07:00:00,7,6,True,2022-07-03,0.9659258262890683,-0.25881904510252063,-0.7818314824680299,0.6234898018587334,0,0,0,93,0.15412186379928317,63.0,0.14874551971326166,70.95472222400001,0.18637992831541217,81.853333334,0.14516129032258066,77.000000004,0.10752688172043011,59.49999999599999,0.16308243727598568,0.020354510200000706,0.1623357228195938,True
344,105,12.083333333333334,51.91666666599999,7.4166666659999985,1.1241666670000001,58.36298612766721,0.0,93.0,0.77,0.12992831541218638,15.692640692640692,1.1241666670000001,False,offpeak,2022-07-03 08:00:00,8,6,True,2022-07-03,0.8660254037844387,-0.4999999999999998,-0.7818314824680299,0.6234898018587334,0,0,0,93,0.1424731182795699,52.869444441999995,0.15412186379928317,63.0,0.14874551971326166,70.95472222400001,0.16129032258064516,77.000000004,0.12275985663082437,69.231944447,0.14844683393070493,0.005830113887675856,0.162223715651135,True
345,105,9.916666666666666,45.101388887,6.443055554000001,1.1241666670000001,50.70147802216961,0.0,93.0,0.77,0.10663082437275985,12.878787878787877,1.1241666669999997,False,offpeak,2022-07-03 09:00:00,9,6,True,2022-07-03,0.7071067811865476,-0.7071067811865475,-0.7818314824680299,0.6234898018587334,0,0,0,93,0.12992831541218638,51.91666666599999,0.1424731182795699,52.869444441999995,0.15412186379928317,63.0,0.1639784946236559,79.73972222500001,0.12365591397849462,69.813333335,0.14217443249701314,0.012099539486575802,0.16091696535244923,True
346,105,9.583333333333334,38.101388891000006,5.443055558000001,1.1241666670000001,42.832311357666306,0.0,93.0,0.77,0.10304659498207885,12.445887445887447,1.1241666670000001,False,offpeak,2022-07-03 10:00:00,10,6,True,2022-07-03,0.49999999999999994,-0.8660254037844387,-0.7818314824680299,0.6234898018587334,0,0,0,93,0.10663082437275985,45.101388887,0.12992831541218638,51.91666666599999,0.1424731182795699,52.869444441999995,0.17383512544802868,76.79972222399999,0.12813620071684587,73.101388889,0.12634408602150538,0.01818797771521841,0.15852747909199522,True
347,105,8.0,29.928888886999992,4.275555554,1.1241666670000001,33.64505926711213,0.0,93.0,0.77,0.08602150537634409,10.38961038961039,1.1241666670000003,False,offpeak,2022-07-03 11:00:00,11,6,True,2022-07-03,0.258819045102521,-0.9659258262890682,-0.7818314824680299,0.6234898018587334,0,0,0,93,0.10304659498207885,38.101388891000006,0.10663082437275985,45.101388887,0.12992831541218638,51.91666666599999,0.15770609318996415,73.896666667,0.13530465949820789,73.799444447,0.11320191158900837,0.014595927984312822,0.1555779569892473,True
348,105,7.666666666666667,30.496666665999992,4.356666666000001,1.1241666670000001,34.28333612052722,0.0,93.0,0.77,0.08243727598566308,9.956709956709958,1.1241666670000001,False,offpeak,2022-07-03 12:00:00,12,6,True,2022-07-03,1.2246467991473532e-16,-1.0,-0.7818314824680299,0.6234898018587334,0,0,0,93,0.08602150537634409,29.928888886999992,0.10304659498207885,38.101388891000006,0.10663082437275985,45.101388887,0.1532258064516129,77.000000004,0.13620071684587812,75.926666669,0.0985663082437276,0.011010937031758828,0.1525910991636798,True
349,105,10.0,34.436111112,4.919444446,1.1241666670000001,38.711928253218694,0.0,93.0,0.77,0.10752688172043011,12.987012987012987,1.1241666669999997,False,offpeak,2022-07-03 13:00:00,13,6,True,2022-07-03,-0.2588190451025208,-0.9659258262890683,-0.7818314824680299,0.6234898018587334,0,0,0,93,0.08243727598566308,30.496666665999992,0.08602150537634409,29.928888886999992,0.10304659498207885,38.101388891000006,0.16129032258064516,80.40374999599999,0.13172043010752688,75.063333333,0.09050179211469535,0.011010937031758712,0.1496415770609319,True
350,105,8.833333333333334,37.125277778,5.3036111109999995,1.1241666670000001,41.734999781143415,0.0,93.0,0.77,0.0949820788530466,11.471861471861473,1.1241666669999997,False,offpeak,2022-07-03 14:00:00,14,6,True,2022-07-03,-0.4999999999999997,-0.8660254037844388,-0.7818314824680299,0.6234898018587334,0,0,0,93,0.10752688172043011,34.436111112,0.08243727598566308,30.496666665999992,0.08602150537634409,29.928888886999992,0.1792114695340502,78.26486111,0.13530465949820789,77.769999998,0.0919952210274791,0.013569673466666038,0.14740143369175626,True
351,105,7.0,27.999999995999996,3.9999999960000006,1.1241666670000001,31.476666671503335,0.0,93.0,0.77,0.07526881720430108,9.09090909090909,1.1241666670000001,False,offpeak,2022-07-03 15:00:00,15,6,True,2022-07-03,-0.7071067811865471,-0.7071067811865479,-0.7818314824680299,0.6234898018587334,0,0,0,93,0.0949820788530466,37.125277778,0.10752688172043011,34.436111112,0.08243727598566308,30.496666665999992,0.17114695340501793,77.000000004,0.13709677419354838,78.563333331,0.09498207885304659,0.012544802867382165,0.14389187574671444,True
352,105,7.333333333333333,27.999999995999996,3.9999999960000006,1.1241666670000001,31.476666671503335,0.0,93.0,0.77,0.07885304659498207,9.523809523809524,1.1241666670000001,False,offpeak,2022-07-03 16:00:00,16,6,True,2022-07-03,-0.8660254037844385,-0.5000000000000004,-0.7818314824680299,0.6234898018587334,0,0,0,93,0.07526881720430108,27.999999995999996,0.0949820788530466,37.125277778,0.10752688172043011,34.436111112,0.1657706093189964,72.523888888,0.15053763440860216,87.307500004,0.0925925925925926,0.01626123965210909,0.13989695340501793,True
353,105,7.166666666666667,31.309444444000007,4.472777777,1.1241666670000001,35.197033806233144,0.0,93.0,0.77,0.07706093189964158,9.307359307359308,1.1241666669999997,False,offpeak,2022-07-03 17:00:00,17,6,True,2022-07-03,-0.9659258262890683,-0.25881904510252063,-0.7818314824680299,0.6234898018587334,0,0,0,93,0.07885304659498207,27.999999995999996,0.07526881720430108,27.999999995999996,0.0949820788530466,37.125277778,0.16308243727598565,67.761944445,0.1496415770609319,86.731944446,0.0830346475507766,0.010500833829894836,0.13627538829151734,True
354,105,9.75,47.286944442999996,6.755277775,1.1241666670000001,53.15840672710147,0.0,93.0,0.77,0.10483870967741936,12.662337662337663,1.124166667,False,offpeak,2022-07-03 18:00:00,18,6,True,2022-07-03,-1.0,-1.8369701987210297e-16,-0.7818314824680299,0.6234898018587334,0,0,0,93,0.07706093189964158,31.309444444000007,0.07885304659498207,27.999999995999996,0.07526881720430108,27.999999995999996,0.15053763440860216,66.500000004,0.16666666666666666,97.813333332,0.07706093189964158,0.0017921146953294826,0.1326911589008363,True
355,105,10.666666666666666,45.336666664999996,6.476666665000001,1.1241666670000001,50.965969457683045,0.0,93.0,0.77,0.11469534050179211,13.852813852813851,1.124166667,False,offpeak,2022-07-03 19:00:00,19,6,True,2022-07-03,-0.9659258262890684,0.2588190451025203,-0.7818314824680299,0.6234898018587334,0,0,0,93,0.10483870967741936,47.286944442999996,0.07706093189964158,31.309444444000007,0.07885304659498207,27.999999995999996,0.14157706093189965,60.507222219999996,0.1693548387096774,99.748055553,0.08691756272401434,0.015546013954208031,0.13078703703703703,True
356,105,9.583333333333334,45.400833337,6.971666662999999,1.1241666670000001,51.03810349147777,0.0,93.0,0.77,0.10304659498207885,12.445887445887447,1.124166667,False,offpeak,2022-07-03 20:00:00,20,6,True,2022-07-03,-0.8660254037844386,0.5000000000000001,-0.7818314824680299,0.6234898018587334,0,0,0,93,0.11469534050179211,45.336666664999996,0.10483870967741936,47.286944442999996,0.07706093189964158,31.309444444000007,0.14336917562724014,63.595,0.17204301075268819,101.499999996,0.09886499402628435,0.019515407674933004,0.12966696535244923,True
357,105,9.0,45.300694448,6.943055551999999,1.1241666670000001,50.925530690393565,0.0,93.0,0.77,0.0967741935483871,11.688311688311687,1.124166667,False,offpeak,2022-07-03 21:00:00,21,6,True,2022-07-03,-0.7071067811865477,0.7071067811865474,-0.7818314824680299,0.6234898018587334,0,0,0,93,0.10304659498207885,45.400833337,0.11469534050179211,45.336666664999996,0.10483870967741936,47.286944442999996,0.14336917562724014,70.441388888,0.18189964157706096,107.73388889200001,0.10752688172043011,0.00627240143368933,0.12798685782556748,True
358,105,10.333333333333334,46.478055553,6.639722219999999,1.1241666670000001,52.249080799656845,0.0,93.0,0.77,0.11111111111111112,13.41991341991342,1.124166667,False,offpeak,2022-07-03 22:00:00,22,6,True,2022-07-03,-0.5000000000000004,0.8660254037844384,-0.7818314824680299,0.6234898018587334,0,0,0,93,0.0967741935483871,45.300694448,0.10304659498207885,45.400833337,0.11469534050179211,45.336666664999996,0.17652329749103943,89.051666667,0.18100358422939067,106.934722225,0.10483870967741936,0.009093988857607796,0.1260454002389486,True
359,105,11.833333333333334,54.471666668,7.7816666680000015,1.1241666670000001,61.23523196410054,0.0,93.0,0.77,0.12724014336917563,15.367965367965368,1.124166667,False,offpeak,2022-07-03 23:00:00,23,6,True,2022-07-03,-0.25881904510252157,0.9659258262890681,-0.7818314824680299,0.6234898018587334,0,0,0,93,0.11111111111111112,46.478055553,0.0967741935483871,45.300694448,0.10304659498207885,45.400833337,0.16218637992831542,84.849722225,0.19265232974910396,115.056666667,0.10364396654719236,0.007187102398752857,0.12331989247311827,True
360,105,13.416666666666666,63.0,9.0,1.1241666670000001,70.822500021,0.0,93.0,0.77,0.1442652329749104,17.424242424242422,1.124166667,False,offpeak,2022-07-04 00:00:00,0,0,False,2022-07-04,0.0,1.0,0.0,1.0,0,0,0,93,0.12724014336917563,54.471666668,0.11111111111111112,46.478055553,0.0967741935483871,45.300694448,0.16756272401433692,77.983888892,0.1935483870967742,115.5,0.11170848267622462,0.015241757254686116,0.12186379928315412,True
361,105,11.916666666666666,63.0,9.0,1.1241666670000001,70.822500021,0.0,93.0,0.77,0.12813620071684587,15.476190476190474,1.124166667,False,offpeak,2022-07-04 01:00:00,1,0,False,2022-07-04,0.25881904510252074,0.9659258262890683,0.0,1.0,0,0,0,93,0.1442652329749104,63.0,0.12724014336917563,54.471666668,0.11111111111111112,46.478055553,0.17473118279569894,84.0,0.19086021505376344,113.942500001,0.1275388291517324,0.01657907895624529,0.12089307048984467,True
362,105,12.166666666666666,63.0,9.0,1.1241666670000001,70.822500021,0.0,93.0,0.77,0.13082437275985662,15.8008658008658,1.124166667,False,offpeak,2022-07-04 02:00:00,2,0,False,2022-07-04,0.49999999999999994,0.8660254037844387,0.0,1.0,0,0,0,93,0.12813620071684587,63.0,0.1442652329749104,63.0,0.12724014336917563,54.471666668,0.16756272401433692,84.0,0.1827956989247312,108.500000004,0.13321385902031063,0.009581251453012833,0.1189516129032258,True
363,105,13.916666666666666,63.0,9.0,1.1241666670000001,70.822500021,0.0,93.0,0.77,0.1496415770609319,18.073593073593074,1.124166667,False,offpeak,2022-07-04 03:00:00,3,0,False,2022-07-04,0.7071067811865476,0.7071067811865476,0.0,1.0,0,0,0,93,0.13082437275985662,63.0,0.12813620071684587,63.0,0.1442652329749104,63.0,0.18369175627240142,89.23638888699999,0.1827956989247312,108.500000004,0.13440860215053763,0.008641264122752276,0.11742084826762246,True
364,105,11.333333333333334,59.68861111300001,8.526944446000002,1.1241666670000001,67.09994701276037,0.0,93.0,0.77,0.12186379928315413,14.718614718614718,1.124166667,False,offpeak,2022-07-04 04:00:00,4,0,False,2022-07-04,0.8660254037844386,0.5000000000000001,0.0,1.0,0,0,0,93,0.1496415770609319,63.0,0.13082437275985662,63.0,0.12813620071684587,63.0,0.18637992831541217,81.853333334,0.17652329749103943,104.61111111099999,0.13620071684587812,0.011717470278334238,0.1160020908004779,True
365,105,11.916666666666666,56.00000000400001,8.000000004,1.1241666670000001,62.95333335649666,0.0,93.0,0.77,0.12813620071684587,15.476190476190474,1.1241666669999997,False,offpeak,2022-07-04 05:00:00,5,0,False,2022-07-04,0.9659258262890683,0.25881904510252074,0.0,1.0,0,0,0,93,0.12186379928315413,59.68861111300001,0.1496415770609319,63.0,0.13082437275985662,63.0,0.14874551971326166,70.95472222400001,0.1657706093189964,97.603333332,0.1341099163679809,0.014177352791284539,0.11331391875746714,True
366,105,11.166666666666666,56.00000000400001,8.000000004,1.1241666670000001,62.95333335649666,0.0,93.0,0.77,0.12007168458781362,14.5021645021645,1.1241666669999997,False,offpeak,2022-07-04 06:00:00,6,0,False,2022-07-04,1.0,6.123233995736766e-17,0.0,1.0,0,0,0,93,0.12813620071684587,56.00000000400001,0.12186379928315413,59.68861111300001,0.1496415770609319,63.0,0.15412186379928317,63.0,0.15770609318996415,92.349444445,0.1332138590203106,0.014568397130533513,0.11245519713261648,True
367,105,11.833333333333334,56.00000000400001,8.000000004,1.1241666670000001,62.95333335649666,0.0,93.0,0.77,0.12724014336917563,15.367965367965368,1.1241666669999997,False,offpeak,2022-07-04 07:00:00,7,0,False,2022-07-04,0.9659258262890683,-0.25881904510252063,0.0,1.0,0,0,0,93,0.12007168458781362,56.00000000400001,0.12813620071684587,56.00000000400001,0.12186379928315413,59.68861111300001,0.1424731182795699,52.869444441999995,0.13351254480286737,76.968888889,0.12335722819593786,0.004234601815635495,0.11103643966547193,True
368,105,11.333333333333334,50.547777776000004,7.221111109999999,1.1241666670000001,56.824126866702585,0.0,93.0,0.77,0.12186379928315413,14.718614718614718,1.1241666669999997,False,offpeak,2022-07-04 08:00:00,8,0,False,2022-07-04,0.8660254037844387,-0.4999999999999998,0.0,1.0,0,0,0,93,0.12724014336917563,56.00000000400001,0.12007168458781362,56.00000000400001,0.12813620071684587,56.00000000400001,0.12992831541218638,51.91666666599999,0.09318996415770608,53.208749999,0.12514934289127835,0.00442014593397229,0.11040173237753885,True
369,105,11.0,40.069166667,5.7241666669999995,1.1241666670000001,45.04442154150888,0.0,93.0,0.77,0.11827956989247312,14.285714285714285,1.124166667,False,offpeak,2022-07-04 09:00:00,9,0,False,2022-07-04,0.7071067811865476,-0.7071067811865475,0.0,1.0,0,0,0,93,0.12186379928315413,50.547777776000004,0.12724014336917563,56.00000000400001,0.12007168458781362,56.00000000400001,0.10663082437275985,45.101388887,0.08333333333333333,47.032222224,0.12305854241338111,0.0037305842284304806,0.11006571087216248,True
370,105,11.0,57.965833333,8.280833333,1.1241666670000001,65.16325765783611,0.0,93.0,0.77,0.11827956989247312,14.285714285714285,1.1241666670000001,False,offpeak,2022-07-04 10:00:00,10,0,False,2022-07-04,0.49999999999999994,-0.8660254037844387,0.0,1.0,0,0,0,93,0.11827956989247312,40.069166667,0.12186379928315413,50.547777776000004,0.12724014336917563,56.00000000400001,0.10304659498207885,38.101388891000006,0.11200716845878135,55.53624999799999,0.12246117084826762,0.004510056412942614,0.1105510752688172,True
371,105,13.5,66.309444443,9.472777776000001,1.1241666670000001,74.54286715010898,0.0,93.0,0.77,0.14516129032258066,17.532467532467532,1.124166667,False,offpeak,2022-07-04 11:00:00,11,0,False,2022-07-04,0.258819045102521,-0.9659258262890682,0.0,1.0,0,0,0,93,0.11827956989247312,57.965833333,0.11827956989247312,40.069166667,0.12186379928315413,50.547777776000004,0.08602150537634409,29.928888886999992,0.10215053763440861,56.092361115,0.11947431302270012,0.0020693558035405654,0.11118578255675031,True
372,105,15.666666666666666,74.061944445,10.580277779000003,1.1241666670000001,83.2579692382748,0.0,93.0,0.77,0.16845878136200715,20.346320346320343,1.124166667,False,offpeak,2022-07-04 12:00:00,12,0,False,2022-07-04,1.2246467991473532e-16,-1.0,0.0,1.0,0,0,0,93,0.14516129032258066,66.309444443,0.11827956989247312,57.965833333,0.11827956989247312,40.069166667,0.08243727598566308,30.496666665999992,0.09318996415770608,53.851388891,0.12724014336917563,0.015520168526602065,0.11364994026284349,True
373,105,14.583333333333334,73.3075,10.4725,1.1241666670000001,82.4098479411025,0.0,93.0,0.77,0.15681003584229392,18.93939393939394,1.124166667,False,offpeak,2022-07-04 13:00:00,13,0,False,2022-07-04,-0.2588190451025208,-0.9659258262890683,0.0,1.0,0,0,0,93,0.16845878136200715,74.061944445,0.14516129032258066,66.309444443,0.11827956989247312,57.965833333,0.10752688172043011,34.436111112,0.09050179211469533,49.195416664999996,0.14396654719235363,0.02511093137035052,0.1172341696535245,True
374,105,14.25,70.19638888499999,10.028055552000001,1.1241666670000001,78.91244052828628,0.0,93.0,0.77,0.1532258064516129,18.506493506493506,1.124166667,False,offpeak,2022-07-04 14:00:00,14,0,False,2022-07-04,-0.4999999999999997,-0.8660254037844388,0.0,1.0,0,0,0,93,0.15681003584229392,73.3075,0.16845878136200715,74.061944445,0.14516129032258066,66.309444443,0.0949820788530466,37.125277778,0.0967741935483871,52.5,0.1568100358422939,0.01164874551971266,0.11928763440860214,True
375,105,13.916666666666666,69.999999996,9.999999996000001,1.1241666670000001,78.69166668550331,0.0,93.0,0.77,0.1496415770609319,18.073593073593074,1.1241666669999997,False,offpeak,2022-07-04 15:00:00,15,0,False,2022-07-04,-0.7071067811865471,-0.7071067811865479,0.0,1.0,0,0,0,93,0.1532258064516129,70.19638888499999,0.15681003584229392,73.3075,0.16845878136200715,74.061944445,0.07526881720430108,27.999999995999996,0.0967741935483871,54.44833333500001,0.15949820788530464,0.007964331915156532,0.12171445639187574,True
376,105,14.166666666666666,71.364027775,10.389722221,1.1241666670000001,80.22506124751717,0.0,93.0,0.77,0.15232974910394265,18.398268398268396,1.1241666670000001,False,offpeak,2022-07-04 16:00:00,16,0,False,2022-07-04,-0.8660254037844385,-0.5000000000000004,0.0,1.0,0,0,0,93,0.1496415770609319,69.999999996,0.1532258064516129,70.19638888499999,0.15681003584229392,73.3075,0.07885304659498207,27.999999995999996,0.11827956989247312,56.00000000400001,0.1532258064516129,0.0035842293906789293,0.12481332138590202,True
377,105,15.916666666666666,80.881111108,12.054444444,1.1241666670000001,90.92384909753702,0.0,93.0,0.77,0.17114695340501793,20.67099567099567,1.1241666669999997,False,offpeak,2022-07-04 17:00:00,17,0,False,2022-07-04,-0.9659258262890683,-0.25881904510252063,0.0,1.0,0,0,0,93,0.15232974910394265,71.364027775,0.1496415770609319,69.999999996,0.1532258064516129,70.19638888499999,0.07706093189964158,31.309444444000007,0.11111111111111112,55.01805555599999,0.15173237753882915,0.0018652921142128418,0.1278748506571087,True
378,105,14.583333333333334,80.429999999,11.990000001000002,1.1241666670000001,90.41672502568582,0.0,93.0,0.77,0.15681003584229392,18.93939393939394,1.124166667,False,offpeak,2022-07-04 18:00:00,18,0,False,2022-07-04,-1.0,-1.8369701987210297e-16,0.0,1.0,0,0,0,93,0.17114695340501793,80.881111108,0.15232974910394265,71.364027775,0.1496415770609319,69.999999996,0.10483870967741936,47.286944442999996,0.09050179211469533,51.728055555,0.15770609318996415,0.011717470278334582,0.13179510155316607,True
379,105,18.0,90.615000002,13.444999999000002,1.1241666670000001,101.86636253245334,0.0,93.0,0.77,0.1935483870967742,23.376623376623375,1.1241666670000001,False,offpeak,2022-07-04 19:00:00,19,0,False,2022-07-04,-0.9659258262890684,0.2588190451025203,0.0,1.0,0,0,0,93,0.15681003584229392,80.429999999,0.17114695340501793,80.881111108,0.15232974910394265,71.364027775,0.11469534050179211,45.336666664999996,0.0967741935483871,56.00000000400001,0.16009557945041816,0.00982944006684784,0.1339605734767025,True
380,105,18.333333333333332,87.500000004,12.999999996000001,1.1241666670000001,98.36458336699668,0.0,93.0,0.77,0.1971326164874552,23.809523809523807,1.1241666670000001,False,offpeak,2022-07-04 20:00:00,20,0,False,2022-07-04,-0.8660254037844386,0.5000000000000001,0.0,1.0,0,0,0,93,0.1935483870967742,90.615000002,0.15681003584229392,80.429999999,0.17114695340501793,80.881111108,0.10304659498207885,45.400833337,0.10483870967741936,61.073055557,0.17383512544802868,0.018516109605530084,0.13724611708482676,True
381,105,18.583333333333332,89.438611112,13.276944444,1.1241666670000001,100.54390535488619,0.0,93.0,0.77,0.19982078853046595,24.134199134199132,1.124166667,False,offpeak,2022-07-04 21:00:00,21,0,False,2022-07-04,-0.7071067811865477,0.7071067811865474,0.0,1.0,0,0,0,93,0.1971326164874552,87.500000004,0.1935483870967742,90.615000002,0.15681003584229392,80.429999999,0.0967741935483871,45.300694448,0.11469534050179211,67.29527777599999,0.1824970131421744,0.022317644973981532,0.1411663679808841,True
382,105,17.666666666666668,90.613055557,13.444722221999996,1.1241666670000001,101.86417665219851,0.0,93.0,0.77,0.1899641577060932,22.943722943722946,1.124166667,False,offpeak,2022-07-04 22:00:00,22,0,False,2022-07-04,-0.5000000000000004,0.8660254037844384,0.0,1.0,0,0,0,93,0.19982078853046595,89.438611112,0.1971326164874552,87.500000004,0.1935483870967742,90.615000002,0.11111111111111112,46.478055553,0.12992831541218638,70.950833335,0.19683393070489844,0.003146849985917815,0.14545997610513742,True
383,105,18.416666666666668,94.5,14.000000003999999,1.1241666670000001,106.2337500315,0.0,93.0,0.77,0.19802867383512546,23.91774891774892,1.124166667,False,offpeak,2022-07-04 23:00:00,23,0,False,2022-07-04,-0.25881904510252157,0.9659258262890681,0.0,1.0,0,0,0,93,0.1899641577060932,90.613055557,0.19982078853046595,89.438611112,0.1971326164874552,87.500000004,0.12724014336917563,54.471666668,0.11290322580645161,63.0,0.19563918757467147,0.005095197762614057,0.14874551971326164,True
384,105,17.25,89.42694444700001,13.275277776000003,1.1241666670000001,100.53079007897816,0.0,93.0,0.77,0.18548387096774194,22.4025974025974,1.124166667,False,offpeak,2022-07-05 00:00:00,0,1,False,2022-07-05,0.0,1.0,0.7818314824680298,0.6234898018587336,0,0,0,93,0.19802867383512546,94.5,0.1899641577060932,90.613055557,0.19982078853046595,89.438611112,0.1442652329749104,63.0,0.10752688172043011,63.0,0.1959378733572282,0.005250416914948287,0.15169504181600957,True
385,105,16.5,90.807500002,13.472499999999997,1.1241666670000001,102.08276461585083,0.0,93.0,0.77,0.1774193548387097,21.428571428571427,1.1241666670000001,False,offpeak,2022-07-05 01:00:00,1,1,False,2022-07-05,0.25881904510252074,0.9659258262890683,0.7818314824680298,0.6234898018587336,0,0,0,93,0.18548387096774194,89.42694444700001,0.19802867383512546,94.5,0.1899641577060932,90.613055557,0.12813620071684587,63.0,0.10842293906810037,63.4025,0.19115890083632023,0.006357167459316699,0.1534124850657109,True
386,105,17.333333333333332,94.5,14.000000003999999,1.1241666670000001,106.2337500315,0.0,93.0,0.77,0.18637992831541217,22.510822510822507,1.124166667,False,offpeak,2022-07-05 02:00:00,2,1,False,2022-07-05,0.49999999999999994,0.8660254037844387,0.7818314824680298,0.6234898018587336,0,0,0,93,0.1774193548387097,90.807500002,0.18548387096774194,89.42694444700001,0.19802867383512546,94.5,0.13082437275985662,63.0,0.11827956989247312,69.999999996,0.1869772998805257,0.010385506959804933,0.15546594982078854,True
387,105,16.416666666666668,88.868888892,13.195555553000002,1.1241666670000001,99.90344262571298,0.0,93.0,0.77,0.17652329749103943,21.32034632034632,1.1241666670000001,False,offpeak,2022-07-05 03:00:00,3,1,False,2022-07-05,0.7071067811865476,0.7071067811865476,0.7818314824680298,0.6234898018587336,0,0,0,93,0.18637992831541217,94.5,0.1774193548387097,90.807500002,0.18548387096774194,89.42694444700001,0.1496415770609319,63.0,0.11827956989247312,69.999999996,0.18309438470728792,0.004935099056707518,0.15778076463560334,True
388,105,18.0,87.500000004,12.999999996000001,1.1241666670000001,98.36458336699668,0.0,93.0,0.77,0.1935483870967742,23.376623376623375,1.1241666670000001,False,offpeak,2022-07-05 04:00:00,4,1,False,2022-07-05,0.8660254037844386,0.5000000000000001,0.7818314824680298,0.6234898018587336,0,0,0,93,0.17652329749103943,88.868888892,0.18637992831541217,94.5,0.1774193548387097,90.807500002,0.12186379928315413,59.68861111300001,0.11290322580645161,66.682777776,0.1801075268817204,0.005450504059406484,0.15890083632019117,True
389,105,17.916666666666668,87.500000004,12.999999996000001,1.1241666670000001,98.36458336699668,0.0,93.0,0.77,0.19265232974910396,23.26839826839827,1.1241666670000001,False,offpeak,2022-07-05 05:00:00,5,1,False,2022-07-05,0.9659258262890683,0.25881904510252074,0.7818314824680298,0.6234898018587336,0,0,0,93,0.1935483870967742,87.500000004,0.17652329749103943,88.868888892,0.18637992831541217,94.5,0.12813620071684587,56.00000000400001,0.10125448028673835,59.103333335,0.1854838709677419,0.008547842306603253,0.16188769414575865,True
390,105,16.75,87.500000004,12.999999996000001,1.1241666670000001,98.36458336699668,0.0,93.0,0.77,0.18010752688172044,21.753246753246753,1.1241666670000001,False,offpeak,2022-07-05 06:00:00,6,1,False,2022-07-05,1.0,6.123233995736766e-17,0.7818314824680298,0.6234898018587336,0,0,0,93,0.19265232974910396,87.500000004,0.1935483870967742,87.500000004,0.17652329749103943,88.868888892,0.12007168458781362,56.00000000400001,0.08691756272401434,49.781666664,0.1875746714456392,0.009581251453013863,0.16457586618876943,True
391,105,16.75,85.93083333599999,12.77583333,1.1241666670000001,96.60057850386362,0.0,93.0,0.77,0.18010752688172044,21.753246753246753,1.1241666670000001,False,offpeak,2022-07-05 07:00:00,7,1,False,2022-07-05,0.9659258262890683,-0.25881904510252063,0.7818314824680298,0.6234898018587336,0,0,0,93,0.18010752688172044,87.500000004,0.19265232974910396,87.500000004,0.1935483870967742,87.500000004,0.12724014336917563,56.00000000400001,0.08602150537634409,48.99999999599999,0.18876941457586618,0.007514782332980202,0.1670773596176822,True
392,105,13.416666666666666,66.38819444399999,9.580833333000001,1.1241666670000001,74.63139527625938,0.0,93.0,0.77,0.1442652329749104,17.424242424242422,1.124166667,False,offpeak,2022-07-05 08:00:00,8,1,False,2022-07-05,0.8660254037844387,-0.4999999999999998,0.7818314824680298,0.6234898018587336,0,0,0,93,0.18010752688172044,85.93083333599999,0.18010752688172044,87.500000004,0.19265232974910396,87.500000004,0.12186379928315413,50.547777776000004,0.07974910394265233,44.73194444400001,0.18428912783751494,0.007242745312414382,0.16928016726403824,True
393,105,12.25,61.246111111000005,8.749444445,1.1241666670000001,68.85083659436452,0.0,93.0,0.77,0.13172043010752688,15.909090909090908,1.1241666669999997,False,offpeak,2022-07-05 09:00:00,9,1,False,2022-07-05,0.7071067811865476,-0.7071067811865475,0.7818314824680298,0.6234898018587336,0,0,0,93,0.1442652329749104,66.38819444399999,0.18010752688172044,85.93083333599999,0.18010752688172044,87.500000004,0.11827956989247312,40.069166667,0.1093189964157706,62.538194447,0.1681600955794504,0.02069355803547019,0.17021356033452809,True
394,105,13.25,64.549722222,9.221388888,1.1241666670000001,72.56464608608157,0.0,93.0,0.77,0.1424731182795699,17.207792207792206,1.124166667,False,offpeak,2022-07-05 10:00:00,10,1,False,2022-07-05,0.49999999999999994,-0.8660254037844387,0.7818314824680298,0.6234898018587336,0,0,0,93,0.13172043010752688,61.246111111000005,0.1442652329749104,66.38819444399999,0.18010752688172044,85.93083333599999,0.11827956989247312,57.965833333,0.12455197132616488,70.770000001,0.1520310633213859,0.025110931370350538,0.17077359617682197,True
395,105,13.166666666666666,69.999999996,9.999999996000001,1.1241666670000001,78.69166668550331,0.0,93.0,0.77,0.14157706093189965,17.0995670995671,1.1241666669999997,False,offpeak,2022-07-05 11:00:00,11,1,False,2022-07-05,0.258819045102521,-0.9659258262890682,0.7818314824680298,0.6234898018587336,0,0,0,93,0.1424731182795699,64.549722222,0.13172043010752688,61.246111111000005,0.1442652329749104,66.38819444399999,0.14516129032258066,66.309444443,0.1478494623655914,83.341805553,0.1394862604540024,0.006784836733331861,0.171781660692951,True
396,105,14.083333333333334,71.753888886,10.250555554000002,1.1241666670000001,80.66333011326294,0.0,93.0,0.77,0.15143369175627241,18.29004329004329,1.1241666669999997,False,offpeak,2022-07-05 12:00:00,12,1,False,2022-07-05,1.2246467991473532e-16,-1.0,0.7818314824680298,0.6234898018587336,0,0,0,93,0.14157706093189965,69.999999996,0.1424731182795699,64.549722222,0.13172043010752688,61.246111111000005,0.16845878136200715,74.061944445,0.17114695340501793,97.047222221,0.13859020310633213,0.005966243833760812,0.17163231780167265,True
397,105,13.25,69.999999996,9.999999996000001,1.1241666670000001,78.69166668550331,0.0,93.0,0.77,0.1424731182795699,17.207792207792206,1.1241666669999997,False,offpeak,2022-07-05 13:00:00,13,1,False,2022-07-05,-0.2588190451025208,-0.9659258262890683,0.7818314824680298,0.6234898018587336,0,0,0,93,0.15143369175627241,71.753888886,0.14157706093189965,69.999999996,0.1424731182795699,64.549722222,0.15681003584229392,73.3075,0.1792114695340502,101.984166669,0.14516129032258066,0.005450504059404974,0.17092293906810038,True
398,105,12.416666666666666,66.116944443,9.445277776,1.1241666670000001,74.32646506671148,0.0,93.0,0.77,0.13351254480286737,16.125541125541126,1.1241666670000001,False,offpeak,2022-07-05 14:00:00,14,1,False,2022-07-05,-0.4999999999999997,-0.8660254037844388,0.7818314824680298,0.6234898018587336,0,0,0,93,0.1424731182795699,69.999999996,0.15143369175627241,71.753888886,0.14157706093189965,69.999999996,0.1532258064516129,70.19638888499999,0.1792114695340502,102.48000000100001,0.14516129032258063,0.005450504059404974,0.17032556750298689,True
399,105,11.416666666666666,63.0,9.0,1.1241666670000001,70.822500021,0.0,93.0,0.77,0.12275985663082437,14.826839826839826,1.124166667,False,offpeak,2022-07-05 15:00:00,15,1,False,2022-07-05,-0.7071067811865471,-0.7071067811865479,0.7818314824680298,0.6234898018587336,0,0,0,93,0.13351254480286737,66.116944443,0.1424731182795699,69.999999996,0.15143369175627241,71.753888886,0.1496415770609319,69.999999996,0.17562724014336917,99.349444445,0.1424731182795699,0.008960573476701227,0.16950418160095582,True
400,105,11.833333333333334,57.353333336000006,8.193333336,1.1241666670000001,64.4747055776711,0.0,93.0,0.77,0.12724014336917563,15.367965367965368,1.1241666669999997,False,offpeak,2022-07-05 16:00:00,16,1,False,2022-07-05,-0.8660254037844385,-0.5000000000000004,0.7818314824680298,0.6234898018587336,0,0,0,93,0.12275985663082437,63.0,0.13351254480286737,66.116944443,0.1424731182795699,69.999999996,0.15232974910394265,71.364027775,0.1827956989247312,100.162222222,0.13291517323775384,0.009870198113414599,0.16838410991636799,True
401,105,14.166666666666666,57.71305555800001,8.244722225,1.1241666670000001,64.87909330902268,0.0,93.0,0.77,0.15232974910394265,18.398268398268396,1.1241666669999997,False,offpeak,2022-07-05 17:00:00,17,1,False,2022-07-05,-0.9659258262890683,-0.25881904510252063,0.7818314824680298,0.6234898018587336,0,0,0,93,0.12724014336917563,57.353333336000006,0.12275985663082437,63.0,0.13351254480286737,66.116944443,0.17114695340501793,80.881111108,0.1935483870967742,104.99805555500001,0.1278375149342891,0.005401177216253337,0.16733870967741937,True
402,105,11.75,53.077500001,7.582500001000001,1.1241666670000001,59.66795626881666,0.0,93.0,0.77,0.12634408602150538,15.25974025974026,1.124166667,False,offpeak,2022-07-05 18:00:00,18,1,False,2022-07-05,-1.0,-1.8369701987210297e-16,0.7818314824680298,0.6234898018587336,0,0,0,93,0.15232974910394265,57.71305555800001,0.12724014336917563,57.353333336000006,0.12275985663082437,63.0,0.15681003584229392,80.429999999,0.1845878136200717,102.66472222300001,0.13410991636798086,0.01593706280998017,0.16655465949820789,True
403,105,13.25,57.567222225,8.223888892000002,1.1241666670000001,64.71515233712657,0.0,93.0,0.77,0.1424731182795699,17.207792207792206,1.124166667,False,offpeak,2022-07-05 19:00:00,19,1,False,2022-07-05,-0.9659258262890684,0.2588190451025203,0.7818314824680298,0.6234898018587336,0,0,0,93,0.12634408602150538,53.077500001,0.15232974910394265,57.71305555800001,0.12724014336917563,57.353333336000006,0.1935483870967742,90.615000002,0.16129032258064516,91.377222222,0.13530465949820789,0.01475096562110515,0.16528524492234167,True
404,105,13.083333333333334,63.0,9.0,1.1241666670000001,70.822500021,0.0,93.0,0.77,0.14068100358422939,16.99134199134199,1.124166667,False,offpeak,2022-07-05 20:00:00,20,1,False,2022-07-05,-0.8660254037844386,0.5000000000000001,0.7818314824680298,0.6234898018587336,0,0,0,93,0.1424731182795699,57.567222225,0.12634408602150538,53.077500001,0.15232974910394265,57.71305555800001,0.1971326164874552,87.500000004,0.15053763440860216,84.373333333,0.14038231780167262,0.013118393820786264,0.16315710872162484,True
405,105,13.416666666666666,57.93277778000001,8.276111114,1.1241666670000001,65.12609770699426,0.0,93.0,0.77,0.1442652329749104,17.424242424242422,1.124166667,False,offpeak,2022-07-05 21:00:00,21,1,False,2022-07-05,-0.7071067811865477,0.7071067811865474,0.7818314824680298,0.6234898018587336,0,0,0,93,0.14068100358422939,63.0,0.1424731182795699,57.567222225,0.12634408602150538,53.077500001,0.19982078853046595,89.438611112,0.12903225806451613,70.188611107,0.13649940262843488,0.008840291867948834,0.16080495818399046,True
406,105,12.083333333333334,56.00000000400001,8.000000004,1.1241666670000001,62.95333335649666,0.0,93.0,0.77,0.12992831541218638,15.692640692640692,1.1241666669999997,False,offpeak,2022-07-05 22:00:00,22,1,False,2022-07-05,-0.5000000000000004,0.8660254037844384,0.7818314824680298,0.6234898018587336,0,0,0,93,0.1442652329749104,57.93277778000001,0.14068100358422939,63.0,0.1424731182795699,57.567222225,0.1899641577060932,90.613055557,0.12903225806451613,69.999999996,0.14247311827956988,0.0017921146953338986,0.15849014336917563,True
407,105,11.166666666666666,56.00000000400001,8.000000004,1.1241666670000001,62.95333335649666,0.0,93.0,0.77,0.12007168458781362,14.5021645021645,1.1241666669999997,False,offpeak,2022-07-05 23:00:00,23,1,False,2022-07-05,-0.25881904510252157,0.9659258262890681,0.7818314824680298,0.6234898018587336,0,0,0,93,0.12992831541218638,56.00000000400001,0.1442652329749104,57.93277778000001,0.14068100358422939,63.0,0.19802867383512546,94.5,0.12903225806451613,69.999999996,0.1382915173237754,0.007461168456866184,0.15598864994026285,True
408,105,10.833333333333334,56.00000000400001,8.000000004,1.1241666670000001,62.95333335649666,0.0,93.0,0.77,0.11648745519713262,14.06926406926407,1.1241666669999997,False,offpeak,2022-07-06 00:00:00,0,2,False,2022-07-06,0.0,1.0,0.9749279121818236,-0.22252093395631434,0,0,0,93,0.12007168458781362,56.00000000400001,0.12992831541218638,56.00000000400001,0.1442652329749104,57.93277778000001,0.18548387096774194,89.42694444700001,0.12903225806451613,69.999999996,0.1314217443249701,0.012165717953652596,0.15274044205495818,True
409,105,12.25,55.198888893,7.885555559000001,1.1241666670000001,62.05275094894712,0.0,93.0,0.77,0.13172043010752688,15.909090909090908,1.124166667,False,offpeak,2022-07-06 01:00:00,1,2,False,2022-07-06,0.25881904510252074,0.9659258262890683,0.9749279121818236,-0.22252093395631434,0,0,0,93,0.11648745519713262,56.00000000400001,0.12007168458781362,56.00000000400001,0.12992831541218638,56.00000000400001,0.1774193548387097,90.807500002,0.12992831541218638,70.402499996,0.12216248506571087,0.006960083750135876,0.14986559139784947,True
410,105,11.75,45.708055555,6.529722220999999,1.1241666670000001,51.38347246831518,0.0,93.0,0.77,0.12634408602150538,15.25974025974026,1.124166667,False,offpeak,2022-07-06 02:00:00,2,2,False,2022-07-06,0.49999999999999994,0.8660254037844387,0.9749279121818236,-0.22252093395631434,0,0,0,93,0.13172043010752688,55.198888893,0.11648745519713262,56.00000000400001,0.12007168458781362,56.00000000400001,0.18637992831541217,94.5,0.13978494623655913,77.000000004,0.12275985663082438,0.00796433191515547,0.14796146953405018,True
411,105,11.916666666666666,56.00000000400001,8.000000004,1.1241666670000001,62.95333335649666,0.0,93.0,0.77,0.12813620071684587,15.476190476190474,1.1241666669999997,False,offpeak,2022-07-06 03:00:00,3,2,False,2022-07-06,0.7071067811865476,0.7071067811865476,0.9749279121818236,-0.22252093395631434,0,0,0,93,0.12634408602150538,45.708055555,0.13172043010752688,55.198888893,0.11648745519713262,56.00000000400001,0.17652329749103943,88.868888892,0.13978494623655913,77.000000004,0.12485065710872162,0.007725518014560577,0.1454599761051374,True
412,105,12.583333333333334,52.0975,7.442499999999999,1.1241666670000001,58.5662729340325,0.0,93.0,0.77,0.13530465949820789,16.341991341991342,1.1241666670000001,False,offpeak,2022-07-06 04:00:00,4,2,False,2022-07-06,0.8660254037844386,0.5000000000000001,0.9749279121818236,-0.22252093395631434,0,0,0,93,0.12813620071684587,56.00000000400001,0.12634408602150538,45.708055555,0.13172043010752688,55.198888893,0.1935483870967742,87.500000004,0.13351254480286737,73.0975,0.12873357228195936,0.0027375004151417733,0.14344384707287933,True
413,105,9.083333333333334,45.686666665,6.5266666650000005,1.1241666670000001,51.35942779113304,0.0,93.0,0.77,0.09767025089605735,11.796536796536797,1.1241666669999997,False,offpeak,2022-07-06 05:00:00,5,2,False,2022-07-06,0.9659258262890683,0.25881904510252074,0.9749279121818236,-0.22252093395631434,0,0,0,93,0.13530465949820789,52.0975,0.12813620071684587,56.00000000400001,0.12634408602150538,45.708055555,0.19265232974910396,87.500000004,0.12275985663082437,66.105277776,0.12992831541218638,0.004741489804772369,0.14101702508960576,True
414,105,10.833333333333334,42.0,6.0,1.1241666670000001,47.21500001399999,0.0,93.0,0.77,0.11648745519713262,14.06926406926407,1.1241666669999997,False,offpeak,2022-07-06 06:00:00,6,2,False,2022-07-06,1.0,6.123233995736766e-17,0.9749279121818236,-0.22252093395631434,0,0,0,93,0.09767025089605735,45.686666665,0.13530465949820789,52.0975,0.12813620071684587,56.00000000400001,0.18010752688172044,87.500000004,0.11827956989247312,63.0,0.12037037037037036,0.019982949442863888,0.1370594384707288,True
415,105,10.916666666666666,42.0,6.0,1.1241666670000001,47.21500001399999,0.0,93.0,0.77,0.11738351254480286,14.177489177489177,1.1241666669999997,False,offpeak,2022-07-06 07:00:00,7,2,False,2022-07-06,0.9659258262890683,-0.25881904510252063,0.9749279121818236,-0.22252093395631434,0,0,0,93,0.11648745519713262,42.0,0.09767025089605735,45.686666665,0.13530465949820789,52.0975,0.18010752688172044,85.93083333599999,0.10752688172043011,57.370833336000004,0.11648745519713262,0.0188172043010744,0.13440860215053763,True
416,105,11.166666666666666,40.831388889,5.833055556000001,1.1241666670000001,45.90128635632795,0.0,93.0,0.77,0.12007168458781362,14.5021645021645,1.1241666669999997,False,offpeak,2022-07-06 08:00:00,8,2,False,2022-07-06,0.8660254037844387,-0.4999999999999998,0.9749279121818236,-0.22252093395631434,0,0,0,93,0.11738351254480286,42.0,0.11648745519713262,42.0,0.09767025089605735,45.686666665,0.1442652329749104,66.38819444399999,0.11111111111111112,60.682222222,0.11051373954599762,0.01113180714072975,0.13179510155316607,True
417,105,9.75,46.046388887,6.578055553,1.1241666670000001,51.76381552248461,0.0,93.0,0.77,0.10483870967741936,12.662337662337663,1.1241666669999997,False,offpeak,2022-07-06 09:00:00,9,2,False,2022-07-06,0.7071067811865476,-0.7071067811865475,0.9749279121818236,-0.22252093395631434,0,0,0,93,0.12007168458781362,40.831388889,0.11738351254480286,42.0,0.11648745519713262,42.0,0.13172043010752688,61.246111111000005,0.12544802867383512,69.98638889,0.11798088410991636,0.001865292114208397,0.13078703703703703,True
418,105,9.166666666666666,42.0,6.0,1.1241666670000001,47.21500001399999,0.0,93.0,0.77,0.0985663082437276,11.904761904761903,1.1241666669999997,False,offpeak,2022-07-06 10:00:00,10,2,False,2022-07-06,0.49999999999999994,-0.8660254037844387,0.9749279121818236,-0.22252093395631434,0,0,0,93,0.10483870967741936,46.046388887,0.12007168458781362,40.831388889,0.11738351254480286,42.0,0.1424731182795699,64.549722222,0.11827956989247312,66.500000004,0.11409796893667862,0.008130619826053013,0.12966696535244923,True
419,105,9.916666666666666,43.56138888699999,6.223055553999999,1.1241666670000001,48.970261354989624,0.0,93.0,0.77,0.10663082437275985,12.878787878787877,1.1241666670000001,False,offpeak,2022-07-06 11:00:00,11,2,False,2022-07-06,0.258819045102521,-0.9659258262890682,0.9749279121818236,-0.22252093395631434,0,0,0,93,0.0985663082437276,42.0,0.10483870967741936,46.046388887,0.12007168458781362,40.831388889,0.14157706093189965,69.999999996,0.12813620071684587,68.253888891,0.10782556750298684,0.011059443597115224,0.12783751493428913,True
420,105,9.666666666666666,52.313333333,7.473333333000001,1.1241666670000001,58.8089055726186,0.0,93.0,0.77,0.1039426523297491,12.554112554112553,1.1241666669999997,False,offpeak,2022-07-06 12:00:00,12,2,False,2022-07-06,1.2246467991473532e-16,-1.0,0.9749279121818236,-0.22252093395631434,0,0,0,93,0.10663082437275985,43.56138888699999,0.0985663082437276,42.0,0.10483870967741936,46.046388887,0.15143369175627241,71.753888886,0.15053763440860216,64.942500002,0.1033452807646356,0.00423460181563406,0.12638142174432496,True
421,105,11.833333333333334,56.00000000400001,8.000000004,1.1241666670000001,62.95333335649666,0.0,93.0,0.77,0.12724014336917563,15.367965367965368,1.1241666669999997,False,offpeak,2022-07-06 13:00:00,13,2,False,2022-07-06,-0.2588190451025208,-0.9659258262890683,0.9749279121818236,-0.22252093395631434,0,0,0,93,0.1039426523297491,52.313333333,0.10663082437275985,43.56138888699999,0.0985663082437276,42.0,0.1424731182795699,69.999999996,0.13440860215053763,62.79194444400001,0.10304659498207885,0.004106250622715651,0.12440262843488649,True
422,105,12.25,56.00000000400001,8.000000004,1.1241666670000001,62.95333335649666,0.0,93.0,0.77,0.13172043010752688,15.909090909090908,1.1241666669999997,False,offpeak,2022-07-06 14:00:00,14,2,False,2022-07-06,-0.4999999999999997,-0.8660254037844388,0.9749279121818236,-0.22252093395631434,0,0,0,93,0.12724014336917563,56.00000000400001,0.1039426523297491,52.313333333,0.10663082437275985,43.56138888699999,0.13351254480286737,66.116944443,0.11917562724014337,56.00000000400001,0.11260454002389486,0.012745871142980671,0.1237679211469534,True
423,105,12.25,56.400555559000004,8.057222226,1.1241666670000001,63.40362455970934,0.0,93.0,0.77,0.13172043010752688,15.909090909090908,1.1241666669999997,False,offpeak,2022-07-06 15:00:00,15,2,False,2022-07-06,-0.7071067811865471,-0.7071067811865479,0.9749279121818236,-0.22252093395631434,0,0,0,93,0.13172043010752688,56.00000000400001,0.12724014336917563,56.00000000400001,0.1039426523297491,52.313333333,0.12275985663082437,63.0,0.11200716845878135,49.19638888499999,0.12096774193548387,0.014913366466928405,0.12369324970131422,True
424,105,12.166666666666666,61.644722223,8.806388890000001,1.1241666670000001,69.29894191957072,0.0,93.0,0.77,0.13082437275985662,15.8008658008658,1.1241666669999997,False,offpeak,2022-07-06 16:00:00,16,2,False,2022-07-06,-0.8660254037844385,-0.5000000000000004,0.9749279121818236,-0.22252093395631434,0,0,0,93,0.13172043010752688,56.400555559000004,0.13172043010752688,56.00000000400001,0.12724014336917563,56.00000000400001,0.12724014336917563,57.353333336000006,0.13082437275985662,52.313333333,0.13022700119474315,0.002586694754428683,0.12406660692951016,True
425,105,12.75,68.29083333099999,9.755833331,1.1241666670000001,76.77027849236276,0.0,93.0,0.77,0.13709677419354838,16.558441558441558,1.124166667,False,offpeak,2022-07-06 17:00:00,17,2,False,2022-07-06,-0.9659258262890683,-0.25881904510252063,0.9749279121818236,-0.22252093395631434,0,0,0,93,0.13082437275985662,61.644722223,0.13172043010752688,56.400555559000004,0.13172043010752688,56.00000000400001,0.15232974910394265,57.71305555800001,0.12992831541218638,56.00000000400001,0.1314217443249701,0.0005173389508616973,0.12421594982078853,True
426,105,13.083333333333334,69.999999996,9.999999996000001,1.1241666670000001,78.69166668550331,0.0,93.0,0.77,0.14068100358422939,16.99134199134199,1.1241666669999997,False,offpeak,2022-07-06 18:00:00,18,2,False,2022-07-06,-1.0,-1.8369701987210297e-16,0.9749279121818236,-0.22252093395631434,0,0,0,93,0.13709677419354838,68.29083333099999,0.13082437275985662,61.644722223,0.13172043010752688,56.400555559000004,0.12634408602150538,53.077500001,0.10483870967741936,51.71347222399999,0.1332138590203106,0.0033924183666631325,0.12358124253285542,True
427,105,15.75,80.85388889000001,11.550555556999997,1.1241666670000001,90.89324678745962,0.0,93.0,0.77,0.1693548387096774,20.454545454545453,1.1241666669999997,False,offpeak,2022-07-06 19:00:00,19,2,False,2022-07-06,-0.9659258262890684,0.2588190451025203,0.9749279121818236,-0.22252093395631434,0,0,0,93,0.14068100358422939,69.999999996,0.13709677419354838,68.29083333099999,0.13082437275985662,61.644722223,0.1424731182795699,57.567222225,0.13709677419354838,61.856666665999995,0.13620071684587812,0.004989036167408042,0.12417861409796893,True
428,105,17.25,87.73333333400001,12.811666669,1.1241666670000001,98.62688891888277,0.0,93.0,0.77,0.18548387096774194,22.4025974025974,1.124166667,False,offpeak,2022-07-06 20:00:00,20,2,False,2022-07-06,-0.8660254037844386,0.5000000000000001,0.9749279121818236,-0.22252093395631434,0,0,0,93,0.1693548387096774,80.85388889000001,0.14068100358422939,69.999999996,0.13709677419354838,68.29083333099999,0.14068100358422939,63.0,0.13709677419354838,71.748055556,0.1490442054958184,0.017680583735900004,0.12529868578255673,True
429,105,19.583333333333332,109.293333332,16.113333335,1.1241666670000001,122.86392225715441,0.0,93.0,0.77,0.21057347670250895,25.432900432900432,1.1241666669999997,False,offpeak,2022-07-06 21:00:00,21,2,False,2022-07-06,-0.7071067811865477,0.7071067811865474,0.9749279121818236,-0.22252093395631434,0,0,0,93,0.18548387096774194,87.73333333400001,0.1693548387096774,80.85388889000001,0.14068100358422939,69.999999996,0.1442652329749104,57.93277778000001,0.15681003584229392,73.5,0.1651732377538829,0.02269225796083913,0.12716547192353642,True
430,105,21.833333333333332,115.5,17.000000004,1.1241666670000001,129.84125003849996,0.0,93.0,0.77,0.23476702508960573,28.354978354978353,1.1241666669999997,False,offpeak,2022-07-06 22:00:00,22,2,False,2022-07-06,-0.5000000000000004,0.8660254037844384,0.9749279121818236,-0.22252093395631434,0,0,0,93,0.21057347670250895,109.293333332,0.18548387096774194,87.73333333400001,0.1693548387096774,80.85388889000001,0.12992831541218638,56.00000000400001,0.1603942652329749,73.5,0.18847072879330942,0.02077101391961007,0.12992831541218638,True
431,105,23.75,127.52833335,18.718333331,1.1241666670000001,143.36310145013445,0.0,93.0,0.77,0.2553763440860215,30.844155844155843,1.1241666670000001,False,offpeak,2022-07-06 23:00:00,23,2,False,2022-07-06,-0.25881904510252157,0.9659258262890681,0.9749279121818236,-0.22252093395631434,0,0,0,93,0.23476702508960573,115.5,0.21057347670250895,109.293333332,0.18548387096774194,87.73333333400001,0.12007168458781362,56.00000000400001,0.1603942652329749,73.5,0.2102747909199522,0.02464293468618085,0.13429659498207885,True
432,105,21.75,122.49999996000001,18.0,1.1241666670000001,137.71041666253333,0.0,93.0,0.77,0.23387096774193547,28.246753246753247,1.124166667,False,offpeak,2022-07-07 00:00:00,0,3,False,2022-07-07,0.0,1.0,0.43388373911755823,-0.900968867902419,0,0,0,93,0.2553763440860215,127.52833335,0.23476702508960573,115.5,0.21057347670250895,109.293333332,0.11648745519713262,56.00000000400001,0.1424731182795699,73.5,0.2335722819593787,0.022425315824009816,0.1399342891278375,True
433,105,21.083333333333332,122.49999996000001,18.0,1.1241666670000001,137.71041666253333,0.0,93.0,0.77,0.22670250896057345,27.38095238095238,1.124166667,False,offpeak,2022-07-07 01:00:00,1,3,False,2022-07-07,0.25881904510252074,0.9659258262890683,0.43388373911755823,-0.900968867902419,0,0,0,93,0.23387096774193547,122.49999996000001,0.2553763440860215,127.52833335,0.23476702508960573,115.5,0.13172043010752688,55.198888893,0.13799283154121864,73.5,0.24133811230585422,0.012165717953654386,0.14482526881720428,True
434,105,22.333333333333332,122.49999996000001,18.0,1.1241666670000001,137.71041666253333,0.0,93.0,0.77,0.24014336917562723,29.004329004329,1.124166667,False,offpeak,2022-07-07 02:00:00,2,3,False,2022-07-07,0.49999999999999994,0.8660254037844387,0.43388373911755823,-0.900968867902419,0,0,0,93,0.22670250896057345,122.49999996000001,0.23387096774193547,122.49999996000001,0.2553763440860215,127.52833335,0.12634408602150538,45.708055555,0.16218637992831542,73.5,0.23864994026284347,0.014922336913736253,0.14878285543608125,True
435,105,21.416666666666668,122.49999996000001,18.0,1.1241666670000001,137.71041666253333,0.0,93.0,0.77,0.2302867383512545,27.813852813852815,1.124166667,False,offpeak,2022-07-07 03:00:00,3,3,False,2022-07-07,0.7071067811865476,0.7071067811865476,0.43388373911755823,-0.900968867902419,0,0,0,93,0.24014336917562723,122.49999996000001,0.22670250896057345,122.49999996000001,0.23387096774193547,122.49999996000001,0.12813620071684587,56.00000000400001,0.13530465949820789,73.5,0.2335722819593787,0.006725406361528946,0.15352449223416967,True
436,105,20.25,119.18861109100001,17.526944446,1.1241666670000001,133.98786367452868,0.0,93.0,0.77,0.21774193548387097,26.2987012987013,1.1241666669999997,False,offpeak,2022-07-07 04:00:00,4,3,False,2022-07-07,0.8660254037844386,0.5000000000000001,0.43388373911755823,-0.900968867902419,0,0,0,93,0.2302867383512545,122.49999996000001,0.24014336917562723,122.49999996000001,0.22670250896057345,122.49999996000001,0.13530465949820789,52.0975,0.1586021505376344,73.5,0.2323775388291517,0.006960083750138997,0.15778076463560334,True
437,105,22.916666666666668,115.5,17.000000004,1.1241666670000001,129.84125003849996,0.0,93.0,0.77,0.24641577060931902,29.761904761904763,1.1241666669999997,False,offpeak,2022-07-07 05:00:00,5,3,False,2022-07-07,0.9659258262890683,0.25881904510252074,0.43388373911755823,-0.900968867902419,0,0,0,93,0.21774193548387097,119.18861109100001,0.2302867383512545,122.49999996000001,0.24014336917562723,122.49999996000001,0.09767025089605735,45.686666665,0.14336917562724014,69.60527778000001,0.2293906810035842,0.011227566385432156,0.16121565113500597,True
438,105,20.25,109.851388892,16.193055553,1.1241666670000001,123.49126971604045,0.0,93.0,0.77,0.21774193548387097,26.2987012987013,1.124166667,False,offpeak,2022-07-07 06:00:00,6,3,False,2022-07-07,1.0,6.123233995736766e-17,0.43388373911755823,-0.900968867902419,0,0,0,93,0.24641577060931902,115.5,0.21774193548387097,119.18861109100001,0.2302867383512545,122.49999996000001,0.11648745519713262,42.0,0.13799283154121864,66.500000004,0.23148148148148148,0.014374204797510589,0.16741338112305856,True
439,105,19.583333333333332,107.52583333599999,15.86083333,1.1241666670000001,120.8769576777286,0.0,93.0,0.77,0.21057347670250895,25.432900432900432,1.124166667,False,offpeak,2022-07-07 07:00:00,7,3,False,2022-07-07,0.9659258262890683,-0.25881904510252063,0.43388373911755823,-0.900968867902419,0,0,0,93,0.21774193548387097,109.851388892,0.24641577060931902,115.5,0.21774193548387097,119.18861109100001,0.11738351254480286,42.0,0.15143369175627241,72.551111111,0.22729988052568698,0.016554846428376735,0.17163231780167265,True
440,105,16.583333333333332,85.040277777,12.648611112,1.1241666670000001,95.59944562932426,0.0,93.0,0.77,0.17831541218637992,21.536796536796533,1.1241666670000001,False,offpeak,2022-07-07 08:00:00,8,3,False,2022-07-07,0.8660254037844387,-0.4999999999999998,0.43388373911755823,-0.900968867902419,0,0,0,93,0.21057347670250895,107.52583333599999,0.21774193548387097,109.851388892,0.24641577060931902,115.5,0.12007168458781362,40.831388889,0.15412186379928317,79.48694444499999,0.22491039426523296,0.01896595921910131,0.17551523297491037,True
441,105,11.0,51.117500000999996,7.802499998999998,1.1241666670000001,57.46458960149666,0.0,93.0,0.77,0.11827956989247312,14.285714285714285,1.124166667,False,offpeak,2022-07-07 09:00:00,9,3,False,2022-07-07,0.7071067811865476,-0.7071067811865475,0.43388373911755823,-0.900968867902419,0,0,0,93,0.17831541218637992,85.040277777,0.21057347670250895,107.52583333599999,0.21774193548387097,109.851388892,0.10483870967741936,46.046388887,0.1550179211469534,69.999999996,0.20221027479091994,0.0210016676597933,0.17794205495818397,True
442,105,13.416666666666666,57.571111108,8.724444445,1.1241666670000001,64.71952408976702,0.0,93.0,0.77,0.1442652329749104,17.424242424242422,1.1241666669999997,False,offpeak,2022-07-07 10:00:00,10,3,False,2022-07-07,0.49999999999999994,-0.8660254037844387,0.43388373911755823,-0.900968867902419,0,0,0,93,0.11827956989247312,51.117500000999996,0.17831541218637992,85.040277777,0.21057347670250895,107.52583333599999,0.0985663082437276,42.0,0.14516129032258066,73.492222222,0.16905615292712062,0.04683846410897264,0.17850209080047788,True
443,105,12.75,61.644722221,9.306388888,1.1241666670000001,69.29894191732241,0.0,93.0,0.77,0.13709677419354838,16.558441558441558,1.124166667,False,offpeak,2022-07-07 11:00:00,11,3,False,2022-07-07,0.258819045102521,-0.9659258262890682,0.43388373911755823,-0.900968867902419,0,0,0,93,0.1442652329749104,57.571111108,0.11827956989247312,51.117500000999996,0.17831541218637992,85.040277777,0.10663082437275985,43.56138888699999,0.13978494623655913,69.60333333,0.14695340501792112,0.030108060244464635,0.18040621266427717,True
444,105,13.5,60.85333333099999,9.193333333,1.1241666670000001,68.40928890655026,0.0,93.0,0.77,0.14516129032258066,17.532467532467532,1.124166667,False,offpeak,2022-07-07 12:00:00,12,3,False,2022-07-07,1.2246467991473532e-16,-1.0,0.43388373911755823,-0.900968867902419,0,0,0,93,0.13709677419354838,61.644722221,0.1442652329749104,57.571111108,0.11827956989247312,51.117500000999996,0.1039426523297491,52.313333333,0.12634408602150538,60.45666666700001,0.1332138590203106,0.013420933057741618,0.18167562724014338,True
445,105,12.916666666666666,59.49999999599999,9.0,1.1241666670000001,66.88791668200332,0.0,93.0,0.77,0.1388888888888889,16.774891774891774,1.124166667,False,offpeak,2022-07-07 13:00:00,13,3,False,2022-07-07,-0.2588190451025208,-0.9659258262890683,0.43388373911755823,-0.900968867902419,0,0,0,93,0.14516129032258066,60.85333333099999,0.13709677419354838,61.644722221,0.1442652329749104,57.571111108,0.12724014336917563,56.00000000400001,0.10125448028673835,43.351388888,0.14217443249701311,0.004420145933972836,0.18339307048984466,True
446,105,13.5,59.90055555199999,9.057222222,1.1241666670000001,67.33820788634017,0.0,93.0,0.77,0.14516129032258066,17.532467532467532,1.124166667,False,offpeak,2022-07-07 14:00:00,14,3,False,2022-07-07,-0.4999999999999997,-0.8660254037844388,0.43388373911755823,-0.900968867902419,0,0,0,93,0.1388888888888889,59.49999999599999,0.14516129032258066,60.85333333099999,0.13709677419354838,61.644722221,0.13172043010752688,56.00000000400001,0.0967741935483871,42.0,0.14038231780167262,0.004234601815636053,0.18387843488649938,True
447,105,12.666666666666666,66.500000004,9.999999996000001,1.1241666670000001,74.75708335999667,0.0,93.0,0.77,0.13620071684587812,16.45021645021645,1.1241666670000001,False,offpeak,2022-07-07 15:00:00,15,3,False,2022-07-07,-0.7071067811865471,-0.7071067811865479,0.43388373911755823,-0.900968867902419,0,0,0,93,0.14516129032258066,59.90055555199999,0.1388888888888889,59.49999999599999,0.14516129032258066,60.85333333099999,0.13172043010752688,56.400555559000004,0.09587813620071683,42.400555556,0.14307048984468337,0.0036213726562045676,0.1844384707287933,True
448,105,13.166666666666666,66.89861111500001,10.056944441,1.1241666670000001,75.2051886840787,0.0,93.0,0.77,0.14157706093189965,17.0995670995671,1.124166667,False,offpeak,2022-07-07 16:00:00,16,3,False,2022-07-07,-0.8660254037844385,-0.5000000000000004,0.43388373911755823,-0.900968867902419,0,0,0,93,0.13620071684587812,66.500000004,0.14516129032258066,59.90055555199999,0.1388888888888889,59.49999999599999,0.13082437275985662,61.644722223,0.13082437275985662,56.217777776999995,0.14008363201911586,0.004598209175129317,0.1846251493428913,True
449,105,13.75,72.426666666,10.693333335000002,1.1241666670000001,81.4196444678372,0.0,93.0,0.77,0.1478494623655914,17.857142857142858,1.1241666669999997,False,offpeak,2022-07-07 17:00:00,17,3,False,2022-07-07,-0.9659258262890683,-0.25881904510252063,0.43388373911755823,-0.900968867902419,0,0,0,93,0.14157706093189965,66.89861111500001,0.13620071684587812,66.500000004,0.14516129032258066,59.90055555199999,0.13709677419354838,68.29083333099999,0.13799283154121864,61.432777778,0.14097968936678615,0.004510056412943187,0.1850731780167264,True
450,105,12.083333333333334,69.401111108,9.914444441,1.1241666670000001,78.01841576037702,0.0,93.0,0.77,0.12992831541218638,15.692640692640692,1.124166667,False,offpeak,2022-07-07 18:00:00,18,3,False,2022-07-07,-1.0,-1.8369701987210297e-16,0.43388373911755823,-0.900968867902419,0,0,0,93,0.1478494623655914,72.426666666,0.14157706093189965,66.89861111500001,0.13620071684587812,66.500000004,0.14068100358422939,69.999999996,0.1532258064516129,63.817638888999994,0.14187574671445638,0.005830113887675419,0.18552120669056152,True
451,105,13.833333333333334,77.198333337,11.028333337,1.1241666670000001,86.78379308541027,0.0,93.0,0.77,0.14874551971326166,17.965367965367967,1.124166667,False,offpeak,2022-07-07 19:00:00,19,3,False,2022-07-07,-0.9659258262890684,0.2588190451025203,0.43388373911755823,-0.900968867902419,0,0,0,93,0.12992831541218638,69.401111108,0.1478494623655914,72.426666666,0.14157706093189965,66.89861111500001,0.1693548387096774,80.85388889000001,0.19265232974910396,93.521944443,0.13978494623655913,0.00909398885760835,0.1850731780167264,True
452,105,13.25,86.718333332,12.388333332000002,1.1241666670000001,97.48585974962945,0.0,93.0,0.77,0.1424731182795699,17.207792207792206,1.1241666670000001,False,offpeak,2022-07-07 20:00:00,20,3,False,2022-07-07,-0.8660254037844386,0.5000000000000001,0.43388373911755823,-0.900968867902419,0,0,0,93,0.14874551971326166,77.198333337,0.12992831541218638,69.401111108,0.1478494623655914,72.426666666,0.18548387096774194,87.73333333400001,0.21146953405017924,101.128611109,0.14217443249701314,0.010614907792064077,0.18421445639187575,True
453,105,15.083333333333334,90.999999996,12.999999996000001,1.1241666670000001,102.29916669250333,0.0,93.0,0.77,0.16218637992831542,19.58874458874459,1.1241666670000001,False,offpeak,2022-07-07 21:00:00,21,3,False,2022-07-07,-0.7071067811865477,0.7071067811865474,0.43388373911755823,-0.900968867902419,0,0,0,93,0.1424731182795699,86.718333332,0.14874551971326166,77.198333337,0.12992831541218638,69.401111108,0.21057347670250895,109.293333332,0.2186379928315412,105.999444444,0.14038231780167262,0.009581251453012913,0.18242234169653526,True
454,105,15.416666666666666,96.635000002,13.805000001999998,1.1241666670000001,108.63384586779331,0.0,93.0,0.77,0.1657706093189964,20.02164502164502,1.124166667,False,offpeak,2022-07-07 22:00:00,22,3,False,2022-07-07,-0.5000000000000004,0.8660254037844384,0.43388373911755823,-0.900968867902419,0,0,0,93,0.16218637992831542,90.999999996,0.1424731182795699,86.718333332,0.14874551971326166,77.198333337,0.23476702508960573,115.5,0.22939068100358423,112.182777779,0.15113500597371565,0.010071514516180364,0.18040621266427717,True
455,105,16.916666666666668,98.000000004,14.000000003999999,1.1241666670000001,110.16833337049664,0.0,93.0,0.77,0.18189964157706096,21.969696969696972,1.1241666669999997,False,offpeak,2022-07-07 23:00:00,23,3,False,2022-07-07,-0.25881904510252157,0.9659258262890681,0.43388373911755823,-0.900968867902419,0,0,0,93,0.1657706093189964,96.635000002,0.16218637992831542,90.999999996,0.1424731182795699,86.718333332,0.2553763440860215,127.52833335,0.19982078853046595,107.516111114,0.1568100358422939,0.012544802867382899,0.1775313620071685,True
456,105,16.833333333333332,98.000000004,14.000000003999999,1.1241666670000001,110.16833337049664,0.0,93.0,0.77,0.18100358422939067,21.86147186147186,1.1241666669999997,False,offpeak,2022-07-08 00:00:00,0,4,False,2022-07-08,0.0,1.0,-0.433883739117558,-0.9009688679024191,0,0,0,93,0.18189964157706096,98.000000004,0.1657706093189964,96.635000002,0.16218637992831542,90.999999996,0.23387096774193547,122.49999996000001,0.20340501792114696,101.499999996,0.1699522102747909,0.010500833829896163,0.17446983273596176,True
457,105,16.333333333333332,98.000000004,14.000000003999999,1.1241666670000001,110.16833337049664,0.0,93.0,0.77,0.17562724014336917,21.21212121212121,1.1241666669999997,False,offpeak,2022-07-08 01:00:00,1,4,False,2022-07-08,0.25881904510252074,0.9659258262890683,-0.433883739117558,-0.9009688679024191,0,0,0,93,0.18100358422939067,98.000000004,0.18189964157706096,98.000000004,0.1657706093189964,96.635000002,0.22670250896057345,122.49999996000001,0.2240143369175627,101.499999996,0.17622461170848266,0.009064510696232283,0.17226702508960576,True
458,105,16.583333333333332,102.46638888999999,14.638055557000001,1.1241666670000001,115.18929887799713,0.0,93.0,0.77,0.17831541218637992,21.536796536796533,1.1241666670000001,False,offpeak,2022-07-08 02:00:00,2,4,False,2022-07-08,0.49999999999999994,0.8660254037844387,-0.433883739117558,-0.9009688679024191,0,0,0,93,0.17562724014336917,98.000000004,0.18100358422939067,98.000000004,0.18189964157706096,98.000000004,0.24014336917562723,122.49999996000001,0.19444444444444442,100.514166663,0.17951015531660688,0.0033924183666658994,0.17013888888888887,True
459,105,17.25,105.0,15.0,1.1241666670000001,118.03750003500001,0.0,93.0,0.77,0.18548387096774194,22.4025974025974,1.1241666670000001,False,offpeak,2022-07-08 03:00:00,3,4,False,2022-07-08,0.7071067811865476,0.7071067811865476,-0.433883739117558,-0.9009688679024191,0,0,0,93,0.17831541218637992,102.46638888999999,0.17562724014336917,98.000000004,0.18100358422939067,98.000000004,0.2302867383512545,122.49999996000001,0.2025089605734767,94.5,0.17831541218637992,0.002688172043009492,0.16756272401433692,True
460,105,16.583333333333332,106.72861111,15.246944444,1.1241666670000001,119.98074702506787,0.0,93.0,0.77,0.17831541218637992,21.536796536796533,1.124166667,False,offpeak,2022-07-08 04:00:00,4,4,False,2022-07-08,0.8660254037844386,0.5000000000000001,-0.433883739117558,-0.9009688679024191,0,0,0,93,0.18548387096774194,105.0,0.17831541218637992,102.46638888999999,0.17562724014336917,98.000000004,0.21774193548387097,119.18861109100001,0.19982078853046595,91.182777779,0.17980884109916365,0.005095197762613483,0.16569593787335724,True
461,105,15.416666666666666,101.696388891,14.528055556999998,1.1241666670000001,114.32369054553126,0.0,93.0,0.77,0.1657706093189964,20.02164502164502,1.1241666669999997,False,offpeak,2022-07-08 05:00:00,5,4,False,2022-07-08,0.9659258262890683,0.25881904510252074,-0.433883739117558,-0.9009688679024191,0,0,0,93,0.17831541218637992,106.72861111,0.18548387096774194,105.0,0.17831541218637992,102.46638888999999,0.24641577060931902,115.5,0.19802867383512546,83.603333333,0.1807048984468339,0.00413871160709338,0.1640531660692951,True
462,105,16.333333333333332,98.000000004,14.000000003999999,1.1241666670000001,110.16833337049664,0.0,93.0,0.77,0.17562724014336917,21.21212121212121,1.1241666669999997,False,offpeak,2022-07-08 06:00:00,6,4,False,2022-07-08,1.0,6.123233995736766e-17,-0.433883739117558,-0.9009688679024191,0,0,0,93,0.1657706093189964,101.696388891,0.17831541218637992,106.72861111,0.18548387096774194,105.0,0.21774193548387097,109.851388892,0.18637992831541217,80.499999996,0.17652329749103943,0.009978072334820478,0.16069295101553166,True
463,105,15.0,91.24499999599999,13.034999996000002,1.1241666670000001,102.57458752591833,0.0,93.0,0.77,0.16129032258064516,19.48051948051948,1.1241666670000001,False,offpeak,2022-07-08 07:00:00,7,4,False,2022-07-08,0.9659258262890683,-0.25881904510252063,-0.433883739117558,-0.9009688679024191,0,0,0,93,0.17562724014336917,98.000000004,0.1657706093189964,101.696388891,0.17831541218637992,106.72861111,0.21057347670250895,107.52583333599999,0.14516129032258066,78.14916666299999,0.17323775388291515,0.006604941573325547,0.15893817204301075,True
464,105,12.916666666666666,73.676944443,10.525277776000001,1.1241666670000001,82.82516506923147,0.0,93.0,0.77,0.1388888888888889,16.774891774891774,1.124166667,False,offpeak,2022-07-08 08:00:00,8,4,False,2022-07-08,0.8660254037844387,-0.4999999999999998,-0.433883739117558,-0.9009688679024191,0,0,0,93,0.16129032258064516,91.24499999599999,0.17562724014336917,98.000000004,0.1657706093189964,101.696388891,0.17831541218637992,85.040277777,0.15143369175627241,71.753888886,0.1675627240143369,0.007334545494508698,0.1568847072879331,True
465,105,11.25,50.668333331999996,7.238333333,1.1241666670000001,56.95965140427944,0.0,93.0,0.77,0.12096774193548387,14.61038961038961,1.1241666670000001,False,offpeak,2022-07-08 09:00:00,9,4,False,2022-07-08,0.7071067811865476,-0.7071067811865475,-0.433883739117558,-0.9009688679024191,0,0,0,93,0.1388888888888889,73.676944443,0.16129032258064516,91.24499999599999,0.17562724014336917,98.000000004,0.11827956989247312,51.117500000999996,0.16666666666666666,78.965833333,0.15860215053763438,0.01851610960552996,0.15524193548387097,True
466,105,10.833333333333334,48.99999999599999,6.999999995999999,1.1241666670000001,55.08416667850332,0.0,93.0,0.77,0.11648745519713262,14.06926406926407,1.124166667,False,offpeak,2022-07-08 10:00:00,10,4,False,2022-07-08,0.49999999999999994,-0.8660254037844387,-0.433883739117558,-0.9009688679024191,0,0,0,93,0.12096774193548387,50.668333331999996,0.1388888888888889,73.676944443,0.16129032258064516,91.24499999599999,0.1442652329749104,57.571111108,0.18100358422939067,90.80166666299999,0.14038231780167262,0.020202731867485627,0.15535394265232974,True
467,105,9.0,48.99999999599999,6.999999995999999,1.1241666670000001,55.08416667850332,0.0,93.0,0.77,0.0967741935483871,11.688311688311687,1.124166667,False,offpeak,2022-07-08 11:00:00,11,4,False,2022-07-08,0.258819045102521,-0.9659258262890682,-0.433883739117558,-0.9009688679024191,0,0,0,93,0.11648745519713262,48.99999999599999,0.12096774193548387,50.668333331999996,0.1388888888888889,73.676944443,0.13709677419354838,61.644722221,0.1899641577060932,90.999999996,0.12544802867383512,0.011853724511937174,0.15419653524492233,True
468,105,9.0,46.859166664,6.694166664,1.1241666670000001,52.677513207066376,0.0,93.0,0.77,0.0967741935483871,11.688311688311687,1.1241666669999997,False,offpeak,2022-07-08 12:00:00,12,4,False,2022-07-08,1.2246467991473532e-16,-1.0,-0.433883739117558,-0.9009688679024191,0,0,0,93,0.0967741935483871,48.99999999599999,0.11648745519713262,48.99999999599999,0.12096774193548387,50.668333331999996,0.14516129032258066,60.85333333099999,0.19086021505376344,87.103333332,0.11140979689366785,0.012871243384954307,0.15251642771804064,True
469,105,8.583333333333334,46.091111111000004,6.862777778000001,1.1241666670000001,51.814090755979535,0.0,93.0,0.77,0.09229390681003585,11.147186147186147,1.124166667,False,offpeak,2022-07-08 13:00:00,13,4,False,2022-07-08,-0.2588190451025208,-0.9659258262890683,-0.433883739117558,-0.9009688679024191,0,0,0,93,0.0967741935483871,46.859166664,0.0967741935483871,48.99999999599999,0.11648745519713262,48.99999999599999,0.1388888888888889,59.49999999599999,0.1792114695340502,82.432777778,0.10334528076463557,0.011381456919507487,0.15050029868578255,True
470,105,11.583333333333334,60.781388885999995,9.183055554000001,1.1241666670000001,68.32841135960545,0.0,93.0,0.77,0.12455197132616488,15.043290043290044,1.124166667,False,offpeak,2022-07-08 14:00:00,14,4,False,2022-07-08,-0.4999999999999997,-0.8660254037844388,-0.433883739117558,-0.9009688679024191,0,0,0,93,0.09229390681003585,46.091111111000004,0.0967741935483871,46.859166664,0.0967741935483871,48.99999999599999,0.14516129032258066,59.90055555199999,0.1478494623655914,74.279722224,0.09528076463560332,0.0025866947544278354,0.14855884109916367,True
471,105,11.666666666666666,59.875277776999994,9.053611110999999,1.1241666670000001,67.30979145426926,0.0,93.0,0.77,0.12544802867383512,15.15151515151515,1.1241666670000001,False,offpeak,2022-07-08 15:00:00,15,4,False,2022-07-08,-0.7071067811865471,-0.7071067811865479,-0.433883739117558,-0.9009688679024191,0,0,0,93,0.12455197132616488,60.781388885999995,0.09229390681003585,46.091111111000004,0.0967741935483871,46.859166664,0.13620071684587812,66.500000004,0.14605734767025091,71.565277775,0.1045400238948626,0.017475032827131892,0.14770011947431302,True
472,105,9.0,45.74888889300001,7.035555551999998,1.1241666670000001,51.42937594579713,0.0,93.0,0.77,0.0967741935483871,11.688311688311687,1.124166667,False,offpeak,2022-07-08 16:00:00,16,4,False,2022-07-08,-0.8660254037844385,-0.5000000000000004,-0.433883739117558,-0.9009688679024191,0,0,0,93,0.12544802867383512,59.875277776999994,0.12455197132616488,60.781388885999995,0.09229390681003585,46.091111111000004,0.14157706093189965,66.89861111500001,0.16845878136200715,77.000000004,0.1140979689366786,0.01888818608573691,0.14725209080047788,True
473,105,9.166666666666666,45.500000004,6.999999995999999,1.1241666670000001,51.149583352996665,0.0,93.0,0.77,0.0985663082437276,11.904761904761903,1.124166667,False,offpeak,2022-07-08 17:00:00,17,4,False,2022-07-08,-0.9659258262890683,-0.25881904510252063,-0.433883739117558,-0.9009688679024191,0,0,0,93,0.0967741935483871,45.74888889300001,0.12544802867383512,59.875277776999994,0.12455197132616488,60.781388885999995,0.1478494623655914,72.426666666,0.17293906810035842,85.28819444499999,0.11559139784946233,0.016302334586612337,0.1453853046594982,True
474,105,10.083333333333334,56.449166667,8.564166668,1.1241666670000001,63.458271546968895,0.0,93.0,0.77,0.10842293906810037,13.095238095238095,1.1241666670000001,False,offpeak,2022-07-08 18:00:00,18,4,False,2022-07-08,-1.0,-1.8369701987210297e-16,-0.433883739117558,-0.9009688679024191,0,0,0,93,0.0985663082437276,45.500000004,0.0967741935483871,45.74888889300001,0.12544802867383512,59.875277776999994,0.12992831541218638,69.401111108,0.19623655913978494,102.28361111100001,0.10692951015531658,0.016062520501491057,0.14333183990442055,True
475,105,12.416666666666666,70.396666668,10.556666667,1.1241666670000001,79.13758613607556,0.0,93.0,0.77,0.13351254480286737,16.125541125541126,1.1241666670000001,False,offpeak,2022-07-08 19:00:00,19,4,False,2022-07-08,-0.9659258262890684,0.2588190451025203,-0.433883739117558,-0.9009688679024191,0,0,0,93,0.10842293906810037,56.449166667,0.0985663082437276,45.500000004,0.0967741935483871,45.74888889300001,0.14874551971326166,77.198333337,0.21774193548387097,101.11499999899999,0.10125448028673834,0.006272401433689396,0.1424357825567503,True
476,105,13.583333333333334,75.05944444400001,11.222777781,1.1241666670000001,84.37932548748313,0.0,93.0,0.77,0.14605734767025091,17.64069264069264,1.1241666669999997,False,offpeak,2022-07-08 20:00:00,20,4,False,2022-07-08,-0.8660254037844386,0.5000000000000001,-0.433883739117558,-0.9009688679024191,0,0,0,93,0.13351254480286737,70.396666668,0.10842293906810037,56.449166667,0.0985663082437276,45.500000004,0.1424731182795699,86.718333332,0.22849462365591397,103.24416666500001,0.11350059737156509,0.018017958341523355,0.1418010752688172,True
477,105,15.916666666666666,89.640833334,13.305833334000003,1.1241666670000001,100.7712368361853,0.0,93.0,0.77,0.17114695340501793,20.67099567099567,1.1241666670000001,False,offpeak,2022-07-08 21:00:00,21,4,False,2022-07-08,-0.7071067811865477,0.7071067811865474,-0.433883739117558,-0.9009688679024191,0,0,0,93,0.14605734767025091,75.05944444400001,0.13351254480286737,70.396666668,0.10842293906810037,56.449166667,0.16218637992831542,90.999999996,0.21146953405017924,101.499999996,0.12933094384707286,0.01916250290602742,0.1419504181600956,True
478,105,14.666666666666666,86.306111113,12.829444441,1.1241666670000001,97.02245327163287,0.0,93.0,0.77,0.15770609318996415,19.047619047619047,1.124166667,False,offpeak,2022-07-08 22:00:00,22,4,False,2022-07-08,-0.5000000000000004,0.8660254037844384,-0.433883739117558,-0.9009688679024191,0,0,0,93,0.17114695340501793,89.640833334,0.14605734767025091,75.05944444400001,0.13351254480286737,70.396666668,0.1657706093189964,96.635000002,0.18906810035842292,101.184999996,0.1502389486260454,0.019162502906027567,0.14232377538829152,True
479,105,15.416666666666666,90.80555555800001,13.472222221999996,1.1241666670000001,102.08057873672018,0.0,93.0,0.77,0.1657706093189964,20.02164502164502,1.124166667,False,offpeak,2022-07-08 23:00:00,23,4,False,2022-07-08,-0.25881904510252157,0.9659258262890681,-0.433883739117558,-0.9009688679024191,0,0,0,93,0.15770609318996415,86.306111113,0.17114695340501793,89.640833334,0.14605734767025091,75.05944444400001,0.18189964157706096,98.000000004,0.19982078853046595,94.29875,0.15830346475507764,0.012555465685174854,0.14198775388291518,True
480,105,17.833333333333332,100.14472221899999,14.806388890000001,1.1241666670000001,112.57935859457405,0.0,93.0,0.77,0.19175627240143367,23.16017316017316,1.124166667,False,offpeak,2022-07-09 00:00:00,0,5,True,2022-07-09,0.0,1.0,-0.9749279121818236,-0.2225209339563146,0,0,0,93,0.1657706093189964,90.80555555800001,0.15770609318996415,86.306111113,0.17114695340501793,89.640833334,0.18100358422939067,98.000000004,0.1935483870967742,90.999999996,0.16487455197132614,0.0067650846194172954,0.1413157108721625,True
481,105,15.916666666666666,101.499999996,15.0,1.1241666670000001,114.1029166960033,0.0,93.0,0.77,0.17114695340501793,20.67099567099567,1.1241666669999997,False,offpeak,2022-07-09 01:00:00,1,5,True,2022-07-09,0.25881904510252074,0.9659258262890683,-0.9749279121818236,-0.2225209339563146,0,0,0,93,0.19175627240143367,100.14472221899999,0.1657706093189964,90.80555555800001,0.15770609318996415,86.306111113,0.17562724014336917,98.000000004,0.18010752688172044,84.206111111,0.17174432497013137,0.01779375269845428,0.1417637395459976,True
482,105,16.666666666666668,101.499999996,15.0,1.1241666670000001,114.1029166960033,0.0,93.0,0.77,0.1792114695340502,21.645021645021647,1.1241666669999997,False,offpeak,2022-07-09 02:00:00,2,5,True,2022-07-09,0.49999999999999994,0.8660254037844387,-0.9749279121818236,-0.2225209339563146,0,0,0,93,0.17114695340501793,101.499999996,0.19175627240143367,100.14472221899999,0.1657706093189964,90.80555555800001,0.17831541218637992,102.46638888999999,0.18727598566308246,84.0,0.17622461170848266,0.013716801079097686,0.14157706093189965,True
483,105,17.083333333333332,103.65055555400001,15.307222221000002,1.1241666670000001,116.52049956983852,0.0,93.0,0.77,0.18369175627240142,22.186147186147185,1.124166667,False,offpeak,2022-07-09 03:00:00,3,5,True,2022-07-09,0.7071067811865476,0.7071067811865476,-0.9749279121818236,-0.2225209339563146,0,0,0,93,0.1792114695340502,101.499999996,0.17114695340501793,101.499999996,0.19175627240143367,100.14472221899999,0.18548387096774194,105.0,0.1603942652329749,84.0,0.1807048984468339,0.010385506959804738,0.14161439665471923,True
484,105,17.083333333333332,104.605277777,15.443611108999999,1.1241666670000001,117.59376646917923,0.0,93.0,0.77,0.18369175627240142,22.186147186147185,1.1241666669999997,False,offpeak,2022-07-09 04:00:00,4,5,True,2022-07-09,0.8660254037844386,0.5000000000000001,-0.9749279121818236,-0.2225209339563146,0,0,0,93,0.18369175627240142,103.65055555400001,0.1792114695340502,101.499999996,0.17114695340501793,101.499999996,0.17831541218637992,106.72861111,0.17831541218637992,81.853333334,0.17801672640382316,0.006357167459316203,0.14153972520908004,True
485,105,17.5,98.19055555400001,14.527222223999997,1.1241666670000001,110.3825495680185,0.0,93.0,0.77,0.1881720430107527,22.727272727272727,1.1241666669999997,False,offpeak,2022-07-09 05:00:00,5,5,True,2022-07-09,0.9659258262890683,0.25881904510252074,-0.9749279121818236,-0.2225209339563146,0,0,0,93,0.18369175627240142,104.605277777,0.18369175627240142,103.65055555400001,0.1792114695340502,101.499999996,0.1657706093189964,101.696388891,0.17293906810035842,78.18416667000001,0.18219832735961763,0.0025866947544325985,0.1417637395459976,True
486,105,15.583333333333334,94.5,14.000000003999999,1.1241666670000001,106.2337500315,0.0,93.0,0.77,0.16756272401433692,20.238095238095237,1.124166667,False,offpeak,2022-07-09 06:00:00,6,5,True,2022-07-09,1.0,6.123233995736766e-17,-0.9749279121818236,-0.2225209339563146,0,0,0,93,0.1881720430107527,98.19055555400001,0.18369175627240142,104.605277777,0.18369175627240142,103.65055555400001,0.17562724014336917,98.000000004,0.17114695340501793,77.000000004,0.18518518518518515,0.002586694754432887,0.14269713261648745,True
487,105,14.833333333333334,90.60527778000001,13.443611111000003,1.1241666670000001,101.85543313455177,0.0,93.0,0.77,0.15949820788530467,19.264069264069263,1.1241666670000001,False,offpeak,2022-07-09 07:00:00,7,5,True,2022-07-09,0.9659258262890683,-0.25881904510252063,-0.9749279121818236,-0.2225209339563146,0,0,0,93,0.16756272401433692,94.5,0.1881720430107527,98.19055555400001,0.18369175627240142,104.605277777,0.16129032258064516,91.24499999599999,0.14516129032258066,77.000000004,0.17980884109916365,0.010839454785916077,0.14236111111111113,True
488,105,14.083333333333334,88.861111113,13.194444444000002,1.1241666670000001,99.89469910581786,0.0,93.0,0.77,0.15143369175627241,18.29004329004329,1.124166667,False,offpeak,2022-07-09 08:00:00,8,5,True,2022-07-09,0.8660254037844387,-0.4999999999999998,-0.9749279121818236,-0.2225209339563146,0,0,0,93,0.15949820788530467,90.60527778000001,0.16756272401433692,94.5,0.1881720430107527,98.19055555400001,0.1388888888888889,73.676944443,0.16129032258064516,77.000000004,0.1717443249701314,0.014787208834511675,0.14228643966547191,True
489,105,12.166666666666666,71.821944446,10.760277775999999,1.1241666670000001,80.73983590531898,0.0,93.0,0.77,0.13082437275985662,15.8008658008658,1.124166667,False,offpeak,2022-07-09 09:00:00,9,5,True,2022-07-09,0.7071067811865476,-0.7071067811865475,-0.9749279121818236,-0.2225209339563146,0,0,0,93,0.15143369175627241,88.861111113,0.15949820788530467,90.60527778000001,0.16756272401433692,94.5,0.12096774193548387,50.668333331999996,0.1639784946236559,79.73972222500001,0.15949820788530464,0.008064516129031292,0.14280913978494622,True
490,105,14.916666666666666,80.499999996,12.0,1.1241666670000001,90.49541668900332,0.0,93.0,0.77,0.1603942652329749,19.37229437229437,1.124166667,False,offpeak,2022-07-09 10:00:00,10,5,True,2022-07-09,0.49999999999999994,-0.8660254037844387,-0.9749279121818236,-0.2225209339563146,0,0,0,93,0.13082437275985662,71.821944446,0.15143369175627241,88.861111113,0.15949820788530467,90.60527778000001,0.11648745519713262,48.99999999599999,0.17383512544802868,76.79972222399999,0.14725209080047788,0.014787208834511328,0.14321983273596178,True
491,105,15.166666666666666,88.29333333299999,13.113333333999996,1.1241666670000001,99.25642225127861,0.0,93.0,0.77,0.16308243727598565,19.696969696969695,1.1241666670000001,False,offpeak,2022-07-09 11:00:00,11,5,True,2022-07-09,0.258819045102521,-0.9659258262890682,-0.9749279121818236,-0.2225209339563146,0,0,0,93,0.1603942652329749,80.499999996,0.13082437275985662,71.821944446,0.15143369175627241,88.861111113,0.0967741935483871,48.99999999599999,0.15770609318996415,73.896666667,0.14755077658303462,0.015162533030461752,0.14504928315412188,True
492,105,12.833333333333334,82.743888887,12.320555555,1.1241666670000001,93.01792178471712,0.0,93.0,0.77,0.13799283154121864,16.666666666666668,1.124166667,False,offpeak,2022-07-09 12:00:00,12,5,True,2022-07-09,1.2246467991473532e-16,-1.0,-0.9749279121818236,-0.2225209339563146,0,0,0,93,0.16308243727598565,88.29333333299999,0.1603942652329749,80.499999996,0.13082437275985662,71.821944446,0.0967741935483871,46.859166664,0.1532258064516129,77.000000004,0.1514336917562724,0.01789873150128817,0.1478121266427718,True
493,105,13.916666666666666,80.499999996,12.0,1.1241666670000001,90.49541668900332,0.0,93.0,0.77,0.1496415770609319,18.073593073593074,1.124166667,False,offpeak,2022-07-09 13:00:00,13,5,True,2022-07-09,-0.2588190451025208,-0.9659258262890683,-0.9749279121818236,-0.2225209339563146,0,0,0,93,0.13799283154121864,82.743888887,0.16308243727598565,88.29333333299999,0.1603942652329749,80.499999996,0.09229390681003585,46.091111111000004,0.16129032258064516,80.40374999599999,0.15382317801672638,0.013775212135722425,0.1495295698924731,True
494,105,13.833333333333334,79.82722222,11.751111110999998,1.1241666670000001,89.73910233892573,0.0,93.0,0.77,0.14874551971326166,17.965367965367967,1.124166667,False,offpeak,2022-07-09 14:00:00,14,5,True,2022-07-09,-0.4999999999999997,-0.8660254037844388,-0.9749279121818236,-0.2225209339563146,0,0,0,93,0.1496415770609319,80.499999996,0.13799283154121864,82.743888887,0.16308243727598565,88.29333333299999,0.12455197132616488,60.781388885999995,0.1792114695340502,78.26486111,0.1502389486260454,0.012555465685174681,0.1519190561529271,True
495,105,13.25,81.76194444500001,11.750000000999998,1.1241666670000001,91.9140525741748,0.0,93.0,0.77,0.1424731182795699,17.207792207792206,1.1241666669999997,False,offpeak,2022-07-09 15:00:00,15,5,True,2022-07-09,-0.7071067811865471,-0.7071067811865479,-0.9749279121818236,-0.2225209339563146,0,0,0,93,0.14874551971326166,79.82722222,0.1496415770609319,80.499999996,0.13799283154121864,82.743888887,0.12544802867383512,59.875277776999994,0.17114695340501793,77.000000004,0.1454599761051374,0.006482238474971675,0.15292712066905614,True
496,105,14.166666666666666,82.640833332,12.305833332000002,1.1241666670000001,92.90207016493694,0.0,93.0,0.77,0.15232974910394265,18.398268398268396,1.124166667,False,offpeak,2022-07-09 16:00:00,16,5,True,2022-07-09,-0.8660254037844385,-0.5000000000000004,-0.9749279121818236,-0.2225209339563146,0,0,0,93,0.1424731182795699,81.76194444500001,0.14874551971326166,79.82722222,0.1496415770609319,80.499999996,0.0967741935483871,45.74888889300001,0.1657706093189964,72.523888888,0.14695340501792112,0.0039058234261090427,0.15363649940262844,True
497,105,15.583333333333334,90.79388889,13.35888889,1.1241666670000001,102.06746345743962,0.0,93.0,0.77,0.16756272401433692,20.238095238095237,1.1241666669999997,False,offpeak,2022-07-09 17:00:00,17,5,True,2022-07-09,-0.9659258262890683,-0.25881904510252063,-0.9749279121818236,-0.2225209339563146,0,0,0,93,0.15232974910394265,82.640833332,0.1424731182795699,81.76194444500001,0.14874551971326166,79.82722222,0.0985663082437276,45.500000004,0.16308243727598565,67.761944445,0.14784946236559138,0.0049890361674083655,0.15595131421744327,True
498,105,13.0,76.609166668,10.944166668000001,1.1241666670000001,86.12147155481303,0.0,93.0,0.77,0.13978494623655913,16.883116883116884,1.1241666669999997,False,offpeak,2022-07-09 18:00:00,18,5,True,2022-07-09,-1.0,-1.8369701987210297e-16,-0.9749279121818236,-0.2225209339563146,0,0,0,93,0.16756272401433692,90.79388889,0.15232974910394265,82.640833332,0.1424731182795699,81.76194444500001,0.10842293906810037,56.449166667,0.15053763440860216,66.500000004,0.15412186379928314,0.012640444426223234,0.15882616487455195,True
499,105,12.25,75.05555555499998,10.722222222,1.1241666670000001,84.37495372809767,0.0,93.0,0.77,0.13172043010752688,15.909090909090908,1.124166667,False,offpeak,2022-07-09 19:00:00,19,5,True,2022-07-09,-0.9659258262890684,0.2588190451025203,-0.9749279121818236,-0.2225209339563146,0,0,0,93,0.13978494623655913,76.609166668,0.16756272401433692,90.79388889,0.15232974910394265,82.640833332,0.13351254480286737,70.396666668,0.14157706093189965,60.507222219999996,0.15322580645161288,0.013910550803099758,0.16013291517323777,True
500,105,14.0,90.74333333,12.963333330000001,1.1241666670000001,102.01063058205611,0.0,93.0,0.77,0.15053763440860216,18.18181818181818,1.124166667,False,offpeak,2022-07-09 20:00:00,20,5,True,2022-07-09,-0.8660254037844386,0.5000000000000001,-0.9749279121818236,-0.2225209339563146,0,0,0,93,0.13172043010752688,75.05555555499998,0.13978494623655913,76.609166668,0.16756272401433692,90.79388889,0.14605734767025091,75.05944444400001,0.14336917562724014,63.595,0.1463560334528076,0.01880297578917165,0.16005824372759855,True
501,105,15.666666666666666,96.844999996,14.113333332,1.1241666670000001,108.86992086111829,0.0,93.0,0.77,0.16845878136200715,20.346320346320343,1.1241666669999995,False,offpeak,2022-07-09 21:00:00,21,5,True,2022-07-09,-0.7071067811865477,0.7071067811865474,-0.9749279121818236,-0.2225209339563146,0,0,0,93,0.15053763440860216,90.74333333,0.13172043010752688,75.05555555499998,0.13978494623655913,76.609166668,0.17114695340501793,89.640833334,0.14336917562724014,70.441388888,0.14068100358422936,0.009440549957752068,0.16024492234169654,True
502,105,16.583333333333332,101.499999996,15.0,1.1241666670000001,114.1029166960033,0.0,93.0,0.77,0.17831541218637992,21.536796536796533,1.1241666669999997,False,offpeak,2022-07-09 22:00:00,22,5,True,2022-07-09,-0.5000000000000004,0.8660254037844384,-0.9749279121818236,-0.2225209339563146,0,0,0,93,0.16845878136200715,96.844999996,0.15053763440860216,90.74333333,0.13172043010752688,75.05555555499998,0.15770609318996415,86.306111113,0.17652329749103943,89.051666667,0.1502389486260454,0.018370996791733988,0.16013291517323774,True
503,105,15.916666666666666,103.64083333200001,15.305833332000002,1.1241666670000001,116.50957017193694,0.0,93.0,0.77,0.17114695340501793,20.67099567099567,1.124166667,False,offpeak,2022-07-09 23:00:00,23,5,True,2022-07-09,-0.25881904510252157,0.9659258262890681,-0.9749279121818236,-0.2225209339563146,0,0,0,93,0.17831541218637992,101.499999996,0.16845878136200715,96.844999996,0.15053763440860216,90.74333333,0.1657706093189964,90.80555555800001,0.16218637992831542,84.849722225,0.16577060931899637,0.01408264663575387,0.1609916367980884,True
504,105,17.0,108.500000004,15.999999996000001,1.1241666670000001,121.97208337399665,0.0,93.0,0.77,0.1827956989247312,22.07792207792208,1.124166667,False,offpeak,2022-07-10 00:00:00,0,6,True,2022-07-10,0.0,1.0,-0.7818314824680299,0.6234898018587334,0,0,0,93,0.17114695340501793,103.64083333200001,0.17831541218637992,101.499999996,0.16845878136200715,96.844999996,0.19175627240143367,100.14472221899999,0.16756272401433692,77.983888892,0.17264038231780165,0.005095197762613559,0.16121565113500597,True
505,105,19.166666666666668,119.488055561,17.569722223,1.1241666670000001,134.32448916632018,0.0,93.0,0.77,0.2060931899641577,24.891774891774894,1.124166667,False,offpeak,2022-07-10 01:00:00,1,6,True,2022-07-10,0.25881904510252074,0.9659258262890683,-0.7818314824680299,0.6234898018587334,0,0,0,93,0.1827956989247312,108.500000004,0.17114695340501793,103.64083333200001,0.17831541218637992,101.499999996,0.17114695340501793,101.499999996,0.17473118279569894,84.0,0.17741935483870966,0.0058758409715965665,0.16084229390681,True
506,105,19.916666666666668,129.50000004,18.999999996,1.1241666670000001,145.57958342146665,0.0,93.0,0.77,0.21415770609319,25.865800865800868,1.124166667,False,offpeak,2022-07-10 02:00:00,2,6,True,2022-07-10,0.49999999999999994,0.8660254037844387,-0.7818314824680299,0.6234898018587334,0,0,0,93,0.2060931899641577,119.488055561,0.1827956989247312,108.500000004,0.17114695340501793,103.64083333200001,0.1792114695340502,101.499999996,0.16756272401433692,84.0,0.18667861409796893,0.01779375269845467,0.1622983870967742,True
507,105,21.25,129.50000004,18.999999996,1.1241666670000001,145.57958342146665,0.0,93.0,0.77,0.22849462365591397,27.597402597402596,1.124166667,False,offpeak,2022-07-10 03:00:00,3,6,True,2022-07-10,0.7071067811865476,0.7071067811865476,-0.7818314824680299,0.6234898018587334,0,0,0,93,0.21415770609319,129.50000004,0.2060931899641577,119.488055561,0.1827956989247312,108.500000004,0.18369175627240142,103.65055555400001,0.18369175627240142,89.23638888699999,0.20101553166069294,0.016285909056410877,0.16375448028673834,True
508,105,18.416666666666668,124.43277776000002,18.276111110000002,1.1241666670000001,139.88318104001095,0.0,93.0,0.77,0.19802867383512546,23.91774891774892,1.1241666670000001,False,offpeak,2022-07-10 04:00:00,4,6,True,2022-07-10,0.8660254037844386,0.5000000000000001,-0.7818314824680299,0.6234898018587334,0,0,0,93,0.22849462365591397,129.50000004,0.21415770609319,129.50000004,0.2060931899641577,119.488055561,0.18369175627240142,104.605277777,0.18637992831541217,81.853333334,0.2162485065710872,0.011346128980420657,0.16562126642771804,True
509,105,20.25,118.607222206,17.443888891,1.1241666670000001,133.33428566944738,0.0,93.0,0.77,0.21774193548387097,26.2987012987013,1.1241666669999997,False,offpeak,2022-07-10 05:00:00,5,6,True,2022-07-10,0.9659258262890683,0.25881904510252074,-0.7818314824680299,0.6234898018587334,0,0,0,93,0.19802867383512546,124.43277776000002,0.22849462365591397,129.50000004,0.21415770609319,129.50000004,0.1881720430107527,98.19055555400001,0.14874551971326166,70.95472222400001,0.21356033452807646,0.015241757254687719,0.16621863799283154,True
510,105,18.833333333333332,119.38694442,17.555277779,1.1241666670000001,134.21082339194564,0.0,93.0,0.77,0.2025089605734767,24.458874458874458,1.124166667,False,offpeak,2022-07-10 06:00:00,6,6,True,2022-07-10,1.0,6.123233995736766e-17,-0.7818314824680299,0.6234898018587334,0,0,0,93,0.21774193548387097,118.607222206,0.19802867383512546,124.43277776000002,0.22849462365591397,129.50000004,0.16756272401433692,94.5,0.15412186379928317,63.0,0.21475507765830346,0.015451036029125594,0.16745071684587812,True
511,105,20.083333333333332,122.49999996000001,18.0,1.1241666670000001,137.71041666253333,0.0,93.0,0.77,0.21594982078853045,26.08225108225108,1.124166667,False,offpeak,2022-07-10 07:00:00,7,6,True,2022-07-10,0.9659258262890683,-0.25881904510252063,-0.7818314824680299,0.6234898018587334,0,0,0,93,0.2025089605734767,119.38694442,0.21774193548387097,118.607222206,0.19802867383512546,124.43277776000002,0.15949820788530467,90.60527778000001,0.1424731182795699,52.869444441999995,0.20609318996415768,0.010333837450422606,0.1689068100358423,True
512,105,18.0,112.57166665,16.581666666,1.1241666670000001,126.54931529656552,0.0,93.0,0.77,0.1935483870967742,23.376623376623375,1.1241666669999997,False,offpeak,2022-07-10 08:00:00,8,6,True,2022-07-10,0.8660254037844387,-0.4999999999999998,-0.7818314824680299,0.6234898018587334,0,0,0,93,0.21594982078853045,122.49999996000001,0.2025089605734767,119.38694442,0.21774193548387097,118.607222206,0.15143369175627241,88.861111113,0.12992831541218638,51.91666666599999,0.2120669056152927,0.008325782475966732,0.1712589605734767,True
513,105,16.916666666666668,104.99416666599998,15.499166665,1.1241666670000001,118.03094239535969,0.0,93.0,0.77,0.18189964157706096,21.969696969696972,1.124166667,False,offpeak,2022-07-10 09:00:00,9,6,True,2022-07-10,0.7071067811865476,-0.7071067811865475,-0.7818314824680299,0.6234898018587334,0,0,0,93,0.1935483870967742,112.57166665,0.21594982078853045,122.49999996000001,0.2025089605734767,119.38694442,0.13082437275985662,71.821944446,0.10663082437275985,45.101388887,0.20400238948626045,0.011275141032364346,0.1730137395459976,True
514,105,16.583333333333332,101.499999996,15.0,1.1241666670000001,114.1029166960033,0.0,93.0,0.77,0.17831541218637992,21.536796536796533,1.1241666669999997,False,offpeak,2022-07-10 10:00:00,10,6,True,2022-07-10,0.49999999999999994,-0.8660254037844387,-0.7818314824680299,0.6234898018587334,0,0,0,93,0.18189964157706096,104.99416666599998,0.1935483870967742,112.57166665,0.21594982078853045,122.49999996000001,0.1603942652329749,80.499999996,0.10304659498207885,38.101388891000006,0.19713261648745517,0.01730574186006116,0.17514187574671447,True
515,105,17.166666666666668,103.04388888700001,15.220555555,1.1241666670000001,115.83850512481712,0.0,93.0,0.77,0.1845878136200717,22.294372294372295,1.124166667,False,offpeak,2022-07-10 11:00:00,11,6,True,2022-07-10,0.258819045102521,-0.9659258262890682,-0.7818314824680299,0.6234898018587334,0,0,0,93,0.17831541218637992,101.499999996,0.18189964157706096,104.99416666599998,0.1935483870967742,112.57166665,0.16308243727598565,88.29333333299999,0.08602150537634409,29.928888886999992,0.18458781362007168,0.00796433191515741,0.17588859020310632,True
516,105,17.416666666666668,108.500000004,15.999999996000001,1.1241666670000001,121.97208337399665,0.0,93.0,0.77,0.18727598566308246,22.61904761904762,1.124166667,False,offpeak,2022-07-10 12:00:00,12,6,True,2022-07-10,1.2246467991473532e-16,-1.0,-0.7818314824680299,0.6234898018587334,0,0,0,93,0.1845878136200717,103.04388888700001,0.17831541218637992,101.499999996,0.18189964157706096,104.99416666599998,0.13799283154121864,82.743888887,0.08243727598566308,30.496666665999992,0.1816009557945042,0.0031468499859176645,0.1767846475507766,True
517,105,18.416666666666668,106.54777778100001,15.721111108,1.1241666670000001,119.7774602243234,0.0,93.0,0.77,0.19802867383512546,23.91774891774892,1.1241666669999997,False,offpeak,2022-07-10 13:00:00,13,6,True,2022-07-10,-0.2588190451025208,-0.9659258262890683,-0.7818314824680299,0.6234898018587334,0,0,0,93,0.18727598566308246,108.500000004,0.1845878136200717,103.04388888700001,0.17831541218637992,101.499999996,0.1496415770609319,80.499999996,0.10752688172043011,34.436111112,0.18339307048984468,0.004598209175131673,0.17883811230585425,True
518,105,15.5,94.5,14.000000003999999,1.1241666670000001,106.2337500315,0.0,93.0,0.77,0.16666666666666666,20.12987012987013,1.124166667,False,offpeak,2022-07-10 14:00:00,14,6,True,2022-07-10,-0.4999999999999997,-0.8660254037844388,-0.7818314824680299,0.6234898018587334,0,0,0,93,0.19802867383512546,106.54777778100001,0.18727598566308246,108.500000004,0.1845878136200717,103.04388888700001,0.14874551971326166,79.82722222,0.0949820788530466,37.125277778,0.18996415770609318,0.007112234707163208,0.18085424133811231,True
519,105,15.833333333333334,87.892777779,13.05611111,1.1241666670000001,98.80613104919009,0.0,93.0,0.77,0.17025089605734767,20.562770562770563,1.124166667,False,offpeak,2022-07-10 15:00:00,15,6,True,2022-07-10,-0.7071067811865471,-0.7071067811865479,-0.7818314824680299,0.6234898018587334,0,0,0,93,0.16666666666666666,94.5,0.19802867383512546,106.54777778100001,0.18727598566308246,108.500000004,0.1424731182795699,81.76194444500001,0.07526881720430108,27.999999995999996,0.18399044205495818,0.015937062809981035,0.18160095579450417,True
520,105,11.5,70.482222224,10.568888889000002,1.1241666670000001,79.2337648403074,0.0,93.0,0.77,0.12365591397849462,14.935064935064934,1.124166667,False,offpeak,2022-07-10 16:00:00,16,6,True,2022-07-10,-0.8660254037844385,-0.5000000000000004,-0.7818314824680299,0.6234898018587334,0,0,0,93,0.17025089605734767,87.892777779,0.16666666666666666,94.5,0.19802867383512546,106.54777778100001,0.15232974910394265,82.640833332,0.07885304659498207,27.999999995999996,0.17831541218637992,0.017165989301673762,0.18275836320191155,True
521,105,13.666666666666666,71.36888889000001,10.695555555,1.1241666670000001,80.23052595096462,0.0,93.0,0.77,0.14695340501792115,17.748917748917748,1.1241666669999997,False,offpeak,2022-07-10 17:00:00,17,6,True,2022-07-10,-0.9659258262890683,-0.25881904510252063,-0.7818314824680299,0.6234898018587334,0,0,0,93,0.12365591397849462,70.482222224,0.17025089605734767,87.892777779,0.16666666666666666,94.5,0.16756272401433692,90.79388889,0.07706093189964158,31.309444444000007,0.15352449223416964,0.025928953899892918,0.18156362007168458,True
522,105,13.416666666666666,77.196388887,11.528055556999998,1.1241666670000001,86.78160719953463,0.0,93.0,0.77,0.1442652329749104,17.424242424242422,1.1241666670000001,False,offpeak,2022-07-10 18:00:00,18,6,True,2022-07-10,-1.0,-1.8369701987210297e-16,-0.7818314824680299,0.6234898018587334,0,0,0,93,0.14695340501792115,71.36888889000001,0.12365591397849462,70.482222224,0.17025089605734767,87.892777779,0.13978494623655913,76.609166668,0.10483870967741936,47.286944442999996,0.14695340501792112,0.023297491039425987,0.18070489844683393,True
523,105,14.0,73.5,11.000000003999999,1.1241666670000001,82.6262500245,0.0,93.0,0.77,0.15053763440860216,18.18181818181818,1.124166667,False,offpeak,2022-07-10 19:00:00,19,6,True,2022-07-10,-0.9659258262890684,0.2588190451025203,-0.7818314824680299,0.6234898018587334,0,0,0,93,0.1442652329749104,77.196388887,0.14695340501792115,71.36888889000001,0.12365591397849462,70.482222224,0.13172043010752688,75.05555555499998,0.11469534050179211,45.336666664999996,0.1382915173237754,0.012745871142980795,0.18089157706093192,True
524,105,14.083333333333334,74.72305555499999,11.174722222000002,1.1241666670000001,84.00116831132017,0.0,93.0,0.77,0.15143369175627241,18.29004329004329,1.124166667,False,offpeak,2022-07-10 20:00:00,20,6,True,2022-07-10,-0.8660254037844386,0.5000000000000001,-0.7818314824680299,0.6234898018587334,0,0,0,93,0.15053763440860216,73.5,0.1442652329749104,77.196388887,0.14695340501792115,71.36888889000001,0.15053763440860216,90.74333333,0.10304659498207885,45.400833337,0.14725209080047788,0.003146849985913831,0.18167562724014338,True
525,105,14.75,88.606388891,13.158055553999997,1.1241666670000001,99.60834887450129,0.0,93.0,0.77,0.1586021505376344,19.155844155844154,1.124166667,False,offpeak,2022-07-10 21:00:00,21,6,True,2022-07-10,-0.7071067811865477,0.7071067811865474,-0.7818314824680299,0.6234898018587334,0,0,0,93,0.15143369175627241,74.72305555499999,0.15053763440860216,73.5,0.1442652329749104,77.196388887,0.16845878136200715,96.844999996,0.0967741935483871,45.300694448,0.14874551971326164,0.003905823426108656,0.181712962962963,True
526,105,16.0,92.36305555700001,13.694722224000003,1.1241666670000001,103.83146831944853,0.0,93.0,0.77,0.17204301075268819,20.77922077922078,1.1241666670000001,False,offpeak,2022-07-10 22:00:00,22,6,True,2022-07-10,-0.5000000000000004,0.8660254037844384,-0.7818314824680299,0.6234898018587334,0,0,0,93,0.1586021505376344,88.606388891,0.15143369175627241,74.72305555499999,0.15053763440860216,73.5,0.17831541218637992,101.499999996,0.11111111111111112,46.478055553,0.15352449223416964,0.004420145933972763,0.18130227001194743,True
527,105,14.666666666666666,87.500000004,12.999999996000001,1.1241666670000001,98.36458336699668,0.0,93.0,0.77,0.15770609318996415,19.047619047619047,1.1241666670000001,False,offpeak,2022-07-10 23:00:00,23,6,True,2022-07-10,-0.25881904510252157,0.9659258262890681,-0.7818314824680299,0.6234898018587334,0,0,0,93,0.17204301075268819,92.36305555700001,0.1586021505376344,88.606388891,0.15143369175627241,74.72305555499999,0.17114695340501793,103.64083333200001,0.12724014336917563,54.471666668,0.16069295101553163,0.010462532788611522,0.18104091995221028,True
528,105,15.583333333333334,87.500000004,12.999999996000001,1.1241666670000001,98.36458336699668,0.0,93.0,0.77,0.16756272401433692,20.238095238095237,1.1241666670000001,False,offpeak,2022-07-11 00:00:00,0,0,False,2022-07-11,0.0,1.0,0.0,1.0,0,0,0,93,0.15770609318996415,87.500000004,0.17204301075268819,92.36305555700001,0.1586021505376344,88.606388891,0.1827956989247312,108.500000004,0.1442652329749104,63.0,0.1627837514934289,0.008031260250745038,0.18048088410991636,True
529,105,15.666666666666666,87.500000004,12.999999996000001,1.1241666670000001,98.36458336699668,0.0,93.0,0.77,0.16845878136200715,20.346320346320343,1.1241666670000001,False,offpeak,2022-07-11 01:00:00,1,0,False,2022-07-11,0.25881904510252074,0.9659258262890683,0.0,1.0,0,0,0,93,0.16756272401433692,87.500000004,0.15770609318996415,87.500000004,0.17204301075268819,92.36305555700001,0.2060931899641577,119.488055561,0.12813620071684587,63.0,0.16577060931899643,0.007334545494508478,0.1798461768219833,True
530,105,15.166666666666666,95.279722222,14.11138889,1.1241666670000001,107.11028776299155,0.0,93.0,0.77,0.16308243727598565,19.696969696969695,1.1241666669999997,False,offpeak,2022-07-11 02:00:00,2,0,False,2022-07-11,0.49999999999999994,0.8660254037844387,0.0,1.0,0,0,0,93,0.16845878136200715,87.500000004,0.16756272401433692,87.500000004,0.15770609318996415,87.500000004,0.21415770609319,129.50000004,0.13082437275985662,63.0,0.16457586618876938,0.005966243833761726,0.1782780764635603,True
531,105,15.916666666666666,94.77027777800001,14.038611114999998,1.1241666670000001,106.53758730035842,0.0,93.0,0.77,0.17114695340501793,20.67099567099567,1.124166667,False,offpeak,2022-07-11 03:00:00,3,0,False,2022-07-11,0.7071067811865476,0.7071067811865476,0.0,1.0,0,0,0,93,0.16308243727598565,95.279722222,0.16845878136200715,87.500000004,0.16756272401433692,87.500000004,0.22849462365591397,129.50000004,0.1496415770609319,63.0,0.1663679808841099,0.0028804213742489393,0.1761499402628435,True
532,105,16.0,94.5,14.000000003999999,1.1241666670000001,106.2337500315,0.0,93.0,0.77,0.17204301075268819,20.77922077922078,1.124166667,False,offpeak,2022-07-11 04:00:00,4,0,False,2022-07-11,0.8660254037844386,0.5000000000000001,0.0,1.0,0,0,0,93,0.17114695340501793,94.77027777800001,0.16308243727598565,95.279722222,0.16845878136200715,87.500000004,0.19802867383512546,124.43277776000002,0.12186379928315413,59.68861111300001,0.16756272401433692,0.004106250622718814,0.1737604540023895,True
533,105,17.75,94.5,14.000000003999999,1.1241666670000001,106.2337500315,0.0,93.0,0.77,0.19086021505376344,23.051948051948052,1.124166667,False,offpeak,2022-07-11 05:00:00,5,0,False,2022-07-11,0.9659258262890683,0.25881904510252074,0.0,1.0,0,0,0,93,0.17204301075268819,94.5,0.17114695340501793,94.77027777800001,0.16308243727598565,95.279722222,0.21774193548387097,118.607222206,0.12813620071684587,56.00000000400001,0.16875746714456388,0.004935099056706834,0.17267771804062126,True
534,105,14.583333333333334,92.56041666499999,13.445833333000003,1.1241666670000001,104.05333509842431,0.0,93.0,0.77,0.15681003584229392,18.93939393939394,1.1241666670000001,False,offpeak,2022-07-11 06:00:00,6,0,False,2022-07-11,1.0,6.123233995736766e-17,0.0,1.0,0,0,0,93,0.19086021505376344,94.5,0.17204301075268819,94.5,0.17114695340501793,94.77027777800001,0.2025089605734767,119.38694442,0.12007168458781362,56.00000000400001,0.17801672640382318,0.011131807140731042,0.17155764635603343,True
535,105,13.166666666666666,84.383055555,12.054722221999999,1.1241666670000001,94.86061831454016,0.0,93.0,0.77,0.14157706093189965,17.0995670995671,1.1241666669999997,False,offpeak,2022-07-11 07:00:00,7,0,False,2022-07-11,0.9659258262890683,-0.25881904510252063,0.0,1.0,0,0,0,93,0.15681003584229392,92.56041666499999,0.19086021505376344,94.5,0.17204301075268819,94.5,0.21594982078853045,122.49999996000001,0.12724014336917563,56.00000000400001,0.17323775388291515,0.017056501236880545,0.16965352449223417,True
536,105,10.5,63.18472222199999,9.026388889,1.1241666670000001,71.03015858562657,0.0,93.0,0.77,0.11290322580645161,13.636363636363637,1.1241666670000001,False,offpeak,2022-07-11 08:00:00,8,0,False,2022-07-11,0.8660254037844387,-0.4999999999999998,0.0,1.0,0,0,0,93,0.14157706093189965,84.383055555,0.15681003584229392,92.56041666499999,0.19086021505376344,94.5,0.1935483870967742,112.57166665,0.12186379928315413,50.547777776000004,0.16308243727598565,0.025233204014925723,0.16655465949820789,True
537,105,9.25,51.140833332,7.3058333320000015,1.1241666670000001,57.49082015443693,0.0,93.0,0.77,0.09946236559139784,12.012987012987013,1.1241666669999997,False,offpeak,2022-07-11 09:00:00,9,0,False,2022-07-11,0.7071067811865476,-0.7071067811865475,0.0,1.0,0,0,0,93,0.11290322580645161,63.18472222199999,0.14157706093189965,84.383055555,0.15681003584229392,92.56041666499999,0.18189964157706096,104.99416666599998,0.11827956989247312,40.069166667,0.13709677419354838,0.022293647499326774,0.16319444444444445,True
538,105,11.0,59.885000001,8.555,1.1241666670000001,67.32072085441916,0.0,93.0,0.77,0.11827956989247312,14.285714285714285,1.124166667,False,offpeak,2022-07-11 10:00:00,10,0,False,2022-07-11,0.49999999999999994,-0.8660254037844387,0.0,1.0,0,0,0,93,0.09946236559139784,51.140833332,0.11290322580645161,63.18472222199999,0.14157706093189965,84.383055555,0.17831541218637992,101.499999996,0.11827956989247312,57.965833333,0.11798088410991635,0.021511598064551985,0.15975955794504182,True
539,105,11.0,69.65388888499999,9.950555552,1.1241666670000001,78.30258011143877,0.0,93.0,0.77,0.11827956989247312,14.285714285714285,1.124166667,False,offpeak,2022-07-11 11:00:00,11,0,False,2022-07-11,0.258819045102521,-0.9659258262890682,0.0,1.0,0,0,0,93,0.11827956989247312,59.885000001,0.09946236559139784,51.140833332,0.11290322580645161,63.18472222199999,0.1845878136200717,103.04388888700001,0.14516129032258066,66.309444443,0.11021505376344083,0.009692342138341616,0.15725806451612903,True
540,105,10.583333333333334,66.10916666399999,9.444166664,1.1241666670000001,74.31772154681637,0.0,93.0,0.77,0.11379928315412187,13.744588744588745,1.124166667,False,offpeak,2022-07-11 12:00:00,12,0,False,2022-07-11,1.2246467991473532e-16,-1.0,0.0,1.0,0,0,0,93,0.11827956989247312,69.65388888499999,0.11827956989247312,59.885000001,0.09946236559139784,51.140833332,0.18727598566308246,108.500000004,0.16845878136200715,74.061944445,0.11200716845878134,0.010864117968619863,0.1544952210274791,True
541,105,9.916666666666666,60.859166668,8.694166668,1.1241666670000001,68.41584654956306,0.0,93.0,0.77,0.10663082437275985,12.878787878787877,1.1241666670000001,False,offpeak,2022-07-11 13:00:00,13,0,False,2022-07-11,-0.2588190451025208,-0.9659258262890683,0.0,1.0,0,0,0,93,0.11379928315412187,66.10916666399999,0.11827956989247312,69.65388888499999,0.11827956989247312,59.885000001,0.19802867383512546,106.54777778100001,0.15681003584229392,73.3075,0.11678614097968935,0.0025866947544253777,0.15143369175627241,True
542,105,7.583333333333333,50.145277779,7.163611112,1.1241666670000001,56.3716497866076,0.0,93.0,0.77,0.08154121863799282,9.848484848484848,1.1241666670000001,False,offpeak,2022-07-11 14:00:00,14,0,False,2022-07-11,-0.4999999999999997,-0.8660254037844388,0.0,1.0,0,0,0,93,0.10663082437275985,60.859166668,0.11379928315412187,66.10916666399999,0.11827956989247312,69.65388888499999,0.16666666666666666,94.5,0.1532258064516129,70.19638888499999,0.11290322580645161,0.005875840971592873,0.14762544802867383,True
543,105,6.666666666666667,36.573055559,5.224722225,1.1241666670000001,41.11420996976685,0.0,93.0,0.77,0.07168458781362007,8.658008658008658,1.124166667,False,offpeak,2022-07-11 15:00:00,15,0,False,2022-07-11,-0.7071067811865471,-0.7071067811865479,0.0,1.0,0,0,0,93,0.08154121863799282,50.145277779,0.10663082437275985,60.859166668,0.11379928315412187,66.10916666399999,0.17025089605734767,87.892777779,0.1496415770609319,69.999999996,0.10065710872162482,0.016938407262552593,0.14407855436081243,True
544,105,8.166666666666666,44.731944442999996,6.390277775999999,1.1241666670000001,50.28616089291648,0.0,93.0,0.77,0.08781362007168458,10.606060606060606,1.124166667,False,offpeak,2022-07-11 16:00:00,16,0,False,2022-07-11,-0.8660254037844385,-0.5000000000000004,0.0,1.0,0,0,0,93,0.07168458781362007,36.573055559,0.08154121863799282,50.145277779,0.10663082437275985,60.859166668,0.12365591397849462,70.482222224,0.15232974910394265,71.364027775,0.08661887694145758,0.01801795834152241,0.1399716248506571,True
545,105,10.083333333333334,57.963888888,8.280555555,1.1241666670000001,65.1610717775813,0.0,93.0,0.77,0.10842293906810037,13.095238095238095,1.1241666670000001,False,offpeak,2022-07-11 17:00:00,17,0,False,2022-07-11,-0.9659258262890683,-0.25881904510252063,0.0,1.0,0,0,0,93,0.08781362007168458,44.731944442999996,0.07168458781362007,36.573055559,0.08154121863799282,50.145277779,0.14695340501792115,71.36888889000001,0.17114695340501793,80.881111108,0.08034647550776582,0.008130619826051115,0.13847819593787336,True
546,105,11.25,63.573611111,9.081944445,1.1241666670000001,71.46733451180702,0.0,93.0,0.77,0.12096774193548387,14.61038961038961,1.124166667,False,offpeak,2022-07-11 18:00:00,18,0,False,2022-07-11,-1.0,-1.8369701987210297e-16,0.0,1.0,0,0,0,93,0.10842293906810037,57.963888888,0.08781362007168458,44.731944442999996,0.07168458781362007,36.573055559,0.1442652329749104,77.196388887,0.15681003584229392,80.429999999,0.08930704898446833,0.018414650707045416,0.1368727598566308,True
547,105,10.666666666666666,69.72777777399999,9.961111107,1.1241666670000001,78.38564353751424,0.0,93.0,0.77,0.11469534050179211,13.852813852813851,1.124166667,False,offpeak,2022-07-11 19:00:00,19,0,False,2022-07-11,-0.9659258262890684,0.2588190451025203,0.0,1.0,0,0,0,93,0.12096774193548387,63.573611111,0.10842293906810037,57.963888888,0.08781362007168458,44.731944442999996,0.15053763440860216,73.5,0.1935483870967742,90.615000002,0.10573476702508959,0.01673973269916465,0.13590203106332138,True
548,105,11.083333333333334,71.168611109,10.166944442000002,1.1241666670000001,80.00538034542369,0.0,93.0,0.77,0.11917562724014337,14.393939393939394,1.124166667,False,offpeak,2022-07-11 20:00:00,20,0,False,2022-07-11,-0.8660254037844386,0.5000000000000001,0.0,1.0,0,0,0,93,0.11469534050179211,69.72777777399999,0.12096774193548387,63.573611111,0.10842293906810037,57.963888888,0.15143369175627241,74.72305555499999,0.1971326164874552,87.500000004,0.1146953405017921,0.006272401433688181,0.13440860215053765,True
549,105,11.583333333333334,70.515277778,10.073611110999998,1.1241666670000001,79.27092479227342,0.0,93.0,0.77,0.12455197132616488,15.043290043290044,1.124166667,False,offpeak,2022-07-11 21:00:00,21,0,False,2022-07-11,-0.7071067811865477,0.7071067811865474,0.0,1.0,0,0,0,93,0.11917562724014337,71.168611109,0.11469534050179211,69.72777777399999,0.12096774193548387,63.573611111,0.1586021505376344,88.606388891,0.19982078853046595,89.438611112,0.11827956989247311,0.0032307807127747276,0.13306451612903225,True
550,105,12.416666666666666,77.000000004,11.000000003999999,1.1241666670000001,86.56083336349666,0.0,93.0,0.77,0.13351254480286737,16.125541125541126,1.124166667,False,offpeak,2022-07-11 22:00:00,22,0,False,2022-07-11,-0.5000000000000004,0.8660254037844384,0.0,1.0,0,0,0,93,0.12455197132616488,70.515277778,0.11917562724014337,71.168611109,0.11469534050179211,69.72777777399999,0.17204301075268819,92.36305555700001,0.1899641577060932,90.613055557,0.1194743130227001,0.00493509905670371,0.13164575866188769,True
551,105,14.333333333333334,82.06333333399999,11.723333334,1.1241666670000001,92.25286391699275,0.0,93.0,0.77,0.15412186379928317,18.614718614718615,1.124166667,False,offpeak,2022-07-11 23:00:00,23,0,False,2022-07-11,-0.25881904510252157,0.9659258262890681,0.0,1.0,0,0,0,93,0.13351254480286737,77.000000004,0.12455197132616488,70.515277778,0.11917562724014337,71.168611109,0.15770609318996415,87.500000004,0.19802867383512546,94.5,0.12574671445639185,0.007242745312411979,0.13004032258064516,True
552,105,13.083333333333334,84.0,12.0,1.1241666670000001,94.43000002799998,0.0,93.0,0.77,0.14068100358422939,16.99134199134199,1.1241666669999997,False,offpeak,2022-07-12 00:00:00,0,1,False,2022-07-12,0.0,1.0,0.7818314824680298,0.6234898018587336,0,0,0,93,0.15412186379928317,82.06333333399999,0.13351254480286737,77.000000004,0.12455197132616488,70.515277778,0.16756272401433692,87.500000004,0.18548387096774194,89.42694444700001,0.1373954599761051,0.015162533030461379,0.12989097968936678,True
553,105,14.416666666666666,89.063333331,12.723333331000003,1.1241666670000001,100.12203058262028,0.0,93.0,0.77,0.1550179211469534,18.72294372294372,1.1241666670000001,False,offpeak,2022-07-12 01:00:00,1,1,False,2022-07-12,0.25881904510252074,0.9659258262890683,0.7818314824680298,0.6234898018587336,0,0,0,93,0.14068100358422939,84.0,0.15412186379928317,82.06333333399999,0.13351254480286737,77.000000004,0.16845878136200715,87.500000004,0.1774193548387097,90.807500002,0.14277180406212664,0.010462532788610934,0.12877090800477897,True
554,105,13.916666666666666,90.999999996,12.999999996000001,1.1241666670000001,102.29916669250333,0.0,93.0,0.77,0.1496415770609319,18.073593073593074,1.1241666670000001,False,offpeak,2022-07-12 02:00:00,2,1,False,2022-07-12,0.49999999999999994,0.8660254037844387,0.7818314824680298,0.6234898018587336,0,0,0,93,0.1550179211469534,89.063333331,0.14068100358422939,84.0,0.15412186379928317,82.06333333399999,0.16308243727598565,95.279722222,0.18637992831541217,94.5,0.14994026284348863,0.008031260250744429,0.12821087216248506,True
555,105,14.166666666666666,90.999999996,12.999999996000001,1.1241666670000001,102.29916669250333,0.0,93.0,0.77,0.15232974910394265,18.398268398268396,1.1241666670000001,False,offpeak,2022-07-12 03:00:00,3,1,False,2022-07-12,0.7071067811865476,0.7071067811865476,0.7818314824680298,0.6234898018587336,0,0,0,93,0.1496415770609319,90.999999996,0.1550179211469534,89.063333331,0.14068100358422939,84.0,0.17114695340501793,94.77027777800001,0.17652329749103943,88.868888892,0.14844683393070487,0.007242745312412889,0.12765083632019117,True
556,105,14.583333333333334,87.68861110899999,12.526944441999998,1.1241666670000001,98.57661368426366,0.0,93.0,0.77,0.15681003584229392,18.93939393939394,1.1241666669999997,False,offpeak,2022-07-12 04:00:00,4,1,False,2022-07-12,0.8660254037844386,0.5000000000000001,0.7818314824680298,0.6234898018587336,0,0,0,93,0.15232974910394265,90.999999996,0.1496415770609319,90.999999996,0.1550179211469534,89.063333331,0.17204301075268819,94.5,0.1935483870967742,87.500000004,0.15232974910394262,0.0026881720430063823,0.1268667861409797,True
557,105,15.5,89.644722219,12.806388886,1.1241666670000001,100.77560859107408,0.0,93.0,0.77,0.16666666666666666,20.12987012987013,1.124166667,False,offpeak,2022-07-12 05:00:00,5,1,False,2022-07-12,0.9659258262890683,0.25881904510252074,0.7818314824680298,0.6234898018587336,0,0,0,93,0.15681003584229392,87.68861110899999,0.15232974910394265,90.999999996,0.1496415770609319,90.999999996,0.19086021505376344,94.5,0.19265232974910396,87.500000004,0.15292712066905614,0.0036213726562041334,0.12623207885304658,True
558,105,15.25,90.999999996,12.999999996000001,1.1241666670000001,102.29916669250333,0.0,93.0,0.77,0.1639784946236559,19.805194805194805,1.1241666670000001,False,offpeak,2022-07-12 06:00:00,6,1,False,2022-07-12,1.0,6.123233995736766e-17,0.7818314824680298,0.6234898018587336,0,0,0,93,0.16666666666666666,89.644722219,0.15681003584229392,87.68861110899999,0.15232974910394265,90.999999996,0.15681003584229392,92.56041666499999,0.18010752688172044,87.500000004,0.15860215053763438,0.007334545494507973,0.12522401433691757,True
559,105,13.583333333333334,81.721111111,11.674444444999999,1.1241666670000001,91.86814910118953,0.0,93.0,0.77,0.14605734767025091,17.64069264069264,1.124166667,False,offpeak,2022-07-12 07:00:00,7,1,False,2022-07-12,0.9659258262890683,-0.25881904510252063,0.7818314824680298,0.6234898018587336,0,0,0,93,0.1639784946236559,90.999999996,0.16666666666666666,89.644722219,0.15681003584229392,87.68861110899999,0.14157706093189965,84.383055555,0.18010752688172044,85.93083333599999,0.16248506571087215,0.0050951977626122694,0.1255227001194743,True
560,105,10.75,63.773888887,9.110555555,1.1241666670000001,71.69248011172712,0.0,93.0,0.77,0.11559139784946236,13.96103896103896,1.124166667,False,offpeak,2022-07-12 08:00:00,8,1,False,2022-07-12,0.8660254037844387,-0.4999999999999998,0.7818314824680298,0.6234898018587336,0,0,0,93,0.14605734767025091,81.721111111,0.1639784946236559,90.999999996,0.16666666666666666,89.644722219,0.11290322580645161,63.18472222199999,0.1442652329749104,66.38819444399999,0.15890083632019114,0.011203703305561242,0.12570937873357227,True
561,105,9.666666666666666,51.286666663,7.326666663999999,1.1241666670000001,57.654761124084715,0.0,93.0,0.77,0.1039426523297491,12.554112554112553,1.124166667,False,offpeak,2022-07-12 09:00:00,9,1,False,2022-07-12,0.7071067811865476,-0.7071067811865475,0.7818314824680298,0.6234898018587336,0,0,0,93,0.11559139784946236,63.773888887,0.14605734767025091,81.721111111,0.1639784946236559,90.999999996,0.09946236559139784,51.140833332,0.13172043010752688,61.246111111000005,0.14187574671445638,0.02446307673768553,0.12582138590203107,True
562,105,13.5,73.44166666499999,10.491666665999999,1.1241666670000001,82.56067363371804,0.0,93.0,0.77,0.14516129032258066,17.532467532467532,1.124166667,False,offpeak,2022-07-12 10:00:00,10,1,False,2022-07-12,0.49999999999999994,-0.8660254037844387,0.7818314824680298,0.6234898018587336,0,0,0,93,0.1039426523297491,51.286666663,0.11559139784946236,63.773888887,0.14605734767025091,81.721111111,0.11827956989247312,59.885000001,0.1424731182795699,64.549722222,0.12186379928315409,0.021746704479410628,0.12600806451612903,True
563,105,13.083333333333334,75.273333335,10.753333334000002,1.1241666670000001,84.61977224918691,0.0,93.0,0.77,0.14068100358422939,16.99134199134199,1.1241666669999995,False,offpeak,2022-07-12 11:00:00,11,1,False,2022-07-12,0.258819045102521,-0.9659258262890682,0.7818314824680298,0.6234898018587336,0,0,0,93,0.14516129032258066,73.44166666499999,0.1039426523297491,51.286666663,0.11559139784946236,63.773888887,0.11827956989247312,69.65388888499999,0.14157706093189965,69.999999996,0.12156511350059736,0.02124871733791122,0.12712813620071686,True
564,105,12.916666666666666,70.970277775,10.138611108,1.1241666670000001,79.78242062238591,0.0,93.0,0.77,0.1388888888888889,16.774891774891774,1.124166667,False,offpeak,2022-07-12 12:00:00,12,1,False,2022-07-12,1.2246467991473532e-16,-1.0,0.7818314824680298,0.6234898018587336,0,0,0,93,0.14068100358422939,75.273333335,0.14516129032258066,73.44166666499999,0.1039426523297491,51.286666663,0.11379928315412187,66.10916666399999,0.15143369175627241,71.753888886,0.12992831541218636,0.02261546498946874,0.1280615292712067,True
565,105,11.25,71.553611112,10.221944445999998,1.1241666670000001,80.43818451559119,0.0,93.0,0.77,0.12096774193548387,14.61038961038961,1.124166667,False,offpeak,2022-07-12 13:00:00,13,1,False,2022-07-12,-0.2588190451025208,-0.9659258262890683,0.7818314824680298,0.6234898018587336,0,0,0,93,0.1388888888888889,70.970277775,0.14068100358422939,75.273333335,0.14516129032258066,73.44166666499999,0.10663082437275985,60.859166668,0.1424731182795699,69.999999996,0.14157706093189962,0.0032307807127771385,0.12910692951015532,True
566,105,10.916666666666666,58.129166668,8.304166668,1.1241666670000001,65.34687154865304,0.0,93.0,0.77,0.11738351254480286,14.177489177489177,1.1241666669999997,False,offpeak,2022-07-12 14:00:00,14,1,False,2022-07-12,-0.4999999999999997,-0.8660254037844388,0.7818314824680298,0.6234898018587336,0,0,0,93,0.12096774193548387,71.553611112,0.1388888888888889,70.970277775,0.14068100358422939,75.273333335,0.08154121863799282,50.145277779,0.13351254480286737,66.116944443,0.13351254480286737,0.010901008118812587,0.1297043010752688,True
567,105,10.583333333333334,59.583611112,8.511944446,1.1241666670000001,66.9819095116012,0.0,93.0,0.77,0.11379928315412187,13.744588744588745,1.124166667,False,offpeak,2022-07-12 15:00:00,15,1,False,2022-07-12,-0.7071067811865471,-0.7071067811865479,0.7818314824680298,0.6234898018587336,0,0,0,93,0.11738351254480286,58.129166668,0.12096774193548387,71.553611112,0.1388888888888889,70.970277775,0.07168458781362007,36.573055559,0.12275985663082437,63.0,0.12574671445639185,0.011521685497003213,0.13119772998805257,True
568,105,11.916666666666666,63.0,9.0,1.1241666670000001,70.822500021,0.0,93.0,0.77,0.12813620071684587,15.476190476190474,1.124166667,False,offpeak,2022-07-12 16:00:00,16,1,False,2022-07-12,-0.8660254037844385,-0.5000000000000004,0.7818314824680298,0.6234898018587336,0,0,0,93,0.11379928315412187,59.583611112,0.11738351254480286,58.129166668,0.12096774193548387,71.553611112,0.08781362007168458,44.731944442999996,0.12724014336917563,57.353333336000006,0.11738351254480285,0.0035842293906755483,0.13295250896057348,True
569,105,12.333333333333334,73.89472221999999,10.833888888,1.1241666670000001,83.06998358694823,0.0,93.0,0.77,0.13261648745519714,16.017316017316016,1.124166667,False,offpeak,2022-07-12 17:00:00,17,1,False,2022-07-12,-0.9659258262890683,-0.25881904510252063,0.7818314824680298,0.6234898018587336,0,0,0,93,0.12813620071684587,63.0,0.11379928315412187,59.583611112,0.11738351254480286,58.129166668,0.10842293906810037,57.963888888,0.15232974910394265,57.71305555800001,0.11977299880525684,0.007461168456865311,0.1346326164874552,True
570,105,14.916666666666666,85.56527777600002,12.751944444,1.1241666670000001,96.18963312837509,0.0,93.0,0.77,0.1603942652329749,19.37229437229437,1.1241666669999997,False,offpeak,2022-07-12 18:00:00,18,1,False,2022-07-12,-1.0,-1.8369701987210297e-16,0.7818314824680298,0.6234898018587336,0,0,0,93,0.13261648745519714,73.89472221999999,0.12813620071684587,63.0,0.11379928315412187,59.583611112,0.12096774193548387,63.573611111,0.12634408602150538,53.077500001,0.1248506571087216,0.00982944006684666,0.13564068100358423,True
571,105,16.833333333333332,85.452499996,12.929166668,1.1241666670000001,96.06285210732082,0.0,93.0,0.77,0.18100358422939067,21.86147186147186,1.124166667,False,offpeak,2022-07-12 19:00:00,19,1,False,2022-07-12,-0.9659258262890684,0.2588190451025203,0.7818314824680298,0.6234898018587336,0,0,0,93,0.1603942652329749,85.56527777600002,0.13261648745519714,73.89472221999999,0.12813620071684587,63.0,0.11469534050179211,69.72777777399999,0.1424731182795699,57.567222225,0.14038231780167262,0.01747503282713189,0.13728345280764634,True
572,105,14.666666666666666,89.099305555,13.506666666999998,1.1241666670000001,100.16246935777895,0.0,93.0,0.77,0.15770609318996415,19.047619047619047,1.1241666670000001,False,offpeak,2022-07-12 20:00:00,20,1,False,2022-07-12,-0.8660254037844386,0.5000000000000001,0.7818314824680298,0.6234898018587336,0,0,0,93,0.18100358422939067,85.452499996,0.1603942652329749,85.56527777600002,0.13261648745519714,73.89472221999999,0.11917562724014337,71.168611109,0.14068100358422939,63.0,0.15800477897252088,0.024281886602989605,0.14004629629629628,True
573,105,17.416666666666668,97.020000002,14.860000001,1.1241666670000001,109.06665003458832,0.0,93.0,0.77,0.18727598566308246,22.61904761904762,1.124166667,False,offpeak,2022-07-12 21:00:00,21,1,False,2022-07-12,-0.7071067811865477,0.7071067811865474,0.7818314824680298,0.6234898018587336,0,0,0,93,0.15770609318996415,89.099305555,0.18100358422939067,85.452499996,0.1603942652329749,85.56527777600002,0.12455197132616488,70.515277778,0.1442652329749104,57.93277778000001,0.1663679808841099,0.01274587114298136,0.14165173237753884,True
574,105,17.75,105.0,15.999999996000001,1.1241666670000001,118.03750003500001,0.0,93.0,0.77,0.19086021505376344,23.051948051948052,1.1241666670000001,False,offpeak,2022-07-12 22:00:00,22,1,False,2022-07-12,-0.5000000000000004,0.8660254037844384,0.7818314824680298,0.6234898018587336,0,0,0,93,0.18727598566308246,97.020000002,0.15770609318996415,89.099305555,0.18100358422939067,85.452499996,0.13351254480286737,77.000000004,0.12992831541218638,56.00000000400001,0.1753285543608124,0.015580407832430903,0.14426523297491037,True
575,105,16.5,103.820694444,15.719722219,1.1241666670000001,116.71176403873687,0.0,93.0,0.77,0.1774193548387097,21.428571428571427,1.124166667,False,offpeak,2022-07-12 23:00:00,23,1,False,2022-07-12,-0.25881904510252157,0.9659258262890681,0.7818314824680298,0.6234898018587336,0,0,0,93,0.19086021505376344,105.0,0.18727598566308246,97.020000002,0.15770609318996415,89.099305555,0.15412186379928317,82.06333333399999,0.12007168458781362,56.00000000400001,0.17861409796893665,0.01819533382379666,0.14665471923536438,True
576,105,15.666666666666666,94.5,14.000000003999999,1.1241666670000001,106.2337500315,0.0,93.0,0.77,0.16845878136200715,20.346320346320343,1.124166667,False,offpeak,2022-07-13 00:00:00,0,2,False,2022-07-13,0.0,1.0,0.9749279121818236,-0.22252093395631434,0,0,0,93,0.1774193548387097,103.820694444,0.19086021505376344,105.0,0.18727598566308246,97.020000002,0.14068100358422939,84.0,0.11648745519713262,56.00000000400001,0.18518518518518515,0.006960083750137524,0.14762544802867383,True
577,105,17.0,102.299166665,15.114166666000001,1.1241666670000001,115.00131322667053,0.0,93.0,0.77,0.1827956989247312,22.07792207792208,1.1241666669999997,False,offpeak,2022-07-13 01:00:00,1,2,False,2022-07-13,0.25881904510252074,0.9659258262890683,0.9749279121818236,-0.22252093395631434,0,0,0,93,0.16845878136200715,94.5,0.1774193548387097,103.820694444,0.19086021505376344,105.0,0.1550179211469534,89.063333331,0.13172043010752688,55.198888893,0.17891278375149336,0.011275141032363304,0.14878285543608125,True
578,105,16.666666666666668,108.500000004,15.999999996000001,1.1241666670000001,121.97208337399665,0.0,93.0,0.77,0.1792114695340502,21.645021645021647,1.124166667,False,offpeak,2022-07-13 02:00:00,2,2,False,2022-07-13,0.49999999999999994,0.8660254037844387,0.9749279121818236,-0.22252093395631434,0,0,0,93,0.1827956989247312,102.299166665,0.16845878136200715,94.5,0.1774193548387097,103.820694444,0.1496415770609319,90.999999996,0.12634408602150538,45.708055555,0.17622461170848266,0.007242745312413926,0.14994026284348866,True
579,105,16.5,108.500000004,15.999999996000001,1.1241666670000001,121.97208337399665,0.0,93.0,0.77,0.1774193548387097,21.428571428571427,1.124166667,False,offpeak,2022-07-13 03:00:00,3,2,False,2022-07-13,0.7071067811865476,0.7071067811865476,0.9749279121818236,-0.22252093395631434,0,0,0,93,0.1792114695340502,108.500000004,0.1827956989247312,102.299166665,0.16845878136200715,94.5,0.15232974910394265,90.999999996,0.12813620071684587,56.00000000400001,0.17682198327359613,0.00746116845686717,0.15117234169653523,True
580,105,18.166666666666668,108.500000004,15.999999996000001,1.1241666670000001,121.97208337399665,0.0,93.0,0.77,0.1953405017921147,23.593073593073594,1.124166667,False,offpeak,2022-07-13 04:00:00,4,2,False,2022-07-13,0.8660254037844386,0.5000000000000001,0.9749279121818236,-0.22252093395631434,0,0,0,93,0.1774193548387097,108.500000004,0.1792114695340502,108.500000004,0.1827956989247312,102.299166665,0.15681003584229392,87.68861110899999,0.13530465949820789,52.0975,0.1798088410991637,0.002737500415145193,0.15221774193548387,True
581,105,16.666666666666668,104.603333333,15.443333331999998,1.1241666670000001,117.59158059004858,0.0,93.0,0.77,0.1792114695340502,21.645021645021647,1.1241666669999997,False,offpeak,2022-07-13 05:00:00,5,2,False,2022-07-13,0.9659258262890683,0.25881904510252074,0.9749279121818236,-0.22252093395631434,0,0,0,93,0.1953405017921147,108.500000004,0.1774193548387097,108.500000004,0.1792114695340502,108.500000004,0.16666666666666666,89.644722219,0.09767025089605735,45.686666665,0.18399044205495815,0.009870198113415593,0.1538231780167264,True
582,105,16.333333333333332,99.938611108,14.776944444999998,1.1241666670000001,112.34765535388952,0.0,93.0,0.77,0.17562724014336917,21.21212121212121,1.124166667,False,offpeak,2022-07-13 06:00:00,6,2,False,2022-07-13,1.0,6.123233995736766e-17,0.9749279121818236,-0.22252093395631434,0,0,0,93,0.1792114695340502,104.603333333,0.1953405017921147,108.500000004,0.1774193548387097,108.500000004,0.1639784946236559,90.999999996,0.11648745519713262,42.0,0.18399044205495815,0.009870198113415593,0.1543458781362007,True
583,105,14.5,89.041944447,13.220277777000002,1.1241666670000001,100.09798591218315,0.0,93.0,0.77,0.15591397849462366,18.83116883116883,1.124166667,False,offpeak,2022-07-13 07:00:00,7,2,False,2022-07-13,0.9659258262890683,-0.25881904510252063,0.9749279121818236,-0.22252093395631434,0,0,0,93,0.17562724014336917,99.938611108,0.1792114695340502,104.603333333,0.1953405017921147,108.500000004,0.14605734767025091,81.721111111,0.11738351254480286,42.0,0.18339307048984468,0.01050083382989628,0.15483124253285543,True
584,105,13.25,72.712499998,10.887500001,1.1241666670000001,81.74096877198916,0.0,93.0,0.77,0.1424731182795699,17.207792207792206,1.124166667,False,offpeak,2022-07-13 08:00:00,8,2,False,2022-07-13,0.8660254037844387,-0.4999999999999998,0.9749279121818236,-0.22252093395631434,0,0,0,93,0.15591397849462366,89.041944447,0.17562724014336917,99.938611108,0.1792114695340502,104.603333333,0.11559139784946236,63.773888887,0.12007168458781362,40.831388889,0.17025089605734767,0.012544802867382998,0.15524193548387097,True
585,105,12.583333333333334,69.99027778,10.498611111000002,1.1241666670000001,78.68073729434674,0.0,93.0,0.77,0.13530465949820789,16.341991341991342,1.1241666669999997,False,offpeak,2022-07-13 09:00:00,9,2,False,2022-07-13,0.7071067811865476,-0.7071067811865475,0.9749279121818236,-0.22252093395631434,0,0,0,93,0.1424731182795699,72.712499998,0.15591397849462366,89.041944447,0.17562724014336917,99.938611108,0.1039426523297491,51.286666663,0.10483870967741936,46.046388887,0.15800477897252088,0.0166756569321474,0.15636200716845877,True
586,105,12.083333333333334,62.605277777,9.443611108999999,1.1241666670000001,70.37876645517926,0.0,93.0,0.77,0.12992831541218638,15.692640692640692,1.1241666670000001,False,offpeak,2022-07-13 10:00:00,10,2,False,2022-07-13,0.49999999999999994,-0.8660254037844387,0.9749279121818236,-0.22252093395631434,0,0,0,93,0.13530465949820789,69.99027778,0.1424731182795699,72.712499998,0.15591397849462366,89.041944447,0.14516129032258066,73.44166666499999,0.0985663082437276,42.0,0.14456391875746713,0.010462532788611078,0.15766875746714457,True
587,105,11.666666666666666,68.650555555,10.307222224,1.1241666670000001,77.17466622596267,0.0,93.0,0.77,0.12544802867383512,15.15151515151515,1.124166667,False,offpeak,2022-07-13 11:00:00,11,2,False,2022-07-13,0.258819045102521,-0.9659258262890682,0.9749279121818236,-0.22252093395631434,0,0,0,93,0.12992831541218638,62.605277777,0.13530465949820789,69.99027778,0.1424731182795699,72.712499998,0.14068100358422939,75.273333335,0.10663082437275985,43.56138888699999,0.13590203106332135,0.006293699971833226,0.15703405017921146,True
588,105,11.833333333333334,66.111111115,9.944444441000002,1.1241666670000001,74.31990743381621,0.0,93.0,0.77,0.12724014336917563,15.367965367965368,1.1241666670000001,False,offpeak,2022-07-13 12:00:00,12,2,False,2022-07-13,1.2246467991473532e-16,-1.0,0.9749279121818236,-0.22252093395631434,0,0,0,93,0.12544802867383512,68.650555555,0.12992831541218638,62.605277777,0.13530465949820789,69.99027778,0.1388888888888889,70.970277775,0.1039426523297491,52.313333333,0.1302270011947431,0.004935099056704735,0.15639934289127838,True
589,105,9.75,57.94833333,8.778333334,1.1241666670000001,65.1435847377911,0.0,93.0,0.77,0.10483870967741936,12.662337662337663,1.124166667,False,offpeak,2022-07-13 13:00:00,13,2,False,2022-07-13,-0.2588190451025208,-0.9659258262890683,0.9749279121818236,-0.22252093395631434,0,0,0,93,0.12724014336917563,66.111111115,0.12544802867383512,68.650555555,0.12992831541218638,62.605277777,0.12096774193548387,71.553611112,0.12724014336917563,56.00000000400001,0.12753882915173234,0.0022550282064653826,0.15591397849462366,True
590,105,12.75,52.5,8.000000004,1.1241666670000001,59.018750017500004,0.0,93.0,0.77,0.13709677419354838,16.558441558441558,1.1241666670000001,False,offpeak,2022-07-13 14:00:00,14,2,False,2022-07-13,-0.4999999999999997,-0.8660254037844388,0.9749279121818236,-0.22252093395631434,0,0,0,93,0.10483870967741936,57.94833333,0.12724014336917563,66.111111115,0.12544802867383512,68.650555555,0.11738351254480286,58.129166668,0.13172043010752688,56.00000000400001,0.11917562724014334,0.012448426513842422,0.15524193548387097,True
591,105,11.583333333333334,52.5,8.000000004,1.1241666670000001,59.018750017500004,0.0,93.0,0.77,0.12455197132616488,15.043290043290044,1.1241666670000001,False,offpeak,2022-07-13 15:00:00,15,2,False,2022-07-13,-0.7071067811865471,-0.7071067811865479,0.9749279121818236,-0.22252093395631434,0,0,0,93,0.13709677419354838,52.5,0.10483870967741936,57.94833333,0.12724014336917563,66.111111115,0.11379928315412187,59.583611112,0.13172043010752688,56.400555559000004,0.1230585424133811,0.016530578377563696,0.15606332138590204,True
592,105,9.75,54.636944443,8.30527778,1.1241666670000001,61.421031729551466,0.0,93.0,0.77,0.10483870967741936,12.662337662337663,1.1241666669999997,False,offpeak,2022-07-13 16:00:00,16,2,False,2022-07-13,-0.8660254037844385,-0.5000000000000004,0.9749279121818236,-0.22252093395631434,0,0,0,93,0.12455197132616488,52.5,0.13709677419354838,52.5,0.10483870967741936,57.94833333,0.12813620071684587,63.0,0.13082437275985662,61.644722223,0.12216248506571085,0.01626123965210905,0.15651135005973718,True
593,105,11.75,61.057499998,9.222499999,1.1241666670000001,68.63880626810416,0.0,93.0,0.77,0.12634408602150538,15.25974025974026,1.124166667,False,offpeak,2022-07-13 17:00:00,17,2,False,2022-07-13,-0.9659258262890683,-0.25881904510252063,0.9749279121818236,-0.22252093395631434,0,0,0,93,0.10483870967741936,54.636944443,0.12455197132616488,52.5,0.13709677419354838,52.5,0.13261648745519714,73.89472221999999,0.13709677419354838,68.29083333099999,0.12216248506571085,0.01626123965210905,0.15554062126642773,True
594,105,11.75,68.232500003,10.247499998,1.1241666670000001,76.70470210945,0.0,93.0,0.77,0.12634408602150538,15.25974025974026,1.124166667,False,offpeak,2022-07-13 18:00:00,18,2,False,2022-07-13,-1.0,-1.8369701987210297e-16,0.9749279121818236,-0.22252093395631434,0,0,0,93,0.12634408602150538,61.057499998,0.10483870967741936,54.636944443,0.12455197132616488,52.5,0.1603942652329749,85.56527777600002,0.14068100358422939,69.999999996,0.11857825567502984,0.011932487667524234,0.15527927120669058,True
595,105,12.666666666666666,72.731944445,10.890277780999998,1.1241666670000001,81.76282757116482,0.0,93.0,0.77,0.13620071684587812,16.45021645021645,1.1241666670000001,False,offpeak,2022-07-13 19:00:00,19,2,False,2022-07-13,-0.9659258262890684,0.2588190451025203,0.9749279121818236,-0.22252093395631434,0,0,0,93,0.12634408602150538,68.232500003,0.12634408602150538,61.057499998,0.10483870967741936,54.636944443,0.18100358422939067,85.452499996,0.1693548387096774,80.85388889000001,0.11917562724014334,0.012416134821280784,0.153860513739546,True
596,105,12.666666666666666,73.5,11.000000003999999,1.1241666670000001,82.6262500245,0.0,93.0,0.77,0.13620071684587812,16.45021645021645,1.124166667,False,offpeak,2022-07-13 20:00:00,20,2,False,2022-07-13,-0.8660254037844386,0.5000000000000001,0.9749279121818236,-0.22252093395631434,0,0,0,93,0.13620071684587812,72.731944445,0.12634408602150538,68.232500003,0.12634408602150538,61.057499998,0.15770609318996415,89.099305555,0.18548387096774194,87.73333333400001,0.1296296296296296,0.005690728459751513,0.1519937275985663,True
597,105,13.5,83.043333335,12.363333332000002,1.1241666670000001,93.35454725177696,0.0,93.0,0.77,0.14516129032258066,17.532467532467532,1.1241666670000003,False,offpeak,2022-07-13 21:00:00,21,2,False,2022-07-13,-0.7071067811865477,0.7071067811865474,0.9749279121818236,-0.22252093395631434,0,0,0,93,0.13620071684587812,73.5,0.13620071684587812,72.731944445,0.12634408602150538,68.232500003,0.18727598566308246,97.020000002,0.21057347670250895,109.293333332,0.13291517323775384,0.0056907284597516325,0.15109767025089607,True
598,105,16.75,91.396666668,13.556666666999998,1.1241666670000001,102.74508614307555,0.0,93.0,0.77,0.18010752688172044,21.753246753246753,1.1241666670000001,False,offpeak,2022-07-13 22:00:00,22,2,False,2022-07-13,-0.5000000000000004,0.8660254037844384,0.9749279121818236,-0.22252093395631434,0,0,0,93,0.14516129032258066,83.043333335,0.13620071684587812,73.5,0.13620071684587812,72.731944445,0.19086021505376344,105.0,0.23476702508960573,115.5,0.1391875746714456,0.005173389508864868,0.14934289127837516,True
599,105,17.166666666666668,94.5,14.000000003999999,1.1241666670000001,106.2337500315,0.0,93.0,0.77,0.1845878136200717,22.294372294372295,1.124166667,False,offpeak,2022-07-13 23:00:00,23,2,False,2022-07-13,-0.25881904510252157,0.9659258262890681,0.9749279121818236,-0.22252093395631434,0,0,0,93,0.18010752688172044,91.396666668,0.14516129032258066,83.043333335,0.13620071684587812,73.5,0.1774193548387097,103.820694444,0.2553763440860215,127.52833335,0.15382317801672638,0.02319963826658421,0.14889486260454002,True
600,105,17.0,94.5,14.000000003999999,1.1241666670000001,106.2337500315,0.0,93.0,0.77,0.1827956989247312,22.07792207792208,1.124166667,False,offpeak,2022-07-14 00:00:00,0,3,False,2022-07-14,0.0,1.0,0.43388373911755823,-0.900968867902419,0,0,0,93,0.1845878136200717,94.5,0.18010752688172044,91.396666668,0.14516129032258066,83.043333335,0.16845878136200715,94.5,0.23387096774193547,122.49999996000001,0.1699522102747909,0.021586118835309857,0.14919354838709678,True
601,105,16.333333333333332,94.5,14.000000003999999,1.1241666670000001,106.2337500315,0.0,93.0,0.77,0.17562724014336917,21.21212121212121,1.124166667,False,offpeak,2022-07-14 01:00:00,1,3,False,2022-07-14,0.25881904510252074,0.9659258262890683,0.43388373911755823,-0.900968867902419,0,0,0,93,0.1827956989247312,94.5,0.1845878136200717,94.5,0.18010752688172044,91.396666668,0.1827956989247312,102.299166665,0.22670250896057345,122.49999996000001,0.18249701314217445,0.002255028206470356,0.14979091995221028,True
602,105,16.75,101.21805555200001,14.959722222,1.1241666670000001,113.78596415011265,0.0,93.0,0.77,0.18010752688172044,21.753246753246753,1.1241666669999995,False,offpeak,2022-07-14 02:00:00,2,3,False,2022-07-14,0.49999999999999994,0.8660254037844387,0.43388373911755823,-0.900968867902419,0,0,0,93,0.17562724014336917,94.5,0.1827956989247312,94.5,0.1845878136200717,94.5,0.1792114695340502,108.500000004,0.24014336917562723,122.49999996000001,0.18100358422939067,0.004741489804774065,0.14949223416965352,True
603,105,18.416666666666668,101.892777774,15.056111111,1.1241666670000001,114.54446438156924,0.0,93.0,0.77,0.19802867383512546,23.91774891774892,1.124166667,False,offpeak,2022-07-14 03:00:00,3,3,False,2022-07-14,0.7071067811865476,0.7071067811865476,0.43388373911755823,-0.900968867902419,0,0,0,93,0.18010752688172044,101.21805555200001,0.17562724014336917,94.5,0.1827956989247312,94.5,0.1774193548387097,108.500000004,0.2302867383512545,122.49999996000001,0.17951015531660688,0.0036213726562056847,0.14952956989247312,True
604,105,16.083333333333332,104.60722222199999,15.443888887,1.1241666670000001,117.59595234943404,0.0,93.0,0.77,0.17293906810035842,20.887445887445885,1.124166667,False,offpeak,2022-07-14 04:00:00,4,3,False,2022-07-14,0.8660254037844386,0.5000000000000001,0.43388373911755823,-0.900968867902419,0,0,0,93,0.19802867383512546,101.892777774,0.18010752688172044,101.21805555200001,0.17562724014336917,94.5,0.1953405017921147,108.500000004,0.21774193548387097,119.18861109100001,0.18458781362007168,0.011853724511937712,0.15038829151732377,True
605,105,16.333333333333332,98.18861110899999,14.526944445999998,1.1241666670000001,110.38036368776369,0.0,93.0,0.77,0.17562724014336917,21.21212121212121,1.124166667,False,offpeak,2022-07-14 05:00:00,5,3,False,2022-07-14,0.9659258262890683,0.25881904510252074,0.43388373911755823,-0.900968867902419,0,0,0,93,0.17293906810035842,104.60722222199999,0.19802867383512546,101.892777774,0.18010752688172044,101.21805555200001,0.1792114695340502,104.603333333,0.24641577060931902,115.5,0.18369175627240142,0.01292312285112501,0.14945489844683393,True
606,105,17.083333333333332,94.5,14.000000003999999,1.1241666670000001,106.2337500315,0.0,93.0,0.77,0.18369175627240142,22.186147186147185,1.124166667,False,offpeak,2022-07-14 06:00:00,6,3,False,2022-07-14,1.0,6.123233995736766e-17,0.43388373911755823,-0.900968867902419,0,0,0,93,0.17562724014336917,98.18861110899999,0.17293906810035842,104.60722222199999,0.19802867383512546,101.892777774,0.17562724014336917,99.938611108,0.21774193548387097,109.851388892,0.18219832735961763,0.013775212135722671,0.14930555555555555,True
607,105,14.416666666666666,82.718611109,12.316944444,1.1241666670000001,92.9895053492737,0.0,93.0,0.77,0.1550179211469534,18.72294372294372,1.1241666670000001,False,offpeak,2022-07-14 07:00:00,7,3,False,2022-07-14,0.9659258262890683,-0.25881904510252063,0.43388373911755823,-0.900968867902419,0,0,0,93,0.18369175627240142,94.5,0.17562724014336917,98.18861110899999,0.17293906810035842,104.60722222199999,0.15591397849462366,89.041944447,0.21057347670250895,107.52583333599999,0.17741935483870963,0.0055958763426497285,0.1496415770609319,True
608,105,14.416666666666666,69.20861110799999,10.386944444000001,1.1241666670000001,77.80201367697953,0.0,93.0,0.77,0.1550179211469534,18.72294372294372,1.1241666670000001,False,offpeak,2022-07-14 08:00:00,8,3,False,2022-07-14,0.8660254037844387,-0.4999999999999998,0.43388373911755823,-0.900968867902419,0,0,0,93,0.1550179211469534,82.718611109,0.18369175627240142,94.5,0.17562724014336917,98.18861110899999,0.1424731182795699,72.712499998,0.17831541218637992,85.040277777,0.17144563918757463,0.014787208834511515,0.14960424133811231,True
609,105,10.333333333333334,56.94694444499999,8.635277778999999,1.1241666670000001,64.01785673256981,0.0,93.0,0.77,0.11111111111111112,13.41991341991342,1.1241666670000001,False,offpeak,2022-07-14 09:00:00,9,3,False,2022-07-14,0.7071067811865476,-0.7071067811865475,0.43388373911755823,-0.900968867902419,0,0,0,93,0.1550179211469534,69.20861110799999,0.1550179211469534,82.718611109,0.18369175627240142,94.5,0.13530465949820789,69.99027778,0.11827956989247312,51.117500000999996,0.16457586618876938,0.016554846428375843,0.15012694145758662,True
610,105,12.416666666666666,59.124722224,8.946388889,1.1241666670000001,66.46604191985492,0.0,93.0,0.77,0.13351254480286737,16.125541125541126,1.1241666670000001,False,offpeak,2022-07-14 10:00:00,10,3,False,2022-07-14,0.49999999999999994,-0.8660254037844387,0.43388373911755823,-0.900968867902419,0,0,0,93,0.11111111111111112,56.94694444499999,0.1550179211469534,69.20861110799999,0.1550179211469534,82.718611109,0.12992831541218638,62.605277777,0.1442652329749104,57.571111108,0.1403823178016726,0.025349608593450805,0.14911887694145756,True
611,105,11.166666666666666,66.500000004,9.999999996000001,1.1241666670000001,74.75708335999667,0.0,93.0,0.77,0.12007168458781362,14.5021645021645,1.1241666670000001,False,offpeak,2022-07-14 11:00:00,11,3,False,2022-07-14,0.258819045102521,-0.9659258262890682,0.43388373911755823,-0.900968867902419,0,0,0,93,0.13351254480286737,59.124722224,0.11111111111111112,56.94694444499999,0.1550179211469534,69.20861110799999,0.12544802867383512,68.650555555,0.13709677419354838,61.644722221,0.1332138590203106,0.02195492887208665,0.14926821983273597,True
612,105,13.25,68.84111111300001,10.334444444,1.1241666670000001,77.38888243247786,0.0,93.0,0.77,0.1424731182795699,17.207792207792206,1.1241666669999997,False,offpeak,2022-07-14 12:00:00,12,3,False,2022-07-14,1.2246467991473532e-16,-1.0,0.43388373911755823,-0.900968867902419,0,0,0,93,0.12007168458781362,66.500000004,0.13351254480286737,59.124722224,0.11111111111111112,56.94694444499999,0.12724014336917563,66.111111115,0.14516129032258066,60.85333333099999,0.12156511350059734,0.011275141032362343,0.1490442054958184,True
613,105,12.583333333333334,66.30263889300001,9.943611107,1.1241666670000001,74.53521657764838,0.0,93.0,0.77,0.13530465949820789,16.341991341991342,1.124166667,False,offpeak,2022-07-14 13:00:00,13,3,False,2022-07-14,-0.2588190451025208,-0.9659258262890683,0.43388373911755823,-0.900968867902419,0,0,0,93,0.1424731182795699,68.84111111300001,0.12007168458781362,66.500000004,0.13351254480286737,59.124722224,0.10483870967741936,57.94833333,0.1388888888888889,59.49999999599999,0.1320191158900836,0.011275141032362511,0.14967891278375148,True
614,105,12.916666666666666,69.228055552,9.889722219000001,1.1241666670000001,77.82387247278267,0.0,93.0,0.77,0.1388888888888889,16.774891774891774,1.1241666669999997,False,offpeak,2022-07-14 14:00:00,14,3,False,2022-07-14,-0.4999999999999997,-0.8660254037844388,0.43388373911755823,-0.900968867902419,0,0,0,93,0.13530465949820789,66.30263889300001,0.1424731182795699,68.84111111300001,0.12007168458781362,66.500000004,0.13709677419354838,52.5,0.14516129032258066,59.90055555199999,0.1326164874551971,0.011440094386023636,0.1509483273596177,True
615,105,12.083333333333334,61.48916666499999,9.263611110000001,1.1241666670000001,69.12407154640054,0.0,93.0,0.77,0.12992831541218638,15.692640692640692,1.124166667,False,offpeak,2022-07-14 15:00:00,15,3,False,2022-07-14,-0.7071067811865471,-0.7071067811865479,0.43388373911755823,-0.900968867902419,0,0,0,93,0.1388888888888889,69.228055552,0.13530465949820789,66.30263889300001,0.1424731182795699,68.84111111300001,0.12455197132616488,52.5,0.13620071684587812,66.500000004,0.13888888888888887,0.0035842293906773962,0.15102299880525685,True
616,105,13.166666666666666,69.31361111300001,10.401944444000002,1.1241666670000001,77.92005118263536,0.0,93.0,0.77,0.14157706093189965,17.0995670995671,1.1241666669999997,False,offpeak,2022-07-14 16:00:00,16,3,False,2022-07-14,-0.8660254037844385,-0.5000000000000004,0.43388373911755823,-0.900968867902419,0,0,0,93,0.12992831541218638,61.48916666499999,0.1388888888888889,69.228055552,0.13530465949820789,66.30263889300001,0.10483870967741936,54.636944443,0.14157706093189965,66.89861111500001,0.13470728793309436,0.004510056412942502,0.15124701314217442,True
617,105,10.916666666666666,56.590138891,8.779166668,1.1241666670000001,63.61674782216254,0.0,93.0,0.77,0.11738351254480286,14.177489177489177,1.124166667,False,offpeak,2022-07-14 17:00:00,17,3,False,2022-07-14,-0.9659258262890683,-0.25881904510252063,0.43388373911755823,-0.900968867902419,0,0,0,93,0.14157706093189965,69.31361111300001,0.12992831541218638,61.48916666499999,0.1388888888888889,69.228055552,0.12634408602150538,61.057499998,0.1478494623655914,72.426666666,0.13679808841099161,0.0060993362773760105,0.1527777777777778,True
618,105,13.583333333333334,58.415000002000006,9.345,1.1241666670000001,65.66819585505333,0.0,93.0,0.77,0.14605734767025091,17.64069264069264,1.1241666669999997,False,offpeak,2022-07-14 18:00:00,18,3,False,2022-07-14,-1.0,-1.8369701987210297e-16,0.43388373911755823,-0.900968867902419,0,0,0,93,0.11738351254480286,56.590138891,0.14157706093189965,69.31361111300001,0.12992831541218638,61.48916666499999,0.12634408602150538,68.232500003,0.12992831541218638,69.401111108,0.12962962962962962,0.012099539486575352,0.15240442054958184,True
619,105,13.5,59.900555557000004,9.55722222,1.1241666670000001,67.33820789196102,0.0,93.0,0.77,0.14516129032258066,17.532467532467532,1.124166667,False,offpeak,2022-07-14 19:00:00,19,3,False,2022-07-14,-0.9659258262890684,0.2588190451025203,0.43388373911755823,-0.900968867902419,0,0,0,93,0.14605734767025091,58.415000002000006,0.11738351254480286,56.590138891,0.14157706093189965,69.31361111300001,0.13620071684587812,72.731944445,0.14874551971326166,77.198333337,0.13500597371565112,0.01542503146197687,0.1532258064516129,True
620,105,13.333333333333334,65.831111112,10.084999998,1.1241666670000001,74.0051407636837,0.0,93.0,0.77,0.14336917562724014,17.316017316017316,1.124166667,False,offpeak,2022-07-14 20:00:00,20,3,False,2022-07-14,-0.8660254037844386,0.5000000000000001,0.43388373911755823,-0.900968867902419,0,0,0,93,0.14516129032258066,59.900555557000004,0.14605734767025091,58.415000002000006,0.11738351254480286,56.590138891,0.13620071684587812,73.5,0.1424731182795699,86.718333332,0.13620071684587812,0.016302334586612333,0.15359916367980883,True
621,105,11.833333333333334,71.56916666800001,10.724166667999999,1.1241666670000001,80.45567155313306,0.0,93.0,0.77,0.12724014336917563,15.367965367965368,1.124166667,False,offpeak,2022-07-14 21:00:00,21,3,False,2022-07-14,-0.7071067811865477,0.7071067811865474,0.43388373911755823,-0.900968867902419,0,0,0,93,0.14336917562724014,65.831111112,0.14516129032258066,59.900555557000004,0.14605734767025091,58.415000002000006,0.14516129032258066,83.043333335,0.16218637992831542,90.999999996,0.1448626045400239,0.0013687502075649602,0.1538978494623656,True
622,105,13.0,78.557499997,11.722500001,1.1241666670000001,88.31172293947999,0.0,93.0,0.77,0.13978494623655913,16.883116883116884,1.124166667,False,offpeak,2022-07-14 22:00:00,22,3,False,2022-07-14,-0.5000000000000004,0.8660254037844384,0.43388373911755823,-0.900968867902419,0,0,0,93,0.12724014336917563,71.56916666800001,0.14336917562724014,65.831111112,0.14516129032258066,59.900555557000004,0.18010752688172044,91.396666668,0.1657706093189964,96.635000002,0.1385902031063321,0.009870198113414665,0.15315113500597372,True
623,105,15.25,87.60305555900001,13.014722219000001,1.1241666670000001,98.48043498677686,0.0,93.0,0.77,0.1639784946236559,19.805194805194805,1.124166667,False,offpeak,2022-07-14 23:00:00,23,3,False,2022-07-14,-0.25881904510252157,0.9659258262890681,0.43388373911755823,-0.900968867902419,0,0,0,93,0.13978494623655913,78.557499997,0.12724014336917563,71.56916666800001,0.14336917562724014,65.831111112,0.1845878136200717,94.5,0.18189964157706096,98.000000004,0.13679808841099161,0.008469203631275528,0.151471027479092,True
624,105,15.666666666666666,94.5,14.000000003999999,1.1241666670000001,106.2337500315,0.0,93.0,0.77,0.16845878136200715,20.346320346320343,1.124166667,False,offpeak,2022-07-15 00:00:00,0,4,False,2022-07-15,0.0,1.0,-0.433883739117558,-0.9009688679024191,0,0,0,93,0.1639784946236559,87.60305555900001,0.13978494623655913,78.557499997,0.12724014336917563,71.56916666800001,0.1827956989247312,94.5,0.18100358422939067,98.000000004,0.14366786140979684,0.018674431340908078,0.15061230585424132,True
625,105,16.25,94.5,14.000000003999999,1.1241666670000001,106.2337500315,0.0,93.0,0.77,0.17473118279569894,21.103896103896105,1.124166667,False,offpeak,2022-07-15 01:00:00,1,4,False,2022-07-15,0.25881904510252074,0.9659258262890683,-0.433883739117558,-0.9009688679024191,0,0,0,93,0.16845878136200715,94.5,0.1639784946236559,87.60305555900001,0.13978494623655913,78.557499997,0.17562724014336917,94.5,0.17562724014336917,98.000000004,0.15740740740740736,0.015425031461977136,0.15001493428912785,True
626,105,15.666666666666666,95.474166666,14.13916667,1.1241666670000001,107.32887572551971,0.0,93.0,0.77,0.16845878136200715,20.346320346320343,1.124166667,False,offpeak,2022-07-15 02:00:00,2,4,False,2022-07-15,0.49999999999999994,0.8660254037844387,-0.433883739117558,-0.9009688679024191,0,0,0,93,0.17473118279569894,94.5,0.16845878136200715,94.5,0.1639784946236559,87.60305555900001,0.18010752688172044,101.21805555200001,0.17831541218637992,102.46638888999999,0.16905615292712062,0.005401177216254734,0.14997759856630824,True
627,105,18.416666666666668,103.64083333200001,15.305833332000002,1.1241666670000001,116.50957017193694,0.0,93.0,0.77,0.19802867383512546,23.91774891774892,1.124166667,False,offpeak,2022-07-15 03:00:00,3,4,False,2022-07-15,0.7071067811865476,0.7071067811865476,-0.433883739117558,-0.9009688679024191,0,0,0,93,0.16845878136200715,95.474166666,0.17473118279569894,94.5,0.16845878136200715,94.5,0.19802867383512546,101.892777774,0.18548387096774194,105.0,0.1705495818399044,0.00362137265620551,0.14949223416965352,True
628,105,19.583333333333332,108.500000004,15.999999996000001,1.1241666670000001,121.97208337399665,0.0,93.0,0.77,0.21057347670250895,25.432900432900432,1.124166667,False,offpeak,2022-07-15 04:00:00,4,4,False,2022-07-15,0.8660254037844386,0.5000000000000001,-0.433883739117558,-0.9009688679024191,0,0,0,93,0.19802867383512546,103.64083333200001,0.16845878136200715,95.474166666,0.17473118279569894,94.5,0.17293906810035842,104.60722222199999,0.17831541218637992,106.72861111,0.18040621266427714,0.015580407832430967,0.14949223416965354,True
629,105,17.166666666666668,102.86305555300001,15.194722222,1.1241666670000001,115.63521831845182,0.0,93.0,0.77,0.1845878136200717,22.294372294372295,1.1241666669999997,False,offpeak,2022-07-15 05:00:00,5,4,False,2022-07-15,0.9659258262890683,0.25881904510252074,-0.433883739117558,-0.9009688679024191,0,0,0,93,0.21057347670250895,108.500000004,0.19802867383512546,103.64083333200001,0.16845878136200715,95.474166666,0.17562724014336917,98.18861110899999,0.1657706093189964,101.696388891,0.19235364396654717,0.021623282912470933,0.15106033452807646,True
630,105,15.75,97.027777776,14.361111112999998,1.1241666670000001,109.07539354886259,0.0,93.0,0.77,0.1693548387096774,20.454545454545453,1.1241666670000001,False,offpeak,2022-07-15 06:00:00,6,4,False,2022-07-15,1.0,6.123233995736766e-17,-0.433883739117558,-0.9009688679024191,0,0,0,93,0.1845878136200717,102.86305555300001,0.21057347670250895,108.500000004,0.19802867383512546,103.64083333200001,0.18369175627240142,94.5,0.17562724014336917,98.000000004,0.19772998805256867,0.012995406163564434,0.1514336917562724,True
631,105,13.666666666666666,82.738055554,12.319722221,1.1241666670000001,93.011364146201,0.0,93.0,0.77,0.14695340501792115,17.748917748917748,1.124166667,False,offpeak,2022-07-15 07:00:00,7,4,False,2022-07-15,0.9659258262890683,-0.25881904510252063,-0.433883739117558,-0.9009688679024191,0,0,0,93,0.1693548387096774,97.027777776,0.1845878136200717,102.86305555300001,0.21057347670250895,108.500000004,0.1550179211469534,82.718611109,0.16129032258064516,91.24499999599999,0.18817204301075266,0.02084176227529197,0.15083632019115892,True
632,105,12.333333333333334,73.481527775,10.635833332,1.1241666670000001,82.60548416488966,0.0,93.0,0.77,0.13261648745519714,16.017316017316016,1.1241666669999997,False,offpeak,2022-07-15 08:00:00,8,4,False,2022-07-15,0.8660254037844387,-0.4999999999999998,-0.433883739117558,-0.9009688679024191,0,0,0,93,0.14695340501792115,82.738055554,0.1693548387096774,97.027777776,0.1845878136200717,102.86305555300001,0.1550179211469534,69.20861110799999,0.1388888888888889,73.676944443,0.1669653524492234,0.01893064740440923,0.15050029868578255,True
633,105,13.0,72.140833332,10.305833331999999,1.1241666670000001,81.09832016143693,0.0,93.0,0.77,0.13978494623655913,16.883116883116884,1.124166667,False,offpeak,2022-07-15 09:00:00,9,4,False,2022-07-15,0.7071067811865476,-0.7071067811865475,-0.433883739117558,-0.9009688679024191,0,0,0,93,0.13261648745519714,73.481527775,0.14695340501792115,82.738055554,0.1693548387096774,97.027777776,0.11111111111111112,56.94694444499999,0.12096774193548387,50.668333331999996,0.14964157706093187,0.01851610960552978,0.1495669056152927,True
634,105,10.5,67.946666665,9.706666665,1.1241666670000001,76.38337779855304,0.0,93.0,0.77,0.11290322580645161,13.636363636363637,1.124166667,False,offpeak,2022-07-15 10:00:00,10,4,False,2022-07-15,0.49999999999999994,-0.8660254037844387,-0.433883739117558,-0.9009688679024191,0,0,0,93,0.13978494623655913,72.140833332,0.13261648745519714,73.481527775,0.14695340501792115,82.738055554,0.13351254480286737,59.124722224,0.11648745519713262,48.99999999599999,0.13978494623655913,0.0071684587813604156,0.15076164874551973,True
635,105,13.25,73.301666666,10.471666665999999,1.1241666670000001,82.40329030146222,0.0,93.0,0.77,0.1424731182795699,17.207792207792206,1.124166667,False,offpeak,2022-07-15 11:00:00,11,4,False,2022-07-15,0.258819045102521,-0.9659258262890682,-0.433883739117558,-0.9009688679024191,0,0,0,93,0.11290322580645161,67.946666665,0.13978494623655913,72.140833332,0.13261648745519714,73.481527775,0.12007168458781362,66.500000004,0.0967741935483871,48.99999999599999,0.12843488649940257,0.013920167500275063,0.14990292712066905,True
636,105,12.833333333333334,78.05000000300001,11.150000002999997,1.1241666670000001,87.74120836272249,0.0,93.0,0.77,0.13799283154121864,16.666666666666668,1.1241666669999997,False,offpeak,2022-07-15 12:00:00,12,4,False,2022-07-15,1.2246467991473532e-16,-1.0,-0.433883739117558,-0.9009688679024191,0,0,0,93,0.1424731182795699,73.301666666,0.11290322580645161,67.946666665,0.13978494623655913,72.140833332,0.1424731182795699,68.84111111300001,0.0967741935483871,46.859166664,0.13172043010752685,0.016351512178220243,0.15083632019115892,True
637,105,12.416666666666666,77.388888893,11.055555558999998,1.1241666670000001,86.99800928967711,0.0,93.0,0.77,0.13351254480286737,16.125541125541126,1.124166667,False,offpeak,2022-07-15 13:00:00,13,4,False,2022-07-15,-0.2588190451025208,-0.9659258262890683,-0.433883739117558,-0.9009688679024191,0,0,0,93,0.13799283154121864,78.05000000300001,0.1424731182795699,73.301666666,0.11290322580645161,67.946666665,0.13530465949820789,66.30263889300001,0.09229390681003585,46.091111111000004,0.13112305854241335,0.0159370628099802,0.15064964157706093,True
638,105,12.75,82.261666667,11.751666666999999,1.1241666670000001,92.47582363890638,0.0,93.0,0.77,0.13709677419354838,16.558441558441558,1.124166667,False,offpeak,2022-07-15 14:00:00,14,4,False,2022-07-15,-0.4999999999999997,-0.8660254037844388,-0.433883739117558,-0.9009688679024191,0,0,0,93,0.13351254480286737,77.388888893,0.13799283154121864,78.05000000300001,0.1424731182795699,73.301666666,0.1388888888888889,69.228055552,0.12455197132616488,60.781388885999995,0.1379928315412186,0.0044802867383487216,0.15057497013142176,True
639,105,12.583333333333334,84.0,12.0,1.1241666670000001,94.43000002799998,0.0,93.0,0.77,0.13530465949820789,16.341991341991342,1.1241666669999997,False,offpeak,2022-07-15 15:00:00,15,4,False,2022-07-15,-0.7071067811865471,-0.7071067811865479,-0.433883739117558,-0.9009688679024191,0,0,0,93,0.13709677419354838,82.261666667,0.13351254480286737,77.388888893,0.13799283154121864,78.05000000300001,0.12992831541218638,61.48916666499999,0.12544802867383512,59.875277776999994,0.13620071684587812,0.0023707449023826566,0.15050029868578255,True
640,105,14.833333333333334,83.825,11.975000000000001,1.1241666670000001,94.233270861275,0.0,93.0,0.77,0.15949820788530467,19.264069264069263,1.124166667,False,offpeak,2022-07-15 16:00:00,16,4,False,2022-07-15,-0.8660254037844385,-0.5000000000000004,-0.433883739117558,-0.9009688679024191,0,0,0,93,0.13530465949820789,84.0,0.13709677419354838,82.261666667,0.13351254480286737,77.388888893,0.14157706093189965,69.31361111300001,0.0967741935483871,45.74888889300001,0.13530465949820789,0.0017921146953338075,0.15072431302270012,True
641,105,15.583333333333334,90.999999996,12.999999996000001,1.1241666670000001,102.29916669250333,0.0,93.0,0.77,0.16756272401433692,20.238095238095237,1.1241666670000001,False,offpeak,2022-07-15 17:00:00,17,4,False,2022-07-15,-0.9659258262890683,-0.25881904510252063,-0.433883739117558,-0.9009688679024191,0,0,0,93,0.15949820788530467,83.825,0.13530465949820789,84.0,0.13709677419354838,82.261666667,0.11738351254480286,56.590138891,0.0985663082437276,45.500000004,0.1439665471923536,0.013480626160568866,0.151471027479092,True
642,105,16.666666666666668,95.890277779,13.698611112999997,1.1241666670000001,107.79665396852256,0.0,93.0,0.77,0.1792114695340502,21.645021645021647,1.1241666669999997,False,offpeak,2022-07-15 18:00:00,18,4,False,2022-07-15,-1.0,-1.8369701987210297e-16,-0.433883739117558,-0.9009688679024191,0,0,0,93,0.16756272401433692,90.999999996,0.15949820788530467,83.825,0.13530465949820789,84.0,0.14605734767025091,58.415000002000006,0.10842293906810037,56.449166667,0.15412186379928314,0.016787629027952212,0.15356182795698922,True
643,105,14.75,90.15027777499999,12.878611108000003,1.1241666670000001,101.34393729544593,0.0,93.0,0.77,0.1586021505376344,19.155844155844154,1.1241666670000001,False,offpeak,2022-07-15 19:00:00,19,4,False,2022-07-15,-0.9659258262890684,0.2588190451025203,-0.433883739117558,-0.9009688679024191,0,0,0,93,0.1792114695340502,95.890277779,0.16756272401433692,90.999999996,0.15949820788530467,83.825,0.14516129032258066,59.900555557000004,0.13351254480286737,70.396666668,0.16875746714456388,0.009910788544227132,0.1549432497013142,True
644,105,15.75,103.99472222099999,14.856388887000001,1.1241666670000001,116.9074002647724,0.0,93.0,0.77,0.1693548387096774,20.454545454545453,1.1241666670000001,False,offpeak,2022-07-15 20:00:00,20,4,False,2022-07-15,-0.8660254037844386,0.5000000000000001,-0.433883739117558,-0.9009688679024191,0,0,0,93,0.1586021505376344,90.15027777499999,0.1792114695340502,95.890277779,0.16756272401433692,90.999999996,0.14336917562724014,65.831111112,0.14605734767025091,75.05944444400001,0.16845878136200718,0.010333837450421376,0.15550328554360812,True
645,105,17.583333333333332,110.63888888599999,15.805555553000001,1.1241666670000001,124.37655095955795,0.0,93.0,0.77,0.18906810035842292,22.835497835497833,1.124166667,False,offpeak,2022-07-15 21:00:00,21,4,False,2022-07-15,-0.7071067811865477,0.7071067811865474,-0.433883739117558,-0.9009688679024191,0,0,0,93,0.1693548387096774,103.99472222099999,0.1586021505376344,90.15027777499999,0.1792114695340502,95.890277779,0.12724014336917563,71.56916666800001,0.17114695340501793,89.640833334,0.16905615292712065,0.010307905571527241,0.15658602150537634,True
646,105,17.25,107.479166666,15.354166667000001,1.1241666670000001,120.82449656285472,0.0,93.0,0.77,0.18548387096774194,22.4025974025974,1.124166667,False,offpeak,2022-07-15 22:00:00,22,4,False,2022-07-15,-0.5000000000000004,0.8660254037844384,-0.433883739117558,-0.9009688679024191,0,0,0,93,0.18906810035842292,110.63888888599999,0.1693548387096774,103.99472222099999,0.1586021505376344,90.15027777499999,0.13978494623655913,78.557499997,0.15770609318996415,86.306111113,0.1723416965352449,0.015451036029124631,0.15916218637992832,True
647,105,18.583333333333332,118.23194444699999,16.890277780999998,1.1241666670000001,132.91241092191314,0.0,93.0,0.77,0.19982078853046595,24.134199134199132,1.124166667,False,offpeak,2022-07-15 23:00:00,23,4,False,2022-07-15,-0.25881904510252157,0.9659258262890681,-0.433883739117558,-0.9009688679024191,0,0,0,93,0.18548387096774194,107.479166666,0.18906810035842292,110.63888888599999,0.1693548387096774,103.99472222099999,0.1639784946236559,87.60305555900001,0.1657706093189964,90.80555555800001,0.1813022700119474,0.01050083382989636,0.16106630824372759,True
648,105,19.666666666666668,122.892777775,17.556111113,1.1241666670000001,138.1519643896934,0.0,93.0,0.77,0.21146953405017924,25.541125541125542,1.124166667,False,offpeak,2022-07-16 00:00:00,0,5,True,2022-07-16,0.0,1.0,-0.9749279121818236,-0.2225209339563146,0,0,0,93,0.19982078853046595,118.23194444699999,0.18548387096774194,107.479166666,0.18906810035842292,110.63888888599999,0.16845878136200715,94.5,0.19175627240143367,100.14472221899999,0.19145758661887693,0.00746116845686776,0.16255973715651137,True
649,105,21.5,126.0,18.0,1.1241666670000001,141.645000042,0.0,93.0,0.77,0.23118279569892472,27.92207792207792,1.124166667,False,offpeak,2022-07-16 01:00:00,1,5,True,2022-07-16,0.25881904510252074,0.9659258262890683,-0.9749279121818236,-0.2225209339563146,0,0,0,93,0.21146953405017924,122.892777775,0.19982078853046595,118.23194444699999,0.18548387096774194,107.479166666,0.17473118279569894,94.5,0.17114695340501793,101.499999996,0.19892473118279572,0.013015984808543036,0.16435185185185183,True
650,105,19.666666666666668,129.88499998,18.554999998,1.1241666670000001,146.01238752081167,0.0,93.0,0.77,0.21146953405017924,25.541125541125542,1.124166667,False,offpeak,2022-07-16 02:00:00,2,5,True,2022-07-16,0.49999999999999994,0.8660254037844387,-0.9749279121818236,-0.2225209339563146,0,0,0,93,0.23118279569892472,126.0,0.21146953405017924,122.892777775,0.19982078853046595,118.23194444699999,0.16845878136200715,95.474166666,0.1792114695340502,101.499999996,0.21415770609318993,0.0158528727714645,0.16670400238948624,True
651,105,20.166666666666668,132.99999996,18.999999996,1.1241666670000001,149.51416666603333,0.0,93.0,0.77,0.21684587813620074,26.19047619047619,1.1241666670000001,False,offpeak,2022-07-16 03:00:00,3,5,True,2022-07-16,0.7071067811865476,0.7071067811865476,-0.9749279121818236,-0.2225209339563146,0,0,0,93,0.21146953405017924,129.88499998,0.23118279569892472,126.0,0.21146953405017924,122.892777775,0.19802867383512546,103.64083333200001,0.18369175627240142,103.65055555400001,0.21804062126642773,0.011381456919509113,0.16849611708482679,True
652,105,19.333333333333332,129.11305554,18.444722221,1.1241666670000001,145.1445933125877,0.0,93.0,0.77,0.2078853046594982,25.108225108225106,1.124166667,False,offpeak,2022-07-16 04:00:00,4,5,True,2022-07-16,0.8660254037844386,0.5000000000000001,-0.9749279121818236,-0.2225209339563146,0,0,0,93,0.21684587813620074,132.99999996,0.21146953405017924,129.88499998,0.23118279569892472,126.0,0.21057347670250895,108.500000004,0.18369175627240142,104.605277777,0.21983273596176822,0.01019039552522862,0.16928016726403824,True
653,105,21.25,122.301666668,17.471666667999997,1.1241666670000001,137.48745698671055,0.0,93.0,0.77,0.22849462365591397,27.597402597402596,1.1241666670000001,False,offpeak,2022-07-16 05:00:00,5,5,True,2022-07-16,0.9659258262890683,0.25881904510252074,-0.9749279121818236,-0.2225209339563146,0,0,0,93,0.2078853046594982,129.11305554,0.21684587813620074,132.99999996,0.21146953405017924,129.88499998,0.1845878136200717,102.86305555300001,0.1881720430107527,98.19055555400001,0.2120669056152927,0.004510056412946205,0.16916816009557945,True
654,105,18.666666666666668,111.999999996,15.999999996000001,1.1241666670000001,125.90666669950332,0.0,93.0,0.77,0.2007168458781362,24.242424242424242,1.124166667,False,offpeak,2022-07-16 06:00:00,6,5,True,2022-07-16,1.0,6.123233995736766e-17,-0.9749279121818236,-0.2225209339563146,0,0,0,93,0.22849462365591397,122.301666668,0.2078853046594982,129.11305554,0.21684587813620074,132.99999996,0.1693548387096774,97.027777776,0.16756272401433692,94.5,0.21774193548387097,0.010333837450422274,0.17099761051373955,True
655,105,17.083333333333332,108.12472222100001,15.446388887,1.1241666670000001,121.55020859948242,0.0,93.0,0.77,0.18369175627240142,22.186147186147185,1.124166667,False,offpeak,2022-07-16 07:00:00,7,5,True,2022-07-16,0.9659258262890683,-0.25881904510252063,-0.9749279121818236,-0.2225209339563146,0,0,0,93,0.2007168458781362,111.999999996,0.22849462365591397,122.301666668,0.2078853046594982,129.11305554,0.14695340501792115,82.738055554,0.15949820788530467,90.60527778000001,0.2123655913978494,0.014420678261139167,0.1723043608124253,True
656,105,16.916666666666668,105.0,15.0,1.1241666670000001,118.03750003500001,0.0,93.0,0.77,0.18189964157706096,21.969696969696972,1.1241666670000001,False,offpeak,2022-07-16 08:00:00,8,5,True,2022-07-16,0.8660254037844387,-0.4999999999999998,-0.9749279121818236,-0.2225209339563146,0,0,0,93,0.18369175627240142,108.12472222100001,0.2007168458781362,111.999999996,0.22849462365591397,122.301666668,0.13261648745519714,73.481527775,0.15143369175627241,88.861111113,0.20430107526881716,0.022615464989469522,0.17383512544802868,True
657,105,16.833333333333332,93.716388889,13.388055555000003,1.1241666670000001,105.35284054062296,0.0,93.0,0.77,0.18100358422939067,21.86147186147186,1.124166667,False,offpeak,2022-07-16 09:00:00,9,5,True,2022-07-16,0.7071067811865476,-0.7071067811865475,-0.9749279121818236,-0.2225209339563146,0,0,0,93,0.18189964157706096,105.0,0.18369175627240142,108.12472222100001,0.2007168458781362,111.999999996,0.13978494623655913,72.140833332,0.13082437275985662,71.821944446,0.18876941457586618,0.01038550695980487,0.17588859020310632,True
658,105,16.5,96.638888891,13.805555557999998,1.1241666670000001,108.63821762717876,0.0,93.0,0.77,0.1774193548387097,21.428571428571427,1.1241666669999997,False,offpeak,2022-07-16 10:00:00,10,5,True,2022-07-16,0.49999999999999994,-0.8660254037844387,-0.9749279121818236,-0.2225209339563146,0,0,0,93,0.18100358422939067,93.716388889,0.18189964157706096,105.0,0.18369175627240142,108.12472222100001,0.11290322580645161,67.946666665,0.1603942652329749,80.499999996,0.18219832735961763,0.0013687502075707357,0.17760603345280765,True
659,105,17.333333333333332,95.478055556,13.639722223000001,1.1241666670000001,107.33324748602935,0.0,93.0,0.77,0.18637992831541217,22.510822510822507,1.124166667,False,offpeak,2022-07-16 11:00:00,11,5,True,2022-07-16,0.258819045102521,-0.9659258262890682,-0.9749279121818236,-0.2225209339563146,0,0,0,93,0.1774193548387097,96.638888891,0.18100358422939067,93.716388889,0.18189964157706096,105.0,0.1424731182795699,73.301666666,0.16308243727598565,88.29333333299999,0.1801075268817204,0.0023707449023858814,0.18029420549581843,True
660,105,18.75,114.02805555399999,16.289722222,1.1241666670000001,128.186539156631,0.0,93.0,0.77,0.20161290322580644,24.35064935064935,1.124166667,False,offpeak,2022-07-16 12:00:00,12,5,True,2022-07-16,1.2246467991473532e-16,-1.0,-0.9749279121818236,-0.2225209339563146,0,0,0,93,0.18637992831541217,95.478055556,0.1774193548387097,96.638888891,0.18100358422939067,93.716388889,0.13799283154121864,78.05000000300001,0.13799283154121864,82.743888887,0.18160095579450417,0.004510056412944619,0.1821236559139785,True
661,105,17.0,109.86305555300001,15.69472222,1.1241666670000001,123.50438498745186,0.0,93.0,0.77,0.1827956989247312,22.07792207792208,1.124166667,False,offpeak,2022-07-16 13:00:00,13,5,True,2022-07-16,-0.2588190451025208,-0.9659258262890683,-0.9749279121818236,-0.2225209339563146,0,0,0,93,0.20161290322580644,114.02805555399999,0.18637992831541217,95.478055556,0.1774193548387097,96.638888891,0.13351254480286737,77.388888893,0.1496415770609319,80.499999996,0.1884707287933094,0.012231538368842831,0.18477449223416967,True
662,105,17.833333333333332,112.46277778,16.066111109999998,1.1241666670000001,126.42690605850423,0.0,93.0,0.77,0.19175627240143367,23.16017316017316,1.1241666669999997,False,offpeak,2022-07-16 14:00:00,14,5,True,2022-07-16,-0.4999999999999997,-0.8660254037844388,-0.9749279121818236,-0.2225209339563146,0,0,0,93,0.1827956989247312,109.86305555300001,0.20161290322580644,114.02805555399999,0.18637992831541217,95.478055556,0.13709677419354838,82.261666667,0.14874551971326166,79.82722222,0.19026284348864989,0.009991474721432103,0.18682795698924734,True
663,105,18.916666666666668,128.81944446999998,18.805555552999998,1.1241666670000001,144.81452553463146,0.0,93.0,0.77,0.20340501792114696,24.567099567099568,1.124166667,False,offpeak,2022-07-16 15:00:00,15,5,True,2022-07-16,-0.7071067811865471,-0.7071067811865479,-0.9749279121818236,-0.2225209339563146,0,0,0,93,0.19175627240143367,112.46277778,0.1827956989247312,109.86305555300001,0.20161290322580644,114.02805555399999,0.13530465949820789,84.0,0.1424731182795699,81.76194444500001,0.1920549581839904,0.009412157262000223,0.18910543608124253,True
664,105,19.25,111.29416666700001,16.426944443,1.1241666670000001,125.11319239858388,0.0,93.0,0.77,0.20698924731182797,25.0,1.1241666669999997,False,offpeak,2022-07-16 16:00:00,16,5,True,2022-07-16,-0.8660254037844385,-0.5000000000000004,-0.9749279121818236,-0.2225209339563146,0,0,0,93,0.20340501792114696,128.81944446999998,0.19175627240143367,112.46277778,0.1827956989247312,109.86305555300001,0.15949820788530467,83.825,0.15232974910394265,82.640833332,0.19265232974910393,0.01033383745042168,0.19194295101553163,True
665,105,19.916666666666668,116.102777771,17.586111114,1.1241666670000001,130.51887271626674,0.0,93.0,0.77,0.21415770609319,25.865800865800868,1.124166667,False,offpeak,2022-07-16 17:00:00,17,5,True,2022-07-16,-0.9659258262890683,-0.25881904510252063,-0.9749279121818236,-0.2225209339563146,0,0,0,93,0.20698924731182797,111.29416666700001,0.20340501792114696,128.81944446999998,0.19175627240143367,112.46277778,0.16756272401433692,90.999999996,0.16756272401433692,90.79388889,0.20071684587813618,0.007964331915157288,0.1939217443249701,True
666,105,22.0,129.303611087,19.471944446000002,1.1241666670000001,145.35880950673703,0.0,93.0,0.77,0.23655913978494625,28.57142857142857,1.124166667,False,offpeak,2022-07-16 18:00:00,18,5,True,2022-07-16,-1.0,-1.8369701987210297e-16,-0.9749279121818236,-0.2225209339563146,0,0,0,93,0.21415770609319,116.102777771,0.20698924731182797,111.29416666700001,0.20340501792114696,128.81944446999998,0.1792114695340502,95.890277779,0.13978494623655913,76.609166668,0.20818399044205496,0.005475000830293831,0.195863201911589,True
667,105,20.583333333333332,125.84833332400001,18.978333332,1.1241666670000001,141.47450142034612,0.0,93.0,0.77,0.22132616487455195,26.731601731601728,1.124166667,False,offpeak,2022-07-16 19:00:00,19,5,True,2022-07-16,-0.9659258262890684,0.2588190451025203,-0.9749279121818236,-0.2225209339563146,0,0,0,93,0.23655913978494625,129.303611087,0.21415770609319,116.102777771,0.20698924731182797,111.29416666700001,0.1586021505376344,90.15027777499999,0.13172043010752688,75.05555555499998,0.2192353643966547,0.015425031461977861,0.198252688172043,True
668,105,19.75,115.10722222199999,17.443888891,1.1241666670000001,129.39970235293407,0.0,93.0,0.77,0.21236559139784947,25.649350649350648,1.1241666670000001,False,offpeak,2022-07-16 20:00:00,20,5,True,2022-07-16,-0.8660254037844386,0.5000000000000001,-0.9749279121818236,-0.2225209339563146,0,0,0,93,0.22132616487455195,125.84833332400001,0.23655913978494625,129.303611087,0.21415770609319,116.102777771,0.1693548387096774,103.99472222099999,0.15053763440860216,90.74333333,0.2240143369175627,0.011440094386025064,0.20086618876941462,True
669,105,19.416666666666668,120.355277774,18.193611111,1.1241666670000001,135.29939147105674,0.0,93.0,0.77,0.20878136200716846,25.216450216450216,1.124166667,False,offpeak,2022-07-16 21:00:00,21,5,True,2022-07-16,-0.7071067811865477,0.7071067811865474,-0.9749279121818236,-0.2225209339563146,0,0,0,93,0.21236559139784947,115.10722222199999,0.22132616487455195,125.84833332400001,0.23655913978494625,129.303611087,0.18906810035842292,110.63888888599999,0.16845878136200715,96.844999996,0.22341696535244923,0.01223153836884328,0.20265830346475508,True
670,105,20.416666666666668,125.4225,18.917499997,1.1241666670000001,140.99579379180747,0.0,93.0,0.77,0.2195340501792115,26.515151515151516,1.1241666669999997,False,offpeak,2022-07-16 22:00:00,22,5,True,2022-07-16,-0.5000000000000004,0.8660254037844384,-0.9749279121818236,-0.2225209339563146,0,0,0,93,0.20878136200716846,120.355277774,0.21236559139784947,115.10722222199999,0.22132616487455195,125.84833332400001,0.18548387096774194,107.479166666,0.17831541218637992,101.499999996,0.21415770609318993,0.006461561425562953,0.20347968936678615,True
671,105,19.5,123.17861108000001,18.193888888,1.1241666670000001,138.47328866349287,0.0,93.0,0.77,0.20967741935483872,25.324675324675326,1.124166667,False,offpeak,2022-07-16 23:00:00,23,5,True,2022-07-16,-0.25881904510252157,0.9659258262890681,-0.9749279121818236,-0.2225209339563146,0,0,0,93,0.2195340501792115,125.4225,0.20878136200716846,120.355277774,0.21236559139784947,115.10722222199999,0.19982078853046595,118.23194444699999,0.17114695340501793,103.64083333200001,0.21356033452807646,0.005475000830294022,0.2048984468339307,True
672,105,20.25,128.53944445999997,18.862777776,1.1241666670000001,144.4997588566298,0.0,93.0,0.77,0.21774193548387097,26.2987012987013,1.1241666670000001,False,offpeak,2022-07-17 00:00:00,0,6,True,2022-07-17,0.0,1.0,-0.7818314824680299,0.6234898018587334,0,0,0,93,0.20967741935483872,123.17861108000001,0.2195340501792115,125.4225,0.20878136200716846,120.355277774,0.21146953405017924,122.892777775,0.1827956989247312,108.500000004,0.21266427718040623,0.005966243833763161,0.20530913978494625,True
673,105,22.083333333333332,136.5,20.000000004000004,1.1241666670000001,153.4487500455,0.0,93.0,0.77,0.23745519713261648,28.67965367965368,1.124166667,False,offpeak,2022-07-17 01:00:00,1,6,True,2022-07-17,0.25881904510252074,0.9659258262890683,-0.7818314824680299,0.6234898018587334,0,0,0,93,0.21774193548387097,128.53944445999997,0.20967741935483872,123.17861108000001,0.2195340501792115,125.4225,0.23118279569892472,126.0,0.2060931899641577,119.488055561,0.2156511350059737,0.005250416914948666,0.2055704898446834,True
674,105,23.333333333333332,143.19277774,20.956111111,1.1241666670000001,160.97254769044756,0.0,93.0,0.77,0.25089605734767023,30.3030303030303,1.1241666669999997,False,offpeak,2022-07-17 02:00:00,2,6,True,2022-07-17,0.49999999999999994,0.8660254037844387,-0.7818314824680299,0.6234898018587334,0,0,0,93,0.23745519713261648,136.5,0.21774193548387097,128.53944445999997,0.20967741935483872,123.17861108000001,0.21146953405017924,129.88499998,0.21415770609319,129.50000004,0.2216248506571087,0.014290171701201696,0.20583183990442055,True
675,105,22.416666666666668,139.60916665,20.444166669,1.1241666670000001,156.94397155557803,0.0,93.0,0.77,0.24103942652329752,29.112554112554115,1.124166667,False,offpeak,2022-07-17 03:00:00,3,6,True,2022-07-17,0.7071067811865476,0.7071067811865476,-0.7818314824680299,0.6234898018587334,0,0,0,93,0.25089605734767023,143.19277774,0.23745519713261648,136.5,0.21774193548387097,128.53944445999997,0.21684587813620074,132.99999996,0.22849462365591397,129.50000004,0.2353643966547192,0.016675656932148192,0.20747461170848266,True
676,105,20.916666666666668,132.61888891,19.445555555,1.1241666670000001,149.08573432719794,0.0,93.0,0.77,0.224910394265233,27.164502164502167,1.1241666669999997,False,offpeak,2022-07-17 04:00:00,4,6,True,2022-07-17,0.8660254037844386,0.5000000000000001,-0.7818314824680299,0.6234898018587334,0,0,0,93,0.24103942652329752,139.60916665,0.25089605734767023,143.19277774,0.23745519713261648,136.5,0.2078853046594982,129.11305554,0.19802867383512546,124.43277776000002,0.24313022700119472,0.006960083750138631,0.20848267622461172,True
677,105,21.333333333333332,129.50000004,18.999999996,1.1241666670000001,145.57958342146665,0.0,93.0,0.77,0.22939068100358423,27.705627705627702,1.124166667,False,offpeak,2022-07-17 05:00:00,5,6,True,2022-07-17,0.9659258262890683,0.25881904510252074,-0.7818314824680299,0.6234898018587334,0,0,0,93,0.224910394265233,132.61888891,0.24103942652329752,139.60916665,0.25089605734767023,143.19277774,0.22849462365591397,122.301666668,0.21774193548387097,118.607222206,0.23894862604540024,0.013118393820787472,0.20919205495818397,True
678,105,20.75,129.50000004,18.999999996,1.1241666670000001,145.57958342146665,0.0,93.0,0.77,0.22311827956989247,26.948051948051948,1.124166667,False,offpeak,2022-07-17 06:00:00,6,6,True,2022-07-17,1.0,6.123233995736766e-17,-0.7818314824680299,0.6234898018587334,0,0,0,93,0.22939068100358423,129.50000004,0.224910394265233,132.61888891,0.24103942652329752,139.60916665,0.2007168458781362,111.999999996,0.2025089605734767,119.38694442,0.2317801672640382,0.008325782475965963,0.20922939068100357,True
679,105,19.0,123.86111109000001,18.194444444,1.1241666670000001,139.24053242496203,0.0,93.0,0.77,0.20430107526881722,24.675324675324674,1.124166667,False,offpeak,2022-07-17 07:00:00,7,6,True,2022-07-17,0.9659258262890683,-0.25881904510252063,-0.7818314824680299,0.6234898018587334,0,0,0,93,0.22311827956989247,129.50000004,0.22939068100358423,129.50000004,0.224910394265233,132.61888891,0.18369175627240142,108.12472222100001,0.21594982078853045,122.49999996000001,0.22580645161290316,0.0032307807127821887,0.21016278375149341,True
680,105,19.333333333333332,112.394722212,16.556388888,1.1241666670000001,126.35040025745488,0.0,93.0,0.77,0.2078853046594982,25.108225108225106,1.1241666669999997,False,offpeak,2022-07-17 08:00:00,8,6,True,2022-07-17,0.8660254037844387,-0.4999999999999998,-0.7818314824680299,0.6234898018587334,0,0,0,93,0.20430107526881722,123.86111109000001,0.22311827956989247,129.50000004,0.22939068100358423,129.50000004,0.18189964157706096,105.0,0.1935483870967742,112.57166665,0.21893667861409793,0.013057044799518901,0.2110215053763441,True
681,105,15.583333333333334,100.702777779,14.886111110999998,1.1241666670000001,113.20670605346008,0.0,93.0,0.77,0.16756272401433692,20.238095238095237,1.124166667,False,offpeak,2022-07-17 09:00:00,9,6,True,2022-07-17,0.7071067811865476,-0.7071067811865475,-0.7818314824680299,0.6234898018587334,0,0,0,93,0.2078853046594982,112.394722212,0.20430107526881722,123.86111109000001,0.22311827956989247,129.50000004,0.18100358422939067,93.716388889,0.18189964157706096,104.99416666599998,0.2117682198327359,0.009991474721432471,0.21210424133811231,True
682,105,18.333333333333332,99.95222222,14.77888889,1.1241666670000001,112.36295651230073,0.0,93.0,0.77,0.1971326164874552,23.809523809523807,1.124166667,False,offpeak,2022-07-17 10:00:00,10,6,True,2022-07-17,0.49999999999999994,-0.8660254037844387,-0.7818314824680299,0.6234898018587334,0,0,0,93,0.16756272401433692,100.702777779,0.2078853046594982,112.394722212,0.20430107526881722,123.86111109000001,0.1774193548387097,96.638888891,0.17831541218637992,101.499999996,0.1932497013142174,0.02231764497398166,0.2115442054958184,True
683,105,17.5,108.892777781,16.056111107,1.1241666670000001,122.41363105843841,0.0,93.0,0.77,0.1881720430107527,22.727272727272727,1.124166667,False,offpeak,2022-07-17 11:00:00,11,6,True,2022-07-17,0.258819045102521,-0.9659258262890682,-0.7818314824680299,0.6234898018587334,0,0,0,93,0.1971326164874552,99.95222222,0.16756272401433692,100.702777779,0.2078853046594982,112.394722212,0.18637992831541217,95.478055556,0.1845878136200717,103.04388888700001,0.19086021505376338,0.020880251250414057,0.21236559139784947,True
684,105,20.5,115.5,17.000000004,1.1241666670000001,129.84125003849996,0.0,93.0,0.77,0.22043010752688172,26.623376623376622,1.1241666669999997,False,offpeak,2022-07-17 12:00:00,12,6,True,2022-07-17,1.2246467991473532e-16,-1.0,-0.7818314824680299,0.6234898018587334,0,0,0,93,0.1881720430107527,108.892777781,0.1971326164874552,99.95222222,0.16756272401433692,100.702777779,0.20161290322580644,114.02805555399999,0.18727598566308246,108.500000004,0.18428912783751492,0.015162533030462402,0.21244026284348863,True
685,105,18.416666666666668,112.194444446,16.527777778000004,1.1241666670000001,126.12525466877648,0.0,93.0,0.77,0.19802867383512546,23.91774891774892,1.124166667,False,offpeak,2022-07-17 13:00:00,13,6,True,2022-07-17,-0.2588190451025208,-0.9659258262890683,-0.7818314824680299,0.6234898018587334,0,0,0,93,0.22043010752688172,115.5,0.1881720430107527,108.892777781,0.1971326164874552,99.95222222,0.1827956989247312,109.86305555300001,0.19802867383512546,106.54777778100001,0.20191158900836315,0.016651564951931177,0.2132243130227001,True
686,105,18.083333333333332,103.43472222099999,15.276388888,1.1241666670000001,116.27786693125238,0.0,93.0,0.77,0.19444444444444442,23.484848484848484,1.124166667,False,offpeak,2022-07-17 14:00:00,14,6,True,2022-07-17,-0.4999999999999997,-0.8660254037844388,-0.7818314824680299,0.6234898018587334,0,0,0,93,0.19802867383512546,112.194444446,0.22043010752688172,115.5,0.1881720430107527,108.892777781,0.19175627240143367,112.46277778,0.16666666666666666,94.5,0.20221027479091994,0.016530578377564817,0.2138590203106332,True
687,105,14.166666666666666,90.79583333500001,13.470833331000001,1.1241666670000001,102.06964933769447,0.0,93.0,0.77,0.15232974910394265,18.398268398268396,1.1241666670000001,False,offpeak,2022-07-17 15:00:00,15,6,True,2022-07-17,-0.7071067811865471,-0.7071067811865479,-0.7818314824680299,0.6234898018587334,0,0,0,93,0.19444444444444442,103.43472222099999,0.19802867383512546,112.194444446,0.22043010752688172,115.5,0.20340501792114696,128.81944446999998,0.17025089605734767,87.892777779,0.20430107526881716,0.014082646635754299,0.213971027479092,True
688,105,15.166666666666666,87.500000004,12.999999996000001,1.1241666670000001,98.36458336699668,0.0,93.0,0.77,0.16308243727598565,19.696969696969695,1.1241666670000001,False,offpeak,2022-07-17 16:00:00,16,6,True,2022-07-17,-0.8660254037844385,-0.5000000000000004,-0.7818314824680299,0.6234898018587334,0,0,0,93,0.15232974910394265,90.79583333500001,0.19444444444444442,103.43472222099999,0.19802867383512546,112.194444446,0.20698924731182797,111.29416666700001,0.12365591397849462,70.482222224,0.1816009557945041,0.025412877265717775,0.21184289127837516,True
689,105,15.083333333333334,90.605277777,13.804166667999999,1.1241666670000001,101.85543313117927,0.0,93.0,0.77,0.16218637992831542,19.58874458874459,1.1241666670000001,False,offpeak,2022-07-17 17:00:00,17,6,True,2022-07-17,-0.9659258262890683,-0.25881904510252063,-0.7818314824680299,0.6234898018587334,0,0,0,93,0.16308243727598565,87.500000004,0.15232974910394265,90.79583333500001,0.19444444444444442,103.43472222099999,0.21415770609319,116.102777771,0.14695340501792115,71.36888889000001,0.16995221027479088,0.021881664166538018,0.2100134408602151,True
690,105,17.166666666666668,94.29777777700001,14.471111113,1.1241666670000001,106.00641854907673,0.0,93.0,0.77,0.1845878136200717,22.294372294372295,1.1241666669999997,False,offpeak,2022-07-17 18:00:00,18,6,True,2022-07-17,-1.0,-1.8369701987210297e-16,-0.7818314824680299,0.6234898018587334,0,0,0,93,0.16218637992831542,90.605277777,0.16308243727598565,87.500000004,0.15232974910394265,90.79583333500001,0.23655913978494625,129.303611087,0.1442652329749104,77.196388887,0.15919952210274788,0.005966243833762659,0.2078479689366786,True
691,105,16.916666666666668,99.645972224,15.082222222999999,1.1241666670000001,112.01868047502865,0.0,93.0,0.77,0.18189964157706096,21.969696969696972,1.124166667,False,offpeak,2022-07-17 19:00:00,19,6,True,2022-07-17,-0.9659258262890684,0.2588190451025203,-0.7818314824680299,0.6234898018587334,0,0,0,93,0.1845878136200717,94.29777777700001,0.16218637992831542,90.605277777,0.16308243727598565,87.500000004,0.22132616487455195,125.84833332400001,0.15053763440860216,73.5,0.16995221027479088,0.012682720278113516,0.2056824970131422,True
692,105,19.0,112.116666668,16.516666667,1.1241666670000001,126.03781948331553,0.0,93.0,0.77,0.20430107526881722,24.675324675324674,1.124166667,False,offpeak,2022-07-17 20:00:00,20,6,True,2022-07-17,-0.8660254037844386,0.5000000000000001,-0.7818314824680299,0.6234898018587334,0,0,0,93,0.18189964157706096,99.645972224,0.1845878136200717,94.29777777700001,0.16218637992831542,90.605277777,0.21236559139784947,115.10722222199999,0.15143369175627241,74.72305555499999,0.17622461170848266,0.012231538368842991,0.20403972520908,True
693,105,21.75,120.56527775,17.723611112,1.1241666670000001,135.53546644414675,0.0,93.0,0.77,0.23387096774193547,28.246753246753247,1.124166667,False,offpeak,2022-07-17 21:00:00,21,6,True,2022-07-17,-0.7071067811865477,0.7071067811865474,-0.7818314824680299,0.6234898018587334,0,0,0,93,0.20430107526881722,112.116666668,0.18189964157706096,99.645972224,0.1845878136200717,94.29777777700001,0.20878136200716846,120.355277774,0.1586021505376344,88.606388891,0.19026284348864994,0.012231538368843038,0.20370370370370372,True
694,105,21.166666666666668,121.52972218900001,17.861388889,1.1241666670000001,136.61966273464407,0.0,93.0,0.77,0.22759856630824374,27.48917748917749,1.124166667,False,offpeak,2022-07-17 22:00:00,22,6,True,2022-07-17,-0.5000000000000004,0.8660254037844384,-0.7818314824680299,0.6234898018587334,0,0,0,93,0.23387096774193547,120.56527775,0.20430107526881722,112.116666668,0.18189964157706096,99.645972224,0.2195340501792115,125.4225,0.17204301075268819,92.36305555700001,0.2066905615292712,0.026067928941049732,0.20474910394265233,True
695,105,18.5,112.196388891,16.528055556,1.1241666670000001,126.12744054903129,0.0,93.0,0.77,0.1989247311827957,24.025974025974026,1.124166667,False,offpeak,2022-07-17 23:00:00,23,6,True,2022-07-17,-0.25881904510252157,0.9659258262890681,-0.7818314824680299,0.6234898018587334,0,0,0,93,0.22759856630824374,121.52972218900001,0.23387096774193547,120.56527775,0.20430107526881722,112.116666668,0.20967741935483872,123.17861108000001,0.15770609318996415,87.500000004,0.22192353643966545,0.015580407832431373,0.2050851254480287,True
696,105,19.166666666666668,108.500000004,15.999999996000001,1.1241666670000001,121.97208337399665,0.0,93.0,0.77,0.2060931899641577,24.891774891774894,1.124166667,False,offpeak,2022-07-18 00:00:00,0,0,False,2022-07-18,0.0,1.0,0.0,1.0,0,0,0,93,0.1989247311827957,112.196388891,0.22759856630824374,121.52972218900001,0.23387096774193547,120.56527775,0.21774193548387097,128.53944445999997,0.16756272401433692,87.500000004,0.2201314217443249,0.0186313861096186,0.20463709677419353,True
697,105,19.333333333333332,108.902500004,16.057499996,1.1241666670000001,122.42456045746415,0.0,93.0,0.77,0.2078853046594982,25.108225108225106,1.124166667,False,offpeak,2022-07-18 01:00:00,1,0,False,2022-07-18,0.25881904510252074,0.9659258262890683,0.0,1.0,0,0,0,93,0.2060931899641577,108.500000004,0.1989247311827957,112.196388891,0.22759856630824374,121.52972218900001,0.23745519713261648,136.5,0.16845878136200715,87.500000004,0.21087216248506568,0.014922336913735804,0.20415173237753884,True
698,105,19.25,118.22999999000001,17.390000002,1.1241666670000001,132.91022502816833,0.0,93.0,0.77,0.20698924731182797,25.0,1.124166667,False,offpeak,2022-07-18 02:00:00,2,0,False,2022-07-18,0.49999999999999994,0.8660254037844387,0.0,1.0,0,0,0,93,0.2078853046594982,108.902500004,0.2060931899641577,108.500000004,0.1989247311827957,112.196388891,0.25089605734767023,143.19277774,0.16308243727598565,95.279722222,0.20430107526881716,0.00474148980477544,0.20291965352449223,True
699,105,20.416666666666668,122.49999996000001,18.0,1.1241666670000001,137.71041666253333,0.0,93.0,0.77,0.2195340501792115,26.515151515151516,1.124166667,False,offpeak,2022-07-18 03:00:00,3,0,False,2022-07-18,0.7071067811865476,0.7071067811865476,0.0,1.0,0,0,0,93,0.20698924731182797,118.22999999000001,0.2078853046594982,108.902500004,0.2060931899641577,108.500000004,0.24103942652329752,139.60916665,0.17114695340501793,94.77027777800001,0.2069892473118279,0.0008960573476712638,0.20109020310633216,True
700,105,19.666666666666668,118.613055539,17.444722224,1.1241666670000001,133.3408433079635,0.0,93.0,0.77,0.21146953405017924,25.541125541125542,1.124166667,False,offpeak,2022-07-18 04:00:00,4,0,False,2022-07-18,0.8660254037844386,0.5000000000000001,0.0,1.0,0,0,0,93,0.2195340501792115,122.49999996000001,0.20698924731182797,118.22999999000001,0.2078853046594982,108.902500004,0.224910394265233,132.61888891,0.17204301075268819,94.5,0.21146953405017918,0.006998431609235507,0.20019414575866187,True
701,105,20.0,115.5,17.000000004,1.1241666670000001,129.84125003849996,0.0,93.0,0.77,0.21505376344086022,25.974025974025974,1.1241666669999997,False,offpeak,2022-07-18 05:00:00,5,0,False,2022-07-18,0.9659258262890683,0.25881904510252074,0.0,1.0,0,0,0,93,0.21146953405017924,118.613055539,0.2195340501792115,122.49999996000001,0.20698924731182797,118.22999999000001,0.22939068100358423,129.50000004,0.19086021505376344,94.5,0.21266427718040617,0.006357167459316998,0.19963410991636799,True
702,105,20.0,115.5,17.000000004,1.1241666670000001,129.84125003849996,0.0,93.0,0.77,0.21505376344086022,25.974025974025974,1.1241666669999997,False,offpeak,2022-07-18 06:00:00,6,0,False,2022-07-18,1.0,6.123233995736766e-17,0.0,1.0,0,0,0,93,0.21505376344086022,115.5,0.21146953405017924,118.613055539,0.2195340501792115,122.49999996000001,0.22311827956989247,129.50000004,0.15681003584229392,92.56041666499999,0.21535244922341693,0.004040546373497467,0.19903673835125446,True
703,105,16.583333333333332,104.010277779,15.358611110999998,1.1241666670000001,116.92488730456259,0.0,93.0,0.77,0.17831541218637992,21.536796536796533,1.124166667,False,offpeak,2022-07-18 07:00:00,7,0,False,2022-07-18,0.9659258262890683,-0.25881904510252063,0.0,1.0,0,0,0,93,0.21505376344086022,115.5,0.21505376344086022,115.5,0.21146953405017924,118.613055539,0.20430107526881722,123.86111109000001,0.14157706093189965,84.383055555,0.2138590203106332,0.002069355803547527,0.19870071684587817,True
704,105,13.333333333333334,82.43861110899999,12.276944443,1.1241666670000001,92.67473868251369,0.0,93.0,0.77,0.14336917562724014,17.316017316017316,1.124166667,False,offpeak,2022-07-18 08:00:00,8,0,False,2022-07-18,0.8660254037844387,-0.4999999999999998,0.0,1.0,0,0,0,93,0.17831541218637992,104.010277779,0.21505376344086022,115.5,0.21505376344086022,115.5,0.2078853046594982,112.394722212,0.11290322580645161,63.18472222199999,0.20280764635603343,0.02121089698635728,0.19761798088410995,True
705,105,14.166666666666666,79.33333333099999,11.833333334,1.1241666670000001,89.18388891271026,0.0,93.0,0.77,0.15232974910394265,18.398268398268396,1.124166667,False,offpeak,2022-07-18 09:00:00,9,0,False,2022-07-18,0.7071067811865476,-0.7071067811865475,0.0,1.0,0,0,0,93,0.14336917562724014,82.43861110899999,0.17831541218637992,104.010277779,0.21505376344086022,115.5,0.16756272401433692,100.702777779,0.09946236559139784,51.140833332,0.17891278375149336,0.035846027284655406,0.19492980884109914,True
706,105,13.916666666666666,83.22611111,12.389444443000002,1.1241666670000001,93.56001993390038,0.0,93.0,0.77,0.1496415770609319,18.073593073593074,1.1241666670000001,False,offpeak,2022-07-18 10:00:00,10,0,False,2022-07-18,0.49999999999999994,-0.8660254037844387,0.0,1.0,0,0,0,93,0.15232974910394265,79.33333333099999,0.14336917562724014,82.43861110899999,0.17831541218637992,104.010277779,0.1971326164874552,99.95222222,0.11827956989247312,59.885000001,0.15800477897252085,0.01815115245428744,0.1942951015531661,True
707,105,15.333333333333334,82.43666666499999,12.276666666,1.1241666670000001,92.67255280338304,0.0,93.0,0.77,0.16487455197132617,19.913419913419915,1.124166667,False,offpeak,2022-07-18 11:00:00,11,0,False,2022-07-18,0.258819045102521,-0.9659258262890682,0.0,1.0,0,0,0,93,0.1496415770609319,83.22611111,0.15232974910394265,79.33333333099999,0.14336917562724014,82.43861110899999,0.1881720430107527,108.892777781,0.11827956989247312,69.65388888499999,0.14844683393070485,0.004598209175132093,0.19231630824372759,True
708,105,13.583333333333334,75.428888888,11.275555557999997,1.1241666670000001,84.79464261673631,0.0,93.0,0.77,0.14605734767025091,17.64069264069264,1.1241666670000001,False,offpeak,2022-07-18 12:00:00,12,0,False,2022-07-18,1.2246467991473532e-16,-1.0,0.0,1.0,0,0,0,93,0.16487455197132617,82.43666666499999,0.1496415770609319,83.22611111,0.15232974910394265,79.33333333099999,0.22043010752688172,115.5,0.11379928315412187,66.10916666399999,0.15561529271206687,0.008130619826055351,0.1913455794504182,True
709,105,13.833333333333334,78.56138888599999,11.723055557,1.1241666670000001,88.31609469886546,0.0,93.0,0.77,0.14874551971326166,17.965367965367967,1.1241666670000001,False,offpeak,2022-07-18 13:00:00,13,0,False,2022-07-18,-0.2588190451025208,-0.9659258262890683,0.0,1.0,0,0,0,93,0.14605734767025091,75.428888888,0.16487455197132617,82.43666666499999,0.1496415770609319,83.22611111,0.19802867383512546,112.194444446,0.10663082437275985,60.859166668,0.1535244922341696,0.009991474721432544,0.18824671445639188,True
710,105,13.166666666666666,78.748055553,11.749722223,1.1241666670000001,88.52593914374685,0.0,93.0,0.77,0.14157706093189965,17.0995670995671,1.1241666670000001,False,offpeak,2022-07-18 14:00:00,14,0,False,2022-07-18,-0.4999999999999997,-0.8660254037844388,0.0,1.0,0,0,0,93,0.14874551971326166,78.56138888599999,0.14605734767025091,75.428888888,0.16487455197132617,82.43666666499999,0.19444444444444442,103.43472222099999,0.08154121863799282,50.145277779,0.15322580645161288,0.010177255100000691,0.18619324970131423,True
711,105,13.25,73.888888889,11.055555554000001,1.1241666670000001,83.06342595068044,0.0,93.0,0.77,0.1424731182795699,17.207792207792206,1.1241666669999997,False,offpeak,2022-07-18 15:00:00,15,0,False,2022-07-18,-0.7071067811865471,-0.7071067811865479,0.0,1.0,0,0,0,93,0.14157706093189965,78.748055553,0.14874551971326166,78.56138888599999,0.14605734767025091,75.428888888,0.15232974910394265,90.79583333500001,0.07168458781362007,36.573055559,0.14545997610513736,0.00362137265620792,0.18399044205495818,True
712,105,14.0,66.500000004,9.999999996000001,1.1241666670000001,74.75708335999667,0.0,93.0,0.77,0.15053763440860216,18.18181818181818,1.1241666670000001,False,offpeak,2022-07-18 16:00:00,16,0,False,2022-07-18,-0.8660254037844385,-0.5000000000000004,0.0,1.0,0,0,0,93,0.1424731182795699,73.888888889,0.14157706093189965,78.748055553,0.14874551971326166,78.56138888599999,0.16308243727598565,87.500000004,0.08781362007168458,44.731944442999996,0.14426523297491037,0.003905823426112268,0.18357974910394267,True
713,105,11.416666666666666,68.640833336,10.305833331999999,1.1241666670000001,77.16373683143361,0.0,93.0,0.77,0.12275985663082437,14.826839826839826,1.124166667,False,offpeak,2022-07-18 17:00:00,17,0,False,2022-07-18,-0.9659258262890683,-0.25881904510252063,0.0,1.0,0,0,0,93,0.15053763440860216,66.500000004,0.1424731182795699,73.888888889,0.14157706093189965,78.748055553,0.16218637992831542,90.605277777,0.10842293906810037,57.963888888,0.14486260454002386,0.004935099056708407,0.1830570489844683,True
714,105,14.583333333333334,78.946388887,11.778055556,1.1241666670000001,88.74889886678463,0.0,93.0,0.77,0.15681003584229392,18.93939393939394,1.1241666670000001,False,offpeak,2022-07-18 18:00:00,18,0,False,2022-07-18,-1.0,-1.8369701987210297e-16,0.0,1.0,0,0,0,93,0.12275985663082437,68.640833336,0.15053763440860216,66.500000004,0.1424731182795699,73.888888889,0.1845878136200717,94.29777777700001,0.12096774193548387,63.573611111,0.1385902031063321,0.014290171701201707,0.18141427718040623,True
715,105,16.166666666666668,94.558333334,14.008333335999998,1.1241666670000001,106.29932642115777,0.0,93.0,0.77,0.17383512544802868,20.995670995670995,1.124166667,False,offpeak,2022-07-18 19:00:00,19,0,False,2022-07-18,-0.9659258262890684,0.2588190451025203,0.0,1.0,0,0,0,93,0.15681003584229392,78.946388887,0.12275985663082437,68.640833336,0.15053763440860216,66.500000004,0.18189964157706096,99.645972224,0.11469534050179211,69.72777777399999,0.14336917562724014,0.018121638365731926,0.18025686977299882,True
716,105,17.583333333333332,101.105277774,14.943611111,1.1241666670000001,113.65918313130673,0.0,93.0,0.77,0.18906810035842292,22.835497835497833,1.1241666669999997,False,offpeak,2022-07-18 20:00:00,20,0,False,2022-07-18,-0.8660254037844386,0.5000000000000001,0.0,1.0,0,0,0,93,0.17383512544802868,94.558333334,0.15681003584229392,78.946388887,0.12275985663082437,68.640833336,0.20430107526881722,112.116666668,0.11917562724014337,71.168611109,0.15113500597371562,0.02600625394389523,0.17992084826762247,True
717,105,16.666666666666668,94.5,14.000000003999999,1.1241666670000001,106.2337500315,0.0,93.0,0.77,0.1792114695340502,21.645021645021647,1.124166667,False,offpeak,2022-07-18 21:00:00,21,0,False,2022-07-18,-0.7071067811865477,0.7071067811865474,0.0,1.0,0,0,0,93,0.18906810035842292,101.105277774,0.17383512544802868,94.558333334,0.15681003584229392,78.946388887,0.23387096774193547,120.56527775,0.12455197132616488,70.515277778,0.17323775388291515,0.016137326952497172,0.17928614097968934,True
718,105,13.75,88.281666667,13.111666667,1.1241666670000001,99.2433069742464,0.0,93.0,0.77,0.1478494623655914,17.857142857142858,1.1241666670000001,False,offpeak,2022-07-18 22:00:00,22,0,False,2022-07-18,-0.5000000000000004,0.8660254037844384,0.0,1.0,0,0,0,93,0.1792114695340502,94.5,0.18906810035842292,101.105277774,0.17383512544802868,94.558333334,0.22759856630824374,121.52972218900001,0.13351254480286737,77.000000004,0.1807048984468339,0.007725518014562504,0.17700866188769415,True
719,105,14.083333333333334,87.500000004,12.999999996000001,1.1241666670000001,98.36458336699668,0.0,93.0,0.77,0.15143369175627241,18.29004329004329,1.1241666670000001,False,offpeak,2022-07-18 23:00:00,23,0,False,2022-07-18,-0.25881904510252157,0.9659258262890681,0.0,1.0,0,0,0,93,0.1478494623655914,88.281666667,0.1792114695340502,94.5,0.18906810035842292,101.105277774,0.1989247311827957,112.196388891,0.15412186379928317,82.06333333399999,0.17204301075268813,0.02152403611015115,0.17368578255675027,True
0,107,24.333333333333332,117.710833331,17.786944444,0.9263636359999999,109.04303556109515,0.0,88.0,0.89,0.2765151515151515,27.34082397003745,0.9263636359999999,False,offpeak,2022-06-19 00:00:00,0,6,True,2022-06-19,0.0,1.0,-0.7818314824680299,0.6234898018587334,0,0,2,86,,,,,,,,,,,,,,False
1,107,24.166666666666668,123.17763886,18.19361111,0.9263636359999999,114.10728540824451,0.0,88.0,0.89,0.27462121212121215,27.15355805243446,0.926363636,False,offpeak,2022-06-19 01:00:00,1,6,True,2022-06-19,0.25881904510252074,0.9659258262890683,-0.7818314824680299,0.6234898018587334,0,0,2,86,0.2765151515151515,117.710833331,,,,,,,,,,,,False
2,107,23.75,120.16666665100001,17.666666668,0.9263636359999999,111.31803024482032,0.0,88.0,0.89,0.26988636363636365,26.685393258426966,0.926363636,False,offpeak,2022-06-19 02:00:00,2,6,True,2022-06-19,0.49999999999999994,0.8660254037844387,-0.7818314824680299,0.6234898018587334,0,0,2,86,0.27462121212121215,123.17763886,0.2765151515151515,117.710833331,,,,,,,,,,False
3,107,24.416666666666668,126.58138889,18.583055554,0.9263636359999999,117.26039566207041,0.0,88.0,0.89,0.2774621212121212,27.43445692883895,0.926363636,False,offpeak,2022-06-19 03:00:00,3,6,True,2022-06-19,0.7071067811865476,0.7071067811865476,-0.7818314824680299,0.6234898018587334,0,0,2,86,0.26988636363636365,120.16666665100001,0.27462121212121215,123.17763886,0.2765151515151515,117.710833331,,,,,0.27367424242424243,0.0034143477987348277,,False
4,107,24.5,125.99611112,18.499444443,0.9263636359999999,116.71821561898325,0.0,88.0,0.89,0.2784090909090909,27.528089887640448,0.9263636360000002,False,offpeak,2022-06-19 04:00:00,4,6,True,2022-06-19,0.8660254037844386,0.5000000000000001,-0.7818314824680299,0.6234898018587334,0,0,2,86,0.2774621212121212,126.58138889,0.26988636363636365,120.16666665100001,0.27462121212121215,123.17763886,,,,,0.273989898989899,0.003827132466219109,,False
5,107,24.25,124.2597222,18.251388888,0.9263636359999999,115.10968806554195,0.0,88.0,0.89,0.2755681818181818,27.247191011235955,0.9263636360000003,False,offpeak,2022-06-19 05:00:00,5,6,True,2022-06-19,0.9659258262890683,0.25881904510252074,-0.7818314824680299,0.6234898018587334,0,0,2,86,0.2784090909090909,125.99611112,0.2774621212121212,126.58138889,0.26988636363636365,120.16666665100001,,,,,0.27525252525252525,0.004671290589314615,,False
6,107,24.333333333333332,124.84111109999999,18.334444443000002,0.9263636359999999,115.64826560087599,0.0,88.0,0.89,0.2765151515151515,27.34082397003745,0.9263636360000003,False,offpeak,2022-06-19 06:00:00,6,6,True,2022-06-19,1.0,6.123233995736766e-17,-0.7818314824680299,0.6234898018587334,0,0,2,86,0.2755681818181818,124.2597222,0.2784090909090909,125.99611112,0.2774621212121212,126.58138889,,,,,0.27714646464646464,0.0014465201057309788,,False
7,107,23.916666666666668,121.94583332,17.920833333999997,0.9263636359999999,112.96618554936516,0.0,88.0,0.89,0.27178030303030304,26.872659176029963,0.926363636,False,offpeak,2022-06-19 07:00:00,7,6,True,2022-06-19,0.9659258262890683,-0.25881904510252063,-0.7818314824680299,0.6234898018587334,0,0,2,86,0.2765151515151515,124.84111109999999,0.2755681818181818,124.2597222,0.2784090909090909,125.99611112,,,,,0.27683080808080807,0.0014465201057309788,,False
8,107,21.666666666666668,107.31583333199998,15.830833333000001,0.9263636359999999,99.4134855658015,0.0,88.0,0.89,0.24621212121212122,24.344569288389515,0.9263636359999999,False,offpeak,2022-06-19 08:00:00,8,6,True,2022-06-19,0.8660254037844387,-0.4999999999999998,-0.7818314824680299,0.6234898018587334,0,0,2,86,0.27178030303030304,121.94583332,0.2765151515151515,124.84111109999999,0.2755681818181818,124.2597222,,,,,0.2746212121212121,0.0025054463172959705,,False
9,107,18.75,89.136249998,12.747222220000001,0.9263636359999999,82.57258064755229,0.0,88.0,0.89,0.21306818181818182,21.06741573033708,0.9263636360000002,False,offpeak,2022-06-19 09:00:00,9,6,True,2022-06-19,0.7071067811865476,-0.7071067811865475,-0.7818314824680299,0.6234898018587334,0,0,2,86,0.24621212121212122,107.31583333199998,0.27178030303030304,121.94583332,0.2765151515151515,124.84111109999999,,,,,0.26483585858585856,0.01630145370413552,,False
10,107,19.083333333333332,91.62027777499999,13.088611109,0.9263636359999999,84.87369365097899,0.0,88.0,0.89,0.21685606060606058,21.44194756554307,0.9263636360000002,False,offpeak,2022-06-19 10:00:00,10,6,True,2022-06-19,0.49999999999999994,-0.8660254037844387,-0.7818314824680299,0.6234898018587334,0,0,2,86,0.21306818181818182,89.136249998,0.24621212121212122,107.31583333199998,0.27178030303030304,121.94583332,,,,,0.2436868686868687,0.029437407656652145,,False
11,107,18.333333333333332,86.10194444599999,12.300277778999998,0.9263636359999999,79.76171032366658,0.0,88.0,0.89,0.20833333333333331,20.599250936329586,0.9263636360000003,False,offpeak,2022-06-19 11:00:00,11,6,True,2022-06-19,0.258819045102521,-0.9659258262890682,-0.7818314824680299,0.6234898018587334,0,0,2,86,0.21685606060606058,91.62027777499999,0.21306818181818182,89.136249998,0.24621212121212122,107.31583333199998,,,,,0.22537878787878787,0.018141329602905244,,False
12,107,16.75,74.47999999700001,10.639999997,0.9263636359999999,68.99556360650091,0.0,88.0,0.89,0.1903409090909091,18.820224719101123,0.9263636359999999,False,offpeak,2022-06-19 12:00:00,12,6,True,2022-06-19,1.2246467991473532e-16,-1.0,-0.7818314824680299,0.6234898018587334,0,0,2,86,0.20833333333333331,86.10194444599999,0.21685606060606058,91.62027777499999,0.21306818181818182,89.136249998,,,,,0.21275252525252522,0.004270122871990909,,False
13,107,17.333333333333332,78.748055558,11.249722224999998,0.9263636359999999,72.94933507463891,0.0,88.0,0.89,0.19696969696969696,19.47565543071161,0.9263636360000003,False,offpeak,2022-06-19 13:00:00,13,6,True,2022-06-19,-0.2588190451025208,-0.9659258262890683,-0.7818314824680299,0.6234898018587334,0,0,2,86,0.1903409090909091,74.47999999700001,0.20833333333333331,86.10194444599999,0.21685606060606058,91.62027777499999,,,,,0.20517676767676765,0.01353647830959045,,False
14,107,17.333333333333332,80.476666666,11.496666667,0.9263636359999999,74.55065754587577,0.0,88.0,0.89,0.19696969696969696,19.47565543071161,0.926363636,False,offpeak,2022-06-19 14:00:00,14,6,True,2022-06-19,-0.4999999999999997,-0.8660254037844388,-0.7818314824680299,0.6234898018587334,0,0,2,86,0.19696969696969696,78.748055558,0.1903409090909091,74.47999999700001,0.20833333333333331,86.10194444599999,,,,,0.1985479797979798,0.009099454106943874,,False
15,107,17.0,76.854166668,10.979166668,0.9263636359999999,71.1949052763185,0.0,88.0,0.89,0.19318181818181818,19.10112359550562,0.926363636,False,offpeak,2022-06-19 15:00:00,15,6,True,2022-06-19,-0.7071067811865471,-0.7071067811865479,-0.7818314824680299,0.6234898018587334,0,0,2,86,0.19696969696969696,80.476666666,0.19696969696969696,78.748055558,0.1903409090909091,74.47999999700001,,,,,0.194760101010101,0.00382713246621836,,False
16,107,15.083333333333334,62.638333334,8.948333334,0.9263636359999999,58.02587422026424,0.0,88.0,0.89,0.17140151515151517,16.94756554307116,0.9263636359999999,False,offpeak,2022-06-19 16:00:00,16,6,True,2022-06-19,-0.8660254037844385,-0.5000000000000004,-0.7818314824680299,0.6234898018587334,0,0,2,86,0.19318181818181818,76.854166668,0.19696969696969696,80.476666666,0.19696969696969696,78.748055558,,,,,0.19570707070707072,0.002186932837838207,,False
17,107,14.833333333333334,61.810000001000006,8.830000001,0.9263636359999999,57.258536342086366,0.0,88.0,0.89,0.16856060606060608,16.666666666666668,0.9263636359999999,False,offpeak,2022-06-19 17:00:00,17,6,True,2022-06-19,-0.9659258262890683,-0.25881904510252063,-0.7818314824680299,0.6234898018587334,0,0,2,86,0.17140151515151517,62.638333334,0.19318181818181818,76.854166668,0.19696969696969696,80.476666666,,,,,0.18718434343434343,0.013798922344945706,,False
18,107,15.0,63.746666665999996,9.106666666,0.9263636359999999,59.05259391559577,0.0,88.0,0.89,0.17045454545454544,16.853932584269664,0.9263636360000003,False,offpeak,2022-06-19 18:00:00,18,6,True,2022-06-19,-1.0,-1.8369701987210297e-16,-0.7818314824680299,0.6234898018587334,0,0,2,86,0.16856060606060608,61.810000001000006,0.17140151515151517,62.638333334,0.19318181818181818,76.854166668,,,,,0.1777146464646465,0.01347006836701478,,False
19,107,16.833333333333332,75.64277778,10.806111112999998,0.9263636359999999,70.07271866142082,0.0,88.0,0.89,0.19128787878787878,18.91385767790262,0.9263636360000002,False,offpeak,2022-06-19 19:00:00,19,6,True,2022-06-19,-0.9659258262890684,0.2588190451025203,-0.7818314824680299,0.6234898018587334,0,0,2,86,0.17045454545454544,63.746666665999996,0.16856060606060608,61.810000001000006,0.17140151515151517,62.638333334,,,,,0.17013888888888892,0.0014465201057280899,,False
20,107,20.583333333333332,100.67361111,14.618611111000002,0.9263636359999999,93.2603724371096,0.0,88.0,0.89,0.23390151515151514,23.127340823970037,0.926363636,False,offpeak,2022-06-19 20:00:00,20,6,True,2022-06-19,-0.8660254037844386,0.5000000000000001,-0.7818314824680299,0.6234898018587334,0,0,2,86,0.19128787878787878,75.64277778,0.17045454545454544,63.746666665999996,0.16856060606060608,61.810000001000006,,,,,0.17676767676767677,0.012610469921362189,,False
21,107,23.916666666666668,121.56861110300001,17.866944445999998,0.9263636359999999,112.61674060484503,0.0,88.0,0.89,0.27178030303030304,26.872659176029963,0.9263636359999998,False,offpeak,2022-06-19 21:00:00,21,6,True,2022-06-19,-0.7071067811865477,0.7071067811865474,-0.7818314824680299,0.6234898018587334,0,0,2,86,0.23390151515151514,100.67361111,0.19128787878787878,75.64277778,0.17045454545454544,63.746666665999996,,,,,0.1985479797979798,0.032340551803265435,,False
22,107,24.416666666666668,125.581944452,18.440277778000002,0.9263636359999999,116.33454667850475,0.0,88.0,0.89,0.2774621212121212,27.43445692883895,0.926363636,False,offpeak,2022-06-19 22:00:00,22,6,True,2022-06-19,-0.5000000000000004,0.8660254037844384,-0.7818314824680299,0.6234898018587334,0,0,2,86,0.27178030303030304,121.56861110300001,0.23390151515151514,100.67361111,0.19128787878787878,75.64277778,,,,,0.23232323232323235,0.04026941547403116,,False
23,107,22.333333333333332,110.62916666699999,16.304166667,0.9263636359999999,102.4828370812921,0.0,88.0,0.89,0.2537878787878788,25.093632958801496,0.9263636359999999,False,offpeak,2022-06-19 23:00:00,23,6,True,2022-06-19,-0.25881904510252157,0.9659258262890681,-0.7818314824680299,0.6234898018587334,0,0,2,86,0.2774621212121212,125.581944452,0.27178030303030304,121.56861110300001,0.23390151515151514,100.67361111,,,,,0.26104797979797983,0.02368055471402913,,False
24,107,22.0,108.299722226,15.971388885000003,0.9263636359999999,100.32492445906735,0.0,88.0,0.89,0.25,24.719101123595504,0.9263636359999997,False,offpeak,2022-06-20 00:00:00,0,0,False,2022-06-20,0.0,1.0,0.0,1.0,0,0,2,86,0.2537878787878788,110.62916666699999,0.2774621212121212,125.581944452,0.27178030303030304,121.56861110300001,0.2765151515151515,117.710833331,,,0.2676767676767677,0.01235907320104292,0.23338857323232323,False
25,107,21.333333333333332,103.83333333200002,15.333333332000002,0.9263636359999999,96.1874242034315,0.0,88.0,0.89,0.2424242424242424,23.97003745318352,0.9263636359999997,False,offpeak,2022-06-20 01:00:00,1,0,False,2022-06-20,0.25881904510252074,0.9659258262890683,0.0,1.0,0,0,2,86,0.25,108.299722226,0.2537878787878788,110.62916666699999,0.2774621212121212,125.581944452,0.27462121212121215,123.17763886,,,0.2604166666666667,0.014882797012785763,0.23228377525252528,False
26,107,22.5,111.821111113,16.474444444000003,0.9263636359999999,103.58701107219869,0.0,88.0,0.89,0.2556818181818182,25.280898876404493,0.926363636,False,offpeak,2022-06-20 02:00:00,2,0,False,2022-06-20,0.49999999999999994,0.8660254037844387,0.0,1.0,0,0,2,86,0.2424242424242424,103.83333333200002,0.25,108.299722226,0.2537878787878788,110.62916666699999,0.26988636363636365,120.16666665100001,,,0.2487373737373737,0.005786080422924264,0.23094223484848486,False
27,107,22.083333333333332,108.680833335,16.025833332,0.9263636359999999,100.6779719317206,0.0,88.0,0.89,0.25094696969696967,24.812734082397004,0.9263636359999999,False,offpeak,2022-06-20 03:00:00,3,0,False,2022-06-20,0.7071067811865476,0.7071067811865476,0.0,1.0,0,0,2,86,0.2556818181818182,111.821111113,0.2424242424242424,103.83333333200002,0.25,108.299722226,0.2774621212121212,126.58138889,,,0.24936868686868685,0.0066512965611446,0.23035037878787878,False
28,107,21.583333333333332,105.59111111200001,15.584444443000002,0.9263636359999999,97.81576561899232,0.0,88.0,0.89,0.2452651515151515,24.250936329588015,0.9263636359999998,False,offpeak,2022-06-20 04:00:00,4,0,False,2022-06-20,0.8660254037844386,0.5000000000000001,0.0,1.0,0,0,2,86,0.25094696969696967,108.680833335,0.2556818181818182,111.821111113,0.2424242424242424,103.83333333200002,0.2784090909090909,125.99611112,,,0.24968434343434343,0.006718370155869114,0.2292455808080808,False
29,107,21.5,105.180833334,15.525833331,0.9263636359999999,97.43569920479422,0.0,88.0,0.89,0.24431818181818182,24.157303370786515,0.9263636359999998,False,offpeak,2022-06-20 05:00:00,5,0,False,2022-06-20,0.9659258262890683,0.25881904510252074,0.0,1.0,0,0,2,86,0.2452651515151515,105.59111111200001,0.25094696969696967,108.680833335,0.2556818181818182,111.821111113,0.2755681818181818,124.2597222,,,0.2506313131313131,0.0052155024122029795,0.22786458333333334,False
30,107,21.416666666666668,104.599444445,15.442777776,0.9263636359999999,96.89712167965018,0.0,88.0,0.89,0.24337121212121213,24.06367041198502,0.9263636359999998,False,offpeak,2022-06-20 06:00:00,6,0,False,2022-06-20,1.0,6.123233995736766e-17,0.0,1.0,0,0,2,86,0.24431818181818182,105.180833334,0.2452651515151515,105.59111111200001,0.25094696969696967,108.680833335,0.2765151515151515,124.84111109999999,,,0.24684343434343434,0.003585169410227815,0.2265625,False
31,107,19.083333333333332,88.271944448,13.110277775,0.9263636359999999,81.77191941563932,0.0,88.0,0.89,0.21685606060606058,21.44194756554307,0.9263636360000003,False,offpeak,2022-06-20 07:00:00,7,0,False,2022-06-20,0.9659258262890683,-0.25881904510252063,0.0,1.0,0,0,2,86,0.24337121212121213,104.599444445,0.24431818181818182,105.180833334,0.2452651515151515,105.59111111200001,0.27178030303030304,121.94583332,,,0.24431818181818185,0.0009469696969712778,0.2251815025252525,False
32,107,18.666666666666668,84.999444442,12.642777779,0.9263636359999999,78.7403944112711,0.0,88.0,0.89,0.21212121212121213,20.973782771535582,0.9263636359999998,False,offpeak,2022-06-20 08:00:00,8,0,False,2022-06-20,0.8660254037844387,-0.4999999999999998,0.0,1.0,0,0,2,86,0.21685606060606058,88.271944448,0.24337121212121213,104.599444445,0.24431818181818182,105.180833334,0.24621212121212122,107.31583333199998,,,0.23484848484848486,0.015589088667759916,0.2228929924242424,False
33,107,19.25,91.97999999999999,13.277777779000001,0.9263636359999999,85.20692723927999,0.0,88.0,0.89,0.21875,21.629213483146067,0.926363636,False,offpeak,2022-06-20 09:00:00,9,0,False,2022-06-20,0.7071067811865476,-0.7071067811865475,0.0,1.0,0,0,2,86,0.21212121212121213,84.999444442,0.21685606060606058,88.271944448,0.24337121212121213,104.599444445,0.21306818181818182,89.136249998,,,0.22411616161616163,0.016842577742366423,0.22147253787878785,False
34,107,16.916666666666668,76.97666666399999,10.996666664000003,0.9263636359999999,71.30838481802304,0.0,88.0,0.89,0.1922348484848485,19.00749063670412,0.9263636360000003,False,offpeak,2022-06-20 10:00:00,10,0,False,2022-06-20,0.49999999999999994,-0.8660254037844387,0.0,1.0,0,0,2,86,0.21875,91.97999999999999,0.21212121212121213,84.999444442,0.21685606060606058,88.271944448,0.21685606060606058,91.62027777499999,,,0.2159090909090909,0.0034143477987355264,0.22170928030303028,False
35,107,14.5,60.625833333,8.660833333000001,0.9263636359999999,56.161567401887886,0.0,88.0,0.89,0.16477272727272727,16.292134831460675,0.926363636,False,offpeak,2022-06-20 11:00:00,11,0,False,2022-06-20,0.258819045102521,-0.9659258262890682,0.0,1.0,0,0,2,86,0.1922348484848485,76.97666666399999,0.21875,91.97999999999999,0.21212121212121213,84.999444442,0.20833333333333331,86.10194444599999,,,0.20770202020202022,0.013798922344946124,0.22068339646464644,False
36,107,13.0,49.406388889,7.058055553999999,0.9263636359999999,45.76828205284404,0.0,88.0,0.89,0.14772727272727273,14.606741573033707,0.926363636,False,offpeak,2022-06-20 12:00:00,12,0,False,2022-06-20,1.2246467991473532e-16,-1.0,0.0,1.0,0,0,2,86,0.16477272727272727,60.625833333,0.1922348484848485,76.97666666399999,0.21875,91.97999999999999,0.1903409090909091,74.47999999700001,,,0.19191919191919193,0.02699002078674972,0.21886837121212122,False
37,107,13.25,51.523888888,7.360555554,0.9263636359999999,47.729857051147675,0.0,88.0,0.89,0.15056818181818182,14.887640449438202,0.9263636359999999,False,offpeak,2022-06-20 13:00:00,13,0,False,2022-06-20,-0.2588190451025208,-0.9659258262890683,0.0,1.0,0,0,2,86,0.14772727272727273,49.406388889,0.16477272727272727,60.625833333,0.1922348484848485,76.97666666399999,0.19696969696969696,78.748055558,,,0.1682449494949495,0.022456030823020858,0.217092803030303,False
38,107,12.916666666666666,47.642777777,6.80611111,0.9263636359999999,44.134536850641716,0.0,88.0,0.89,0.146780303030303,14.513108614232209,0.926363636,False,offpeak,2022-06-20 14:00:00,14,0,False,2022-06-20,-0.4999999999999997,-0.8660254037844388,0.0,1.0,0,0,2,86,0.15056818181818182,51.523888888,0.14772727272727273,49.406388889,0.16477272727272727,60.625833333,0.19696969696969696,80.476666666,,,0.15435606060606064,0.009132245038819393,0.21515940656565657,False
39,107,15.5,66.661388887,9.523055554,0.9263636359999999,61.75268659017132,0.0,88.0,0.89,0.17613636363636365,17.415730337078653,0.9263636360000002,False,offpeak,2022-06-20 15:00:00,15,0,False,2022-06-20,-0.7071067811865471,-0.7071067811865479,0.0,1.0,0,0,2,86,0.146780303030303,47.642777777,0.15056818181818182,51.523888888,0.14772727272727273,49.406388889,0.19318181818181818,76.854166668,,,0.14835858585858588,0.0019712746207080547,0.2130681818181818,False
40,107,15.583333333333334,65.580277776,9.36861111,0.9263636359999999,60.75118457046536,0.0,88.0,0.89,0.17708333333333334,17.50936329588015,0.926363636,False,offpeak,2022-06-20 16:00:00,16,0,False,2022-06-20,-0.8660254037844385,-0.5000000000000004,0.0,1.0,0,0,2,86,0.17613636363636365,66.661388887,0.146780303030303,47.642777777,0.15056818181818182,51.523888888,0.17140151515151517,62.638333334,,,0.15782828282828285,0.015967979633765002,0.21235795454545456,False
41,107,16.916666666666668,74.876666667,10.891666666,0.9263636359999999,69.36302118520214,0.0,88.0,0.89,0.1922348484848485,19.00749063670412,0.9263636360000004,False,offpeak,2022-06-20 17:00:00,17,0,False,2022-06-20,-0.9659258262890683,-0.25881904510252063,0.0,1.0,0,0,2,86,0.17708333333333334,65.580277776,0.17613636363636365,66.661388887,0.146780303030303,47.642777777,0.16856060606060608,61.810000001000006,,,0.1666666666666667,0.017228603597216306,0.212594696969697,False
42,107,15.75,65.683333333,9.883333333,0.9263636359999999,60.84665149095788,0.0,88.0,0.89,0.17897727272727273,17.696629213483146,0.9263636360000002,False,offpeak,2022-06-20 18:00:00,18,0,False,2022-06-20,-1.0,-1.8369701987210297e-16,0.0,1.0,0,0,2,86,0.1922348484848485,74.876666667,0.17708333333333334,65.580277776,0.17613636363636365,66.661388887,0.17045454545454544,63.746666665999996,,,0.18181818181818185,0.009033515164933437,0.21358112373737373,False
43,107,15.166666666666666,61.269444446,9.252777779,0.9263636359999999,56.757785332696564,0.0,88.0,0.89,0.17234848484848483,17.041198501872657,0.9263636359999999,False,offpeak,2022-06-20 19:00:00,19,0,False,2022-06-20,-0.9659258262890684,0.2588190451025203,0.0,1.0,0,0,2,86,0.17897727272727273,65.683333333,0.1922348484848485,74.876666667,0.17708333333333334,65.580277776,0.19128787878787878,75.64277778,,,0.18276515151515152,0.008255490423372747,0.21393623737373738,False
44,107,15.416666666666666,58.62888889100001,8.875555554,0.9263636359999999,54.311670687706766,0.0,88.0,0.89,0.17518939393939392,17.322097378277153,0.9263636359999998,False,offpeak,2022-06-20 20:00:00,20,0,False,2022-06-20,-0.8660254037844386,0.5000000000000001,0.0,1.0,0,0,2,86,0.17234848484848483,61.269444446,0.17897727272727273,65.683333333,0.1922348484848485,74.876666667,0.23390151515151514,100.67361111,,,0.1811868686868687,0.010125640740117306,0.21314709595959594,False
45,107,16.166666666666668,67.86500000000001,10.194999999,0.9263636359999999,62.867668157139995,0.0,88.0,0.89,0.18371212121212122,18.164794007490638,0.9263636359999998,False,offpeak,2022-06-20 21:00:00,21,0,False,2022-06-20,-0.7071067811865477,0.7071067811865474,0.0,1.0,0,0,2,86,0.17518939393939392,58.62888889100001,0.17234848484848483,61.269444446,0.17897727272727273,65.683333333,0.27178030303030304,121.56861110300001,,,0.1755050505050505,0.0033256482805729677,0.2107007575757576,False
46,107,17.0,72.553055554,10.864722221000001,0.9263636359999999,67.21051234591344,0.0,88.0,0.89,0.19318181818181818,19.10112359550562,0.9263636360000002,False,offpeak,2022-06-20 22:00:00,22,0,False,2022-06-20,-0.5000000000000004,0.8660254037844384,0.0,1.0,0,0,2,86,0.18371212121212122,67.86500000000001,0.17518939393939392,58.62888889100001,0.17234848484848483,61.269444446,0.2774621212121212,125.581944452,,,0.17708333333333334,0.005913823862120121,0.20703125,False
47,107,17.75,78.905555558,11.772222222000003,0.9263636359999999,73.0952373473089,0.0,88.0,0.89,0.20170454545454544,19.9438202247191,0.926363636,False,offpeak,2022-06-20 23:00:00,23,0,False,2022-06-20,-0.25881904510252157,0.9659258262890681,0.0,1.0,0,0,2,86,0.19318181818181818,72.553055554,0.18371212121212122,67.86500000000001,0.17518939393939392,58.62888889100001,0.2537878787878788,110.62916666699999,,,0.1840277777777778,0.00900036453875231,0.2035195707070707,False
48,107,19.166666666666668,88.95444444500001,13.207777779999999,0.9263636359999999,82.40416259443019,0.0,88.0,0.89,0.2178030303030303,21.53558052434457,0.9263636359999998,False,offpeak,2022-06-21 00:00:00,0,1,False,2022-06-21,0.0,1.0,0.7818314824680298,0.6234898018587336,0,0,2,86,0.20170454545454544,78.905555558,0.19318181818181818,72.553055554,0.18371212121212122,67.86500000000001,0.25,108.299722226,,,0.19286616161616163,0.009000364538752269,0.2013494318181818,False
49,107,18.083333333333332,80.492222224,11.998888888999998,0.9263636359999999,74.56506764914464,0.0,88.0,0.89,0.20549242424242423,20.318352059925093,0.9263636359999998,False,offpeak,2022-06-21 01:00:00,1,1,False,2022-06-21,0.25881904510252074,0.9659258262890683,0.7818314824680298,0.6234898018587336,0,0,2,86,0.2178030303030303,88.95444444500001,0.20170454545454544,78.905555558,0.19318181818181818,72.553055554,0.2424242424242424,103.83333333200002,,,0.20422979797979798,0.012503347424456183,0.2000078914141414,False
50,107,17.0,74.215555558,11.102222221000003,0.9263636359999999,68.7505918944689,0.0,88.0,0.89,0.19318181818181818,19.10112359550562,0.926363636,False,offpeak,2022-06-21 02:00:00,2,1,False,2022-06-21,0.49999999999999994,0.8660254037844387,0.7818314824680298,0.6234898018587336,0,0,2,86,0.20549242424242423,80.492222224,0.2178030303030303,88.95444444500001,0.20170454545454544,78.905555558,0.2556818181818182,111.821111113,,,0.20833333333333334,0.00841685077397331,0.19846906565656564,False
51,107,19.0,86.76888889,12.895555556999998,0.9263636359999999,80.3795434038204,0.0,88.0,0.89,0.2159090909090909,21.34831460674157,0.926363636,False,offpeak,2022-06-21 03:00:00,3,1,False,2022-06-21,0.7071067811865476,0.7071067811865476,0.7818314824680298,0.6234898018587336,0,0,2,86,0.19318181818181818,74.215555558,0.20549242424242423,80.492222224,0.2178030303030303,88.95444444500001,0.25094696969696967,108.680833335,,,0.20549242424242423,0.012310606060606211,0.19586489898989898,False
52,107,20.0,94.5,14.000000003999999,0.9263636359999999,87.54136360199999,0.0,88.0,0.89,0.22727272727272727,22.47191011235955,0.9263636359999999,False,offpeak,2022-06-21 04:00:00,4,1,False,2022-06-21,0.8660254037844386,0.5000000000000001,0.7818314824680298,0.6234898018587336,0,0,2,86,0.2159090909090909,86.76888889,0.19318181818181818,74.215555558,0.20549242424242423,80.492222224,0.2452651515151515,105.59111111200001,,,0.20486111111111113,0.01137678111801791,0.19440498737373735,False
53,107,18.916666666666668,87.562222223,13.008888890999998,0.9263636359999999,81.11445855473828,0.0,88.0,0.89,0.21496212121212122,21.254681647940075,0.9263636359999998,False,offpeak,2022-06-21 05:00:00,5,1,False,2022-06-21,0.9659258262890683,0.25881904510252074,0.7818314824680298,0.6234898018587336,0,0,2,86,0.22727272727272727,94.5,0.2159090909090909,86.76888889,0.19318181818181818,74.215555558,0.24431818181818182,105.180833334,,,0.21212121212121215,0.01735824126877224,0.193655303030303,False
54,107,18.0,81.231111113,12.104444445,0.9263636359999999,75.2495474469587,0.0,88.0,0.89,0.20454545454545456,20.224719101123597,0.9263636360000002,False,offpeak,2022-06-21 06:00:00,6,1,False,2022-06-21,1.0,6.123233995736766e-17,0.7818314824680298,0.6234898018587336,0,0,2,86,0.21496212121212122,87.562222223,0.22727272727272727,94.5,0.2159090909090909,86.76888889,0.24337121212121213,104.599444445,,,0.21938131313131315,0.006850547479233505,0.19243213383838384,False
55,107,16.083333333333332,68.055555558,10.222222219,0.9263636359999999,63.044191896708895,0.0,88.0,0.89,0.1827651515151515,18.071161048689138,0.9263636360000002,False,offpeak,2022-06-21 07:00:00,7,1,False,2022-06-21,0.9659258262890683,-0.25881904510252063,0.7818314824680298,0.6234898018587336,0,0,2,86,0.20454545454545456,81.231111113,0.21496212121212122,87.562222223,0.22727272727272727,94.5,0.21685606060606058,88.271944448,,,0.21559343434343436,0.011376781118017926,0.19081439393939395,False
56,107,15.416666666666666,56.631944446,8.590277775999999,0.9263636359999999,52.46177397074656,0.0,88.0,0.89,0.17518939393939392,17.322097378277153,0.9263636359999999,False,offpeak,2022-06-21 08:00:00,8,1,False,2022-06-21,0.8660254037844387,-0.4999999999999998,0.7818314824680298,0.6234898018587336,0,0,2,86,0.1827651515151515,68.055555558,0.20454545454545456,81.231111113,0.21496212121212122,87.562222223,0.21212121212121213,84.999444442,,,0.20075757575757577,0.016429310201607594,0.18939393939393942,False
57,107,16.666666666666668,71.574999999,10.725000000000001,0.9263636359999999,66.30447724577364,0.0,88.0,0.89,0.18939393939393942,18.726591760299627,0.926363636,False,offpeak,2022-06-21 09:00:00,9,1,False,2022-06-21,0.7071067811865476,-0.7071067811865475,0.7818314824680298,0.6234898018587336,0,0,2,86,0.17518939393939392,56.631944446,0.1827651515151515,68.055555558,0.20454545454545456,81.231111113,0.21875,91.97999999999999,,,0.1875,0.015240034980521993,0.18785511363636365,False
58,107,18.916666666666668,79.702777774,11.886111111,0.9263636359999999,73.83375501802263,0.0,88.0,0.89,0.21496212121212122,21.254681647940075,0.926363636,False,offpeak,2022-06-21 10:00:00,10,1,False,2022-06-21,0.49999999999999994,-0.8660254037844387,0.7818314824680298,0.6234898018587336,0,0,2,86,0.18939393939393942,71.574999999,0.17518939393939392,56.631944446,0.1827651515151515,68.055555558,0.1922348484848485,76.97666666399999,,,0.18244949494949494,0.0071075317229786035,0.18663194444444445,False
59,107,15.333333333333334,62.200833333,9.385833335000001,0.9263636359999999,57.62059012858788,0.0,88.0,0.89,0.17424242424242425,17.228464419475657,0.926363636,False,offpeak,2022-06-21 11:00:00,11,1,False,2022-06-21,0.258819045102521,-0.9659258262890682,0.7818314824680298,0.6234898018587336,0,0,2,86,0.21496212121212122,79.702777774,0.18939393939393942,71.574999999,0.17518939393939392,56.631944446,0.16477272727272727,60.625833333,,,0.1931818181818182,0.020155110467606898,0.18757891414141414,False
60,107,15.416666666666666,61.83722222400001,9.333888886999999,0.9263636359999999,57.283754019564654,0.0,88.0,0.89,0.17518939393939392,17.322097378277153,0.926363636,False,offpeak,2022-06-21 12:00:00,12,1,False,2022-06-21,1.2246467991473532e-16,-1.0,0.7818314824680298,0.6234898018587336,0,0,2,86,0.17424242424242425,62.200833333,0.21496212121212122,79.702777774,0.18939393939393942,71.574999999,0.14772727272727273,49.406388889,,,0.19286616161616163,0.02058071125341303,0.18797348484848486,False
61,107,15.333333333333334,61.27138889000001,9.224444444000001,0.9263636359999999,56.7595865949104,0.0,88.0,0.89,0.17424242424242425,17.228464419475657,0.9263636359999998,False,offpeak,2022-06-21 13:00:00,13,1,False,2022-06-21,-0.2588190451025208,-0.9659258262890683,0.7818314824680298,0.6234898018587336,0,0,2,86,0.17518939393939392,61.83722222400001,0.17424242424242425,62.200833333,0.21496212121212122,79.702777774,0.15056818181818182,51.523888888,,,0.18813131313131315,0.023240985017929348,0.18911773989898992,False
62,107,14.5,62.123333332,8.443611111,0.9263636359999999,57.548796945871516,0.0,88.0,0.89,0.16477272727272727,16.292134831460675,0.9263636359999999,False,offpeak,2022-06-21 14:00:00,14,1,False,2022-06-21,-0.4999999999999997,-0.8660254037844388,0.7818314824680298,0.6234898018587336,0,0,2,86,0.17424242424242425,61.27138889000001,0.17518939393939392,61.83722222400001,0.17424242424242425,62.200833333,0.146780303030303,47.642777777,,,0.1745580808080808,0.000546733209463393,0.19010416666666666,False
63,107,14.75,106.399999998,8.692777778,0.9263636359999999,98.56509086854727,0.0,88.0,0.89,0.16761363636363635,16.573033707865168,0.926363636,False,offpeak,2022-06-21 15:00:00,15,1,False,2022-06-21,-0.7071067811865471,-0.7071067811865479,0.7818314824680298,0.6234898018587336,0,0,2,86,0.16477272727272727,62.123333332,0.17424242424242425,61.27138889000001,0.17518939393939392,61.83722222400001,0.17613636363636365,66.661388887,,,0.17140151515151517,0.005760191790055458,0.190853851010101,False
64,107,14.833333333333334,59.916111109,8.559444444,0.9263636359999999,55.50410654191324,0.0,88.0,0.89,0.16856060606060608,16.666666666666668,0.9263636360000002,False,offpeak,2022-06-21 16:00:00,16,1,False,2022-06-21,-0.8660254037844385,-0.5000000000000004,0.7818314824680298,0.6234898018587336,0,0,2,86,0.16761363636363635,106.399999998,0.16477272727272727,62.123333332,0.17424242424242425,61.27138889000001,0.17708333333333334,65.580277776,,,0.16887626262626265,0.004859471060082665,0.19049873737373738,False
65,107,16.166666666666668,71.35138888899999,10.193055556,0.9263636359999999,66.09733204486405,0.0,88.0,0.89,0.18371212121212122,18.164794007490638,0.9263636360000002,False,offpeak,2022-06-21 17:00:00,17,1,False,2022-06-21,-0.9659258262890683,-0.25881904510252063,0.7818314824680298,0.6234898018587336,0,0,2,86,0.16856060606060608,59.916111109,0.16761363636363635,106.399999998,0.16477272727272727,62.123333332,0.1922348484848485,74.876666667,,,0.16698232323232323,0.0019712746207075126,0.1901436237373737,False
66,107,16.666666666666668,71.76652778,10.614444444,0.9263636359999999,66.48190161737581,0.0,88.0,0.89,0.18939393939393942,18.726591760299627,0.926363636,False,offpeak,2022-06-21 18:00:00,18,1,False,2022-06-21,-1.0,-1.8369701987210297e-16,0.7818314824680298,0.6234898018587336,0,0,2,86,0.18371212121212122,71.35138888899999,0.16856060606060608,59.916111109,0.16761363636363635,106.399999998,0.17897727272727273,65.683333333,,,0.17329545454545456,0.0090335151649334,0.18978851010101014,False
67,107,20.333333333333332,96.255833335,14.250833331000003,0.9263636359999999,89.16790375442064,0.0,88.0,0.89,0.23106060606060605,22.84644194756554,0.9263636360000003,False,offpeak,2022-06-21 19:00:00,19,1,False,2022-06-21,-0.9659258262890684,0.2588190451025203,0.7818314824680298,0.6234898018587336,0,0,2,86,0.18939393939393942,71.76652778,0.18371212121212122,71.35138888899999,0.16856060606060608,59.916111109,0.17234848484848483,61.269444446,,,0.18055555555555558,0.010769395270979951,0.19022253787878787,False
68,107,21.0,100.74555555799999,14.892222221999997,0.9263636359999999,93.32701915754886,0.0,88.0,0.89,0.23863636363636365,23.595505617977526,0.9263636359999998,False,offpeak,2022-06-21 20:00:00,20,1,False,2022-06-21,-0.8660254037844386,0.5000000000000001,0.7818314824680298,0.6234898018587336,0,0,2,86,0.23106060606060605,96.255833335,0.18939393939393942,71.76652778,0.18371212121212122,71.35138888899999,0.17518939393939392,58.62888889100001,,,0.20138888888888892,0.025853024279600137,0.19266887626262627,False
69,107,21.5,105.55805555999999,15.579722221,0.9263636359999999,97.78514415765162,0.0,88.0,0.89,0.24431818181818182,24.157303370786515,0.9263636360000002,False,offpeak,2022-06-21 21:00:00,21,1,False,2022-06-21,-0.7071067811865477,0.7071067811865474,0.7818314824680298,0.6234898018587336,0,0,2,86,0.23863636363636365,100.74555555799999,0.23106060606060605,96.255833335,0.18939393939393942,71.76652778,0.18371212121212122,67.86500000000001,,,0.21969696969696972,0.02651515151515156,0.1953125,False
70,107,21.583333333333332,105.96055555400001,15.637222223999999,0.9263636359999999,98.15800551558344,0.0,88.0,0.89,0.2452651515151515,24.250936329588015,0.9263636359999999,False,offpeak,2022-06-21 22:00:00,22,1,False,2022-06-21,-0.5000000000000004,0.8660254037844384,0.7818314824680298,0.6234898018587336,0,0,2,86,0.24431818181818182,105.55805555999999,0.23863636363636365,100.74555555799999,0.23106060606060605,96.255833335,0.19318181818181818,72.553055554,,,0.23800505050505052,0.00665129656114469,0.1978377525252525,False
71,107,21.0,101.499999996,15.0,0.9263636359999999,94.02590905029454,0.0,88.0,0.89,0.23863636363636365,23.595505617977526,0.9263636359999999,False,offpeak,2022-06-21 23:00:00,23,1,False,2022-06-21,-0.25881904510252157,0.9659258262890681,0.7818314824680298,0.6234898018587336,0,0,2,86,0.2452651515151515,105.96055555400001,0.24431818181818182,105.55805555999999,0.23863636363636365,100.74555555799999,0.20170454545454544,78.905555558,,,0.242739898989899,0.00358516941022797,0.20000789141414144,False
72,107,21.5,103.512499993,15.2875,0.9263636359999999,95.89021586496546,0.0,88.0,0.89,0.24431818181818182,24.157303370786515,0.9263636359999999,False,offpeak,2022-06-22 00:00:00,0,2,False,2022-06-22,0.0,1.0,0.9749279121818236,-0.22252093395631434,0,0,2,86,0.23863636363636365,101.499999996,0.2452651515151515,105.96055555400001,0.24431818181818182,105.55805555999999,0.2178030303030303,88.95444444500001,,,0.242739898989899,0.00358516941022797,0.20154671717171715,False
73,107,25.166666666666668,133.96736108000002,19.276388887,0.9263636359999999,124.10249171539371,0.0,88.0,0.89,0.2859848484848485,28.277153558052436,0.926363636,False,offpeak,2022-06-22 01:00:00,1,2,False,2022-06-22,0.25881904510252074,0.9659258262890683,0.9749279121818236,-0.22252093395631434,0,0,2,86,0.24431818181818182,103.512499993,0.23863636363636365,101.499999996,0.2452651515151515,105.96055555400001,0.20549242424242423,80.492222224,,,0.242739898989899,0.00358516941022797,0.20265151515151514,False
74,107,21.5,106.14722221800001,15.163888891000001,0.9263636359999999,98.33092672516648,0.0,88.0,0.89,0.24431818181818182,24.157303370786515,0.926363636,False,offpeak,2022-06-22 02:00:00,2,2,False,2022-06-22,0.49999999999999994,0.8660254037844387,0.9749279121818236,-0.22252093395631434,0,0,2,86,0.2859848484848485,133.96736108000002,0.24431818181818182,103.512499993,0.23863636363636365,101.499999996,0.19318181818181818,74.215555558,,,0.2563131313131313,0.02585302427960018,0.20600536616161616,False
75,107,24.0,127.15694441500001,18.165277774999996,0.9263636359999999,117.7935693709293,0.0,88.0,0.89,0.2727272727272727,26.96629213483146,0.926363636,False,offpeak,2022-06-22 03:00:00,3,2,False,2022-06-22,0.7071067811865476,0.7071067811865476,0.9749279121818236,-0.22252093395631434,0,0,2,86,0.24431818181818182,106.14722221800001,0.2859848484848485,133.96736108000002,0.24431818181818182,103.512499993,0.2159090909090909,86.76888889,,,0.2582070707070707,0.024056261216234505,0.20813604797979798,False
76,107,23.75,125.154166637,17.879166664000003,0.9263636359999999,115.93826886640122,0.0,88.0,0.89,0.26988636363636365,26.685393258426966,0.926363636,False,offpeak,2022-06-22 04:00:00,4,2,False,2022-06-22,0.8660254037844386,0.5000000000000001,0.9749279121818236,-0.22252093395631434,0,0,2,86,0.2727272727272727,127.15694441500001,0.24431818181818182,106.14722221800001,0.2859848484848485,133.96736108000002,0.22727272727272727,94.5,,,0.2676767676767677,0.021287519318292238,0.21050347222222224,False
77,107,21.916666666666668,109.67638887700001,15.668055556999997,0.9263636359999999,101.60021838344767,0.0,88.0,0.89,0.2490530303030303,24.625468164794007,0.9263636359999998,False,offpeak,2022-06-22 05:00:00,5,2,False,2022-06-22,0.9659258262890683,0.25881904510252074,0.9749279121818236,-0.22252093395631434,0,0,2,86,0.26988636363636365,125.154166637,0.2727272727272727,127.15694441500001,0.24431818181818182,106.14722221800001,0.21496212121212122,87.562222223,,,0.262310606060606,0.015646507236608383,0.21227904040404041,False
78,107,22.333333333333332,114.57638887899999,16.368055554999998,0.9263636359999999,106.1394002017004,0.0,88.0,0.89,0.2537878787878788,25.093632958801496,0.926363636,False,offpeak,2022-06-22 06:00:00,6,2,False,2022-06-22,1.0,6.123233995736766e-17,0.9749279121818236,-0.22252093395631434,0,0,2,86,0.2490530303030303,109.67638887700001,0.26988636363636365,125.154166637,0.2727272727272727,127.15694441500001,0.20454545454545456,81.231111113,,,0.2638888888888889,0.01292651213980023,0.21369949494949494,False
79,107,19.083333333333332,94.789722216,13.541388888,0.9263636359999999,87.80975172744375,0.0,88.0,0.89,0.21685606060606058,21.44194756554307,0.9263636360000002,False,offpeak,2022-06-22 07:00:00,7,2,False,2022-06-22,0.9659258262890683,-0.25881904510252063,0.9749279121818236,-0.22252093395631434,0,0,2,86,0.2537878787878788,114.57638887899999,0.2490530303030303,109.67638887700001,0.26988636363636365,125.154166637,0.1827651515151515,68.055555558,,,0.2575757575757576,0.010920987305559753,0.21575126262626262,False
80,107,16.0,68.843055556,9.834722222999998,0.9263636359999999,63.77370325820617,0.0,88.0,0.89,0.18181818181818182,17.97752808988764,0.9263636360000002,False,offpeak,2022-06-22 08:00:00,8,2,False,2022-06-22,0.8660254037844387,-0.4999999999999998,0.9749279121818236,-0.22252093395631434,0,0,2,86,0.21685606060606058,94.789722216,0.2537878787878788,114.57638887899999,0.2490530303030303,109.67638887700001,0.17518939393939392,56.631944446,,,0.23989898989898992,0.020095699548481276,0.21717171717171715,False
81,107,16.0,69.023888886,9.860555552000001,0.9263636359999999,63.941220679294965,0.0,88.0,0.89,0.18181818181818182,17.97752808988764,0.9263636360000003,False,offpeak,2022-06-22 09:00:00,9,2,False,2022-06-22,0.7071067811865476,-0.7071067811865475,0.9749279121818236,-0.22252093395631434,0,0,2,86,0.18181818181818182,68.843055556,0.21685606060606058,94.789722216,0.2537878787878788,114.57638887899999,0.18939393939393942,71.574999999,,,0.21748737373737373,0.03598900162104859,0.21744791666666666,False
82,107,15.75,68.432777775,9.776111108,0.9263636359999999,63.393636841229,0.0,88.0,0.89,0.17897727272727273,17.696629213483146,0.926363636,False,offpeak,2022-06-22 10:00:00,10,2,False,2022-06-22,0.49999999999999994,-0.8660254037844387,0.9749279121818236,-0.22252093395631434,0,0,2,86,0.18181818181818182,69.023888886,0.18181818181818182,68.843055556,0.21685606060606058,94.789722216,0.21496212121212122,79.702777774,,,0.19349747474747472,0.020229128750015573,0.21713226010101008,False
83,107,14.25,58.11749999999999,8.3025,0.9263636359999999,53.83793861522999,0.0,88.0,0.89,0.16193181818181818,16.01123595505618,0.9263636359999999,False,offpeak,2022-06-22 11:00:00,11,2,False,2022-06-22,0.258819045102521,-0.9659258262890682,0.9749279121818236,-0.22252093395631434,0,0,2,86,0.17897727272727273,68.432777775,0.18181818181818182,69.023888886,0.18181818181818182,68.843055556,0.17424242424242425,62.200833333,,,0.18087121212121215,0.001640199628383661,0.21563289141414144,False
84,107,13.916666666666666,51.737777777000005,7.391111110000001,0.9263636359999999,47.92799594006171,0.0,88.0,0.89,0.1581439393939394,15.636704119850187,0.9263636359999998,False,offpeak,2022-06-22 12:00:00,12,2,False,2022-06-22,1.2246467991473532e-16,-1.0,0.9749279121818236,-0.22252093395631434,0,0,2,86,0.16193181818181818,58.11749999999999,0.17897727272727273,68.432777775,0.18181818181818182,69.023888886,0.17518939393939392,61.83722222400001,,,0.17424242424242423,0.010755508230682989,0.21511994949494948,False
85,107,14.0,56.00000000400001,8.000000004,0.9263636359999999,51.87636361970546,0.0,88.0,0.89,0.1590909090909091,15.730337078651685,0.9263636359999999,False,offpeak,2022-06-22 13:00:00,13,2,False,2022-06-22,-0.2588190451025208,-0.9659258262890683,0.9749279121818236,-0.22252093395631434,0,0,2,86,0.1581439393939394,51.737777777000005,0.16193181818181818,58.11749999999999,0.17897727272727273,68.432777775,0.17424242424242425,61.27138889000001,,,0.1663510101010101,0.01109747211568688,0.2144097222222222,False
86,107,14.583333333333334,56.826388892000004,8.118055559,0.9263636359999999,52.64190023474314,0.0,88.0,0.89,0.165719696969697,16.38576779026217,0.926363636,False,offpeak,2022-06-22 14:00:00,14,2,False,2022-06-22,-0.4999999999999997,-0.8660254037844388,0.9749279121818236,-0.22252093395631434,0,0,2,86,0.1590909090909091,56.00000000400001,0.1581439393939394,51.737777777000005,0.16193181818181818,58.11749999999999,0.16477272727272727,62.123333332,,,0.1597222222222222,0.0019712746207105327,0.21377840909090906,False
87,107,14.333333333333334,57.339722224000006,8.191388891,0.9263636359999999,53.11743356665465,0.0,88.0,0.89,0.16287878787878787,16.10486891385768,0.9263636359999999,False,offpeak,2022-06-22 15:00:00,15,2,False,2022-06-22,-0.7071067811865471,-0.7071067811865479,0.9749279121818236,-0.22252093395631434,0,0,2,86,0.165719696969697,56.826388892000004,0.1590909090909091,56.00000000400001,0.1581439393939394,51.737777777000005,0.16761363636363635,106.399999998,,,0.16098484848484848,0.004127745211688131,0.21381786616161616,False
88,107,14.0,56.00000000400001,8.000000004,0.9263636359999999,51.87636361970546,0.0,88.0,0.89,0.1590909090909091,15.730337078651685,0.9263636359999999,False,offpeak,2022-06-22 16:00:00,16,2,False,2022-06-22,-0.8660254037844385,-0.5000000000000004,0.9749279121818236,-0.22252093395631434,0,0,2,86,0.16287878787878787,57.339722224000006,0.165719696969697,56.826388892000004,0.1590909090909091,56.00000000400001,0.16856060606060608,59.916111109,,,0.1625631313131313,0.0033256482805745103,0.2136205808080808,False
89,107,14.916666666666666,62.61888888899999,8.945555556,0.9263636359999999,58.007861593494056,0.0,88.0,0.89,0.16950757575757575,16.760299625468164,0.9263636360000004,False,offpeak,2022-06-22 17:00:00,17,2,False,2022-06-22,-0.9659258262890683,-0.25881904510252063,0.9749279121818236,-0.22252093395631434,0,0,2,86,0.1590909090909091,56.00000000400001,0.16287878787878787,57.339722224000006,0.165719696969697,56.826388892000004,0.18371212121212122,71.35138888899999,,,0.16256313131313133,0.0033256482805745103,0.21322601010101014,False
90,107,14.666666666666666,60.878611113,8.696944446,0.9263636359999999,56.395731545268696,0.0,88.0,0.89,0.16666666666666666,16.479400749063668,0.9263636360000002,False,offpeak,2022-06-22 18:00:00,18,2,False,2022-06-22,-1.0,-1.8369701987210297e-16,0.9749279121818236,-0.22252093395631434,0,0,2,86,0.16950757575757575,62.61888888899999,0.1590909090909091,56.00000000400001,0.16287878787878787,57.339722224000006,0.18939393939393942,71.76652778,,,0.16382575757575757,0.005272504131469259,0.212634154040404,False
91,107,17.083333333333332,77.017500001,11.002500002,0.9263636359999999,71.34621133655638,0.0,88.0,0.89,0.19412878787878787,19.194756554307116,0.9263636360000002,False,offpeak,2022-06-22 19:00:00,19,2,False,2022-06-22,-0.9659258262890684,0.2588190451025203,0.9749279121818236,-0.22252093395631434,0,0,2,86,0.16666666666666666,60.878611113,0.16950757575757575,62.61888888899999,0.1590909090909091,56.00000000400001,0.23106060606060605,96.255833335,,,0.16508838383838384,0.005384697635491287,0.21168718434343434,False
92,107,19.416666666666668,93.36055555499999,13.337222221,0.9263636359999999,86.4858237029098,0.0,88.0,0.89,0.22064393939393942,21.816479400749063,0.926363636,False,offpeak,2022-06-22 20:00:00,20,2,False,2022-06-22,-0.8660254037844386,0.5000000000000001,0.9749279121818236,-0.22252093395631434,0,0,2,86,0.19412878787878787,77.017500001,0.16666666666666666,60.878611113,0.16950757575757575,62.61888888899999,0.23863636363636365,100.74555555799999,,,0.17676767676767677,0.015102113275133895,0.2101483585858586,False
93,107,23.833333333333332,123.676388883,17.668055555,0.9263636359999999,114.56930929300587,0.0,88.0,0.89,0.2708333333333333,26.779026217228463,0.9263636360000002,False,offpeak,2022-06-22 21:00:00,21,2,False,2022-06-22,-0.7071067811865477,0.7071067811865474,0.9749279121818236,-0.22252093395631434,0,0,2,86,0.22064393939393942,93.36055555499999,0.19412878787878787,77.017500001,0.16666666666666666,60.878611113,0.24431818181818182,105.55805555999999,,,0.1938131313131313,0.026990020786749853,0.20939867424242423,False
94,107,24.583333333333332,129.89861109,18.556944442,0.9263636359999999,120.33334968068235,0.0,88.0,0.89,0.2793560606060606,27.621722846441944,0.9263636360000002,False,offpeak,2022-06-22 22:00:00,22,2,False,2022-06-22,-0.5000000000000004,0.8660254037844384,0.9749279121818236,-0.22252093395631434,0,0,2,86,0.2708333333333333,123.676388883,0.22064393939393942,93.36055555499999,0.19412878787878787,77.017500001,0.2452651515151515,105.96055555400001,,,0.22853535353535356,0.03895641970472387,0.2105034722222222,False
95,107,25.0,132.99999996,18.999999996,0.9263636359999999,123.20636355094548,0.0,88.0,0.89,0.2840909090909091,28.089887640449437,0.9263636360000003,False,offpeak,2022-06-22 23:00:00,23,2,False,2022-06-22,-0.25881904510252157,0.9659258262890681,0.9749279121818236,-0.22252093395631434,0,0,2,86,0.2793560606060606,129.89861109,0.2708333333333333,123.676388883,0.22064393939393942,93.36055555499999,0.23863636363636365,101.499999996,,,0.2569444444444445,0.03172466264962693,0.21192392676767677,False
96,107,25.75,138.07305556999998,19.724722224,0.9263636359999999,127.90585779145526,0.0,88.0,0.89,0.29261363636363635,28.93258426966292,0.9263636360000002,False,offpeak,2022-06-23 00:00:00,0,3,False,2022-06-23,0.0,1.0,0.43388373911755823,-0.900968867902419,0,0,2,86,0.2840909090909091,132.99999996,0.2793560606060606,129.89861109,0.2708333333333333,123.676388883,0.24431818181818182,103.512499993,,,0.2780934343434343,0.0067183701558692225,0.21381786616161616,False
97,107,26.583333333333332,143.90250002,20.557500002,0.9263636359999999,133.3060431480173,0.0,88.0,0.89,0.3020833333333333,29.8689138576779,0.9263636360000003,False,shoulder,2022-06-23 01:00:00,1,3,False,2022-06-23,0.25881904510252074,0.9659258262890683,0.43388373911755823,-0.900968867902419,0,0,2,86,0.29261363636363635,138.07305556999998,0.2840909090909091,132.99999996,0.2793560606060606,129.89861109,0.2859848484848485,133.96736108000002,,,0.2853535353535354,0.006718370155869185,0.2158301767676768,False
98,107,27.416666666666668,147.0,21.0,0.9263636359999999,136.17545449200003,0.0,88.0,0.89,0.31155303030303033,30.805243445692884,0.9263636360000002,False,shoulder,2022-06-23 02:00:00,2,3,False,2022-06-23,0.49999999999999994,0.8660254037844387,0.43388373911755823,-0.900968867902419,0,0,2,86,0.3020833333333333,143.90250002,0.29261363636363635,138.07305556999998,0.2840909090909091,132.99999996,0.24431818181818182,106.14722221800001,,,0.292929292929293,0.009000364538752243,0.216500946969697,False
99,107,27.083333333333332,147.0,21.0,0.9263636359999999,136.17545449200003,0.0,88.0,0.89,0.3077651515151515,30.430711610486888,0.9263636360000002,False,shoulder,2022-06-23 03:00:00,3,3,False,2022-06-23,0.7071067811865476,0.7071067811865476,0.43388373911755823,-0.900968867902419,0,0,2,86,0.31155303030303033,147.0,0.3020833333333333,143.90250002,0.29261363636363635,138.07305556999998,0.2727272727272727,127.15694441500001,,,0.3020833333333333,0.009469696969697163,0.219302398989899,False
100,107,27.0,147.0,21.0,0.9263636359999999,136.17545449200003,0.0,88.0,0.89,0.3068181818181818,30.337078651685392,0.9263636360000002,False,shoulder,2022-06-23 04:00:00,4,3,False,2022-06-23,0.8660254037844386,0.5000000000000001,0.43388373911755823,-0.900968867902419,0,0,2,86,0.3077651515151515,147.0,0.31155303030303033,147.0,0.3020833333333333,143.90250002,0.26988636363636365,125.154166637,,,0.3071338383838384,0.004766309618226791,0.22076231060606058,False
101,107,27.0,147.0,21.0,0.9263636359999999,136.17545449200003,0.0,88.0,0.89,0.3068181818181818,30.337078651685392,0.9263636360000002,False,shoulder,2022-06-23 05:00:00,5,3,False,2022-06-23,0.9659258262890683,0.25881904510252074,0.43388373911755823,-0.900968867902419,0,0,2,86,0.3068181818181818,147.0,0.3077651515151515,147.0,0.31155303030303033,147.0,0.2490530303030303,109.67638887700001,,,0.30871212121212127,0.0025054463172965533,0.22230113636363635,False
102,107,27.416666666666668,147.0,21.0,0.9263636359999999,136.17545449200003,0.0,88.0,0.89,0.31155303030303033,30.805243445692884,0.9263636360000002,False,shoulder,2022-06-23 06:00:00,6,3,False,2022-06-23,1.0,6.123233995736766e-17,0.43388373911755823,-0.900968867902419,0,0,2,86,0.3068181818181818,147.0,0.3068181818181818,147.0,0.3077651515151515,147.0,0.2537878787878788,114.57638887899999,,,0.3071338383838384,0.0005467332094621949,0.22470801767676765,False
103,107,24.75,131.79833334,18.828333333,0.9263636359999999,122.09318329158243,0.0,88.0,0.89,0.28125,27.808988764044944,0.926363636,False,offpeak,2022-06-23 07:00:00,7,3,False,2022-06-23,0.9659258262890683,-0.25881904510252063,0.43388373911755823,-0.900968867902419,0,0,2,86,0.31155303030303033,147.0,0.3068181818181818,147.0,0.3068181818181818,147.0,0.21685606060606058,94.789722216,,,0.3083964646464647,0.0027336660472998633,0.227114898989899,False
104,107,24.166666666666668,123.47999999800001,17.640000001999997,0.9263636359999999,114.38738177142729,0.0,88.0,0.89,0.27462121212121215,27.15355805243446,0.926363636,False,offpeak,2022-06-23 08:00:00,8,3,False,2022-06-23,0.8660254037844387,-0.4999999999999998,0.43388373911755823,-0.900968867902419,0,0,2,86,0.28125,131.79833334,0.31155303030303033,147.0,0.3068181818181818,147.0,0.18181818181818182,68.843055556,,,0.2998737373737374,0.016301453704135653,0.2297979797979798,False
105,107,24.5,130.45083330699998,18.635833331,0.9263636359999999,120.84490826150244,0.0,88.0,0.89,0.2784090909090909,27.528089887640448,0.9263636360000003,False,offpeak,2022-06-23 09:00:00,9,3,False,2022-06-23,0.7071067811865476,-0.7071067811865475,0.43388373911755823,-0.900968867902419,0,0,2,86,0.27462121212121215,123.47999999800001,0.28125,131.79833334,0.31155303030303033,147.0,0.18181818181818182,69.023888886,,,0.2891414141414142,0.019689987593119664,0.23366477272727273,False
106,107,21.083333333333332,105.388888889,15.055555556,0.9263636359999999,97.62843430521403,0.0,88.0,0.89,0.23958333333333331,23.689138576779026,0.9263636359999999,False,offpeak,2022-06-23 10:00:00,10,3,False,2022-06-23,0.49999999999999994,-0.8660254037844387,0.43388373911755823,-0.900968867902419,0,0,2,86,0.2784090909090909,130.45083330699998,0.27462121212121215,123.47999999800001,0.28125,131.79833334,0.17897727272727273,68.432777775,,,0.2780934343434343,0.0033256482805729343,0.23768939393939395,False
107,107,20.916666666666668,104.624722225,14.946388890999998,0.9263636359999999,96.92053809584098,0.0,88.0,0.89,0.23768939393939395,23.50187265917603,0.9263636359999997,False,offpeak,2022-06-23 11:00:00,11,3,False,2022-06-23,0.258819045102521,-0.9659258262890682,0.43388373911755823,-0.900968867902419,0,0,2,86,0.23958333333333331,105.388888889,0.2784090909090909,130.45083330699998,0.27462121212121215,123.47999999800001,0.16193181818181818,58.11749999999999,,,0.26420454545454547,0.021406542718669302,0.24021464646464644,False
108,107,20.25,99.561388892,14.223055559,0.9263636359999999,92.23005021920312,0.0,88.0,0.89,0.23011363636363635,22.752808988764045,0.9263636359999999,False,offpeak,2022-06-23 12:00:00,12,3,False,2022-06-23,1.2246467991473532e-16,-1.0,0.43388373911755823,-0.900968867902419,0,0,2,86,0.23768939393939395,104.624722225,0.23958333333333331,105.388888889,0.2784090909090909,130.45083330699998,0.1581439393939394,51.737777777000005,,,0.2518939393939394,0.022982312688469078,0.24337121212121215,False
109,107,20.583333333333332,102.456666668,14.636666666999998,0.9263636359999999,94.91213026700848,0.0,88.0,0.89,0.23390151515151514,23.127340823970037,0.9263636359999999,False,offpeak,2022-06-23 13:00:00,13,3,False,2022-06-23,-0.2588190451025208,-0.9659258262890683,0.43388373911755823,-0.900968867902419,0,0,2,86,0.23011363636363635,99.561388892,0.23768939393939395,104.624722225,0.23958333333333331,105.388888889,0.1590909090909091,56.00000000400001,,,0.23579545454545456,0.0050108926345930685,0.2463699494949495,False
110,107,20.0,94.680833333,13.525833333,0.9263636359999999,87.70888102586787,0.0,88.0,0.89,0.22727272727272727,22.47191011235955,0.9263636359999999,False,offpeak,2022-06-23 14:00:00,14,3,False,2022-06-23,-0.4999999999999997,-0.8660254037844388,0.43388373911755823,-0.900968867902419,0,0,2,86,0.23390151515151514,102.456666668,0.23011363636363635,99.561388892,0.23768939393939395,104.624722225,0.165719696969697,56.826388892000004,,,0.23390151515151517,0.003787878787880226,0.2494870580808081,False
111,107,19.0,90.611111107,12.944444441000002,0.9263636359999999,83.93883834708049,0.0,88.0,0.89,0.2159090909090909,21.34831460674157,0.9263636359999998,False,offpeak,2022-06-23 15:00:00,15,3,False,2022-06-23,-0.7071067811865471,-0.7071067811865479,0.43388373911755823,-0.900968867902419,0,0,2,86,0.22727272727272727,94.680833333,0.23390151515151514,102.456666668,0.23011363636363635,99.561388892,0.16287878787878787,57.339722224000006,,,0.23042929292929296,0.0033256482805739387,0.2520517676767677,False
112,107,17.333333333333332,79.72611111200001,11.389444445999999,0.9263636359999999,73.85537017385234,0.0,88.0,0.89,0.19696969696969696,19.47565543071161,0.926363636,False,offpeak,2022-06-23 16:00:00,16,3,False,2022-06-23,-0.8660254037844385,-0.5000000000000004,0.43388373911755823,-0.900968867902419,0,0,2,86,0.2159090909090909,90.611111107,0.22727272727272727,94.680833333,0.23390151515151514,102.456666668,0.1590909090909091,56.00000000400001,,,0.22569444444444445,0.009099454106944854,0.25426136363636365,False
113,107,16.25,71.75388888699999,10.250555553,0.9263636359999999,66.47019340650132,0.0,88.0,0.89,0.1846590909090909,18.258426966292134,0.9263636360000003,False,offpeak,2022-06-23 17:00:00,17,3,False,2022-06-23,-0.9659258262890683,-0.25881904510252063,0.43388373911755823,-0.900968867902419,0,0,2,86,0.19696969696969696,79.72611111200001,0.2159090909090909,90.611111107,0.22727272727272727,94.680833333,0.16950757575757575,62.61888888899999,,,0.21338383838383843,0.015308529864876914,0.25583964646464646,False
114,107,16.25,70.96833333199999,10.138333331999998,0.9263636359999999,65.74248330629152,0.0,88.0,0.89,0.1846590909090909,18.258426966292134,0.9263636360000003,False,offpeak,2022-06-23 18:00:00,18,3,False,2022-06-23,-1.0,-1.8369701987210297e-16,0.43388373911755823,-0.900968867902419,0,0,2,86,0.1846590909090909,71.75388888699999,0.19696969696969696,79.72611111200001,0.2159090909090909,90.611111107,0.16666666666666666,60.878611113,,,0.19917929292929296,0.015741739444181946,0.2564709595959596,False
115,107,16.833333333333332,75.656388891,10.808055558,0.9263636359999999,70.08532749969677,0.0,88.0,0.89,0.19128787878787878,18.91385767790262,0.926363636,False,offpeak,2022-06-23 19:00:00,19,3,False,2022-06-23,-0.9659258262890684,0.2588190451025203,0.43388373911755823,-0.900968867902419,0,0,2,86,0.1846590909090909,70.96833333199999,0.1846590909090909,71.75388888699999,0.19696969696969696,79.72611111200001,0.19412878787878787,77.017500001,,,0.18876262626262627,0.007107531722979639,0.2572206439393939,False
116,107,19.166666666666668,92.234722225,13.176388890999998,0.9263636359999999,85.44289264580101,0.0,88.0,0.89,0.2178030303030303,21.53558052434457,0.926363636,False,offpeak,2022-06-23 20:00:00,20,3,False,2022-06-23,-0.8660254037844386,0.5000000000000001,0.43388373911755823,-0.900968867902419,0,0,2,86,0.19128787878787878,75.656388891,0.1846590909090909,70.96833333199999,0.1846590909090909,71.75388888699999,0.22064393939393942,93.36055555499999,,,0.18686868686868688,0.003827132466221562,0.2571022727272727,False
117,107,19.166666666666668,92.351388887,13.193055553,0.9263636359999999,85.55096839901128,0.0,88.0,0.89,0.2178030303030303,21.53558052434457,0.9263636359999997,False,offpeak,2022-06-23 21:00:00,21,3,False,2022-06-23,-0.7071067811865477,0.7071067811865474,0.43388373911755823,-0.900968867902419,0,0,2,86,0.2178030303030303,92.234722225,0.19128787878787878,75.656388891,0.1846590909090909,70.96833333199999,0.2708333333333333,123.676388883,,,0.19791666666666666,0.01753812422107257,0.2569839015151515,False
118,107,19.75,96.065277779,13.723611112999997,0.9263636359999999,88.99138001670443,0.0,88.0,0.89,0.22443181818181818,22.191011235955056,0.9263636359999998,False,offpeak,2022-06-23 22:00:00,22,3,False,2022-06-23,-0.5000000000000004,0.8660254037844384,0.43388373911755823,-0.900968867902419,0,0,2,86,0.2178030303030303,92.351388887,0.2178030303030303,92.234722225,0.19128787878787878,75.656388891,0.2793560606060606,129.89861109,,,0.2089646464646465,0.015308529864876913,0.2547743055555555,False
119,107,20.0,98.000000004,14.000000003999999,0.9263636359999999,90.78363633170544,0.0,88.0,0.89,0.22727272727272727,22.47191011235955,0.9263636359999998,False,offpeak,2022-06-23 23:00:00,23,3,False,2022-06-23,-0.25881904510252157,0.9659258262890681,0.43388373911755823,-0.900968867902419,0,0,2,86,0.22443181818181818,96.065277779,0.2178030303030303,92.351388887,0.2178030303030303,92.234722225,0.2840909090909091,132.99999996,,,0.22001262626262627,0.003827132466220737,0.25248579545454547,False
120,107,20.0,98.000000004,14.000000003999999,0.9263636359999999,90.78363633170544,0.0,88.0,0.89,0.22727272727272727,22.47191011235955,0.9263636359999998,False,offpeak,2022-06-24 00:00:00,0,4,False,2022-06-24,0.0,1.0,-0.433883739117558,-0.9009688679024191,0,0,2,86,0.22727272727272727,98.000000004,0.22443181818181818,96.065277779,0.2178030303030303,92.351388887,0.29261363636363635,138.07305556999998,,,0.22316919191919193,0.00485947106008349,0.2501183712121212,False
121,107,20.0,98.000000004,14.000000003999999,0.9263636359999999,90.78363633170544,0.0,88.0,0.89,0.22727272727272727,22.47191011235955,0.9263636359999998,False,offpeak,2022-06-24 01:00:00,1,4,False,2022-06-24,0.25881904510252074,0.9659258262890683,-0.433883739117558,-0.9009688679024191,0,0,2,86,0.22727272727272727,98.000000004,0.22727272727272727,98.000000004,0.22443181818181818,96.065277779,0.3020833333333333,143.90250002,,,0.2263257575757576,0.0016401996283830285,0.24739583333333334,False
122,107,20.0,98.000000004,14.000000003999999,0.9263636359999999,90.78363633170544,0.0,88.0,0.89,0.22727272727272727,22.47191011235955,0.9263636359999998,False,offpeak,2022-06-24 02:00:00,2,4,False,2022-06-24,0.49999999999999994,0.8660254037844387,-0.433883739117558,-0.9009688679024191,0,0,2,86,0.22727272727272727,98.000000004,0.22727272727272727,98.000000004,0.22727272727272727,98.000000004,0.31155303030303033,147.0,,,0.22727272727272727,0.0,0.24427872474747472,False
123,107,20.0,98.000000004,14.000000003999999,0.9263636359999999,90.78363633170544,0.0,88.0,0.89,0.22727272727272727,22.47191011235955,0.9263636359999998,False,offpeak,2022-06-24 03:00:00,3,4,False,2022-06-24,0.7071067811865476,0.7071067811865476,-0.433883739117558,-0.9009688679024191,0,0,2,86,0.22727272727272727,98.000000004,0.22727272727272727,98.000000004,0.22727272727272727,98.000000004,0.3077651515151515,147.0,,,0.22727272727272727,0.0,0.24076704545454544,False
124,107,20.0,98.000000004,14.000000003999999,0.9263636359999999,90.78363633170544,0.0,88.0,0.89,0.22727272727272727,22.47191011235955,0.9263636359999998,False,offpeak,2022-06-24 04:00:00,4,4,False,2022-06-24,0.8660254037844386,0.5000000000000001,-0.433883739117558,-0.9009688679024191,0,0,2,86,0.22727272727272727,98.000000004,0.22727272727272727,98.000000004,0.22727272727272727,98.000000004,0.3068181818181818,147.0,,,0.22727272727272727,0.0,0.23741319444444445,False
125,107,20.0,98.000000004,14.000000003999999,0.9263636359999999,90.78363633170544,0.0,88.0,0.89,0.22727272727272727,22.47191011235955,0.9263636359999998,False,offpeak,2022-06-24 05:00:00,5,4,False,2022-06-24,0.9659258262890683,0.25881904510252074,-0.433883739117558,-0.9009688679024191,0,0,2,86,0.22727272727272727,98.000000004,0.22727272727272727,98.000000004,0.22727272727272727,98.000000004,0.3068181818181818,147.0,,,0.22727272727272727,0.0,0.2340988005050505,False
126,107,19.333333333333332,93.523888888,13.360555555000001,0.9263636359999999,86.63712976314766,0.0,88.0,0.89,0.2196969696969697,21.722846441947564,0.9263636359999997,False,offpeak,2022-06-24 06:00:00,6,4,False,2022-06-24,1.0,6.123233995736766e-17,-0.433883739117558,-0.9009688679024191,0,0,2,86,0.22727272727272727,98.000000004,0.22727272727272727,98.000000004,0.22727272727272727,98.000000004,0.31155303030303033,147.0,,,0.22727272727272727,0.0,0.23078440656565655,False
127,107,18.333333333333332,86.710555554,12.387222220999998,0.9263636359999999,80.32550552258344,0.0,88.0,0.89,0.20833333333333331,20.599250936329586,0.9263636360000002,False,offpeak,2022-06-24 07:00:00,7,4,False,2022-06-24,0.9659258262890683,-0.25881904510252063,-0.433883739117558,-0.9009688679024191,0,0,2,86,0.2196969696969697,93.523888888,0.22727272727272727,98.000000004,0.22727272727272727,98.000000004,0.28125,131.79833334,,,0.22474747474747478,0.004373865675680292,0.2269570707070707,False
128,107,16.666666666666668,72.903055555,10.414722222,0.9263636359999999,67.5347396194398,0.0,88.0,0.89,0.18939393939393942,18.726591760299627,0.9263636360000002,False,offpeak,2022-06-24 08:00:00,8,4,False,2022-06-24,0.8660254037844387,-0.4999999999999998,-0.433883739117558,-0.9009688679024191,0,0,2,86,0.20833333333333331,86.710555554,0.2196969696969697,93.523888888,0.22727272727272727,98.000000004,0.27462121212121215,123.47999999800001,,,0.21843434343434343,0.009532619236453632,0.22391887626262622,False
129,107,17.0,75.458055557,10.779722224999999,0.9263636359999999,69.90159871127254,0.0,88.0,0.89,0.19318181818181818,19.10112359550562,0.9263636360000003,False,offpeak,2022-06-24 09:00:00,9,4,False,2022-06-24,0.7071067811865476,-0.7071067811865475,-0.433883739117558,-0.9009688679024191,0,0,2,86,0.18939393939393942,72.903055555,0.20833333333333331,86.710555554,0.2196969696969697,93.523888888,0.2784090909090909,130.45083330699998,,,0.2058080808080808,0.015308529864876916,0.22036773989898986,False
130,107,18.25,85.567222221,12.223888888000001,0.9263636359999999,79.26636309906557,0.0,88.0,0.89,0.20738636363636365,20.50561797752809,0.9263636360000003,False,offpeak,2022-06-24 10:00:00,10,4,False,2022-06-24,0.49999999999999994,-0.8660254037844387,-0.433883739117558,-0.9009688679024191,0,0,2,86,0.19318181818181818,75.458055557,0.18939393939393942,72.903055555,0.20833333333333331,86.710555554,0.23958333333333331,105.388888889,,,0.196969696969697,0.01002178526918488,0.2168166035353535,False
131,107,17.333333333333332,79.520000002,11.360000001999998,0.9263636359999999,73.66443633657275,0.0,88.0,0.89,0.19696969696969696,19.47565543071161,0.9263636360000003,False,offpeak,2022-06-24 11:00:00,11,4,False,2022-06-24,0.258819045102521,-0.9659258262890682,-0.433883739117558,-0.9009688679024191,0,0,2,86,0.20738636363636365,85.567222221,0.19318181818181818,75.458055557,0.18939393939393942,72.903055555,0.23768939393939395,104.624722225,,,0.19665404040404044,0.009485466667498827,0.21547506313131315,False
132,107,17.75,78.794722222,11.25638889,0.9263636359999999,72.99256537518193,0.0,88.0,0.89,0.20170454545454544,19.9438202247191,0.926363636,False,offpeak,2022-06-24 12:00:00,12,4,False,2022-06-24,1.2246467991473532e-16,-1.0,-0.433883739117558,-0.9009688679024191,0,0,2,86,0.19696969696969696,79.520000002,0.20738636363636365,85.567222221,0.19318181818181818,75.458055557,0.23011363636363635,99.561388892,,,0.19917929292929296,0.007355543054124277,0.21377840909090906,False
133,107,18.75,88.266111109,12.609444442000001,0.9263636359999999,81.76651562251324,0.0,88.0,0.89,0.21306818181818182,21.06741573033708,0.9263636360000002,False,offpeak,2022-06-24 13:00:00,13,4,False,2022-06-24,-0.2588190451025208,-0.9659258262890683,-0.433883739117558,-0.9009688679024191,0,0,2,86,0.20170454545454544,78.794722222,0.19696969696969696,79.520000002,0.20738636363636365,85.567222221,0.23390151515151514,102.456666668,,,0.20202020202020202,0.005215502412204313,0.212594696969697,False
134,107,17.25,78.930833336,11.275833335999998,0.9263636359999999,73.118653761647,0.0,88.0,0.89,0.19602272727272727,19.382022471910112,0.9263636360000003,False,offpeak,2022-06-24 14:00:00,14,4,False,2022-06-24,-0.4999999999999997,-0.8660254037844388,-0.433883739117558,-0.9009688679024191,0,0,2,86,0.21306818181818182,88.266111109,0.20170454545454544,78.794722222,0.19696969696969696,79.520000002,0.22727272727272727,94.680833333,,,0.20391414141414144,0.008273574761415842,0.2117266414141414,False
135,107,17.916666666666668,83.043333334,11.863333334,0.9263636359999999,76.92832421284425,0.0,88.0,0.89,0.20359848484848486,20.131086142322097,0.926363636,False,offpeak,2022-06-24 15:00:00,15,4,False,2022-06-24,-0.7071067811865471,-0.7071067811865479,-0.433883739117558,-0.9009688679024191,0,0,2,86,0.19602272727272727,78.930833336,0.21306818181818182,88.266111109,0.20170454545454544,78.794722222,0.2159090909090909,90.611111107,,,0.20359848484848486,0.008679120634386986,0.2104245580808081,False
136,107,19.0,90.999999996,12.999999996000001,0.9263636359999999,84.29909087229453,0.0,88.0,0.89,0.2159090909090909,21.34831460674157,0.9263636359999998,False,offpeak,2022-06-24 16:00:00,16,4,False,2022-06-24,-0.8660254037844385,-0.5000000000000004,-0.433883739117558,-0.9009688679024191,0,0,2,86,0.20359848484848486,83.043333334,0.19602272727272727,78.930833336,0.21306818181818182,88.266111109,0.19696969696969696,79.72611111200001,,,0.204229797979798,0.008540245743983689,0.20991161616161613,False
137,107,19.916666666666668,97.412777778,13.916111112,0.9263636359999999,90.23965501528808,0.0,88.0,0.89,0.2263257575757576,22.378277153558052,0.9263636359999999,False,offpeak,2022-06-24 17:00:00,17,4,False,2022-06-24,-0.9659258262890683,-0.25881904510252063,-0.433883739117558,-0.9009688679024191,0,0,2,86,0.2159090909090909,90.999999996,0.20359848484848486,83.043333334,0.19602272727272727,78.930833336,0.1846590909090909,71.75388888699999,,,0.2051767676767677,0.010036687560344629,0.21070075757575757,False
138,107,19.833333333333332,96.60583333299999,13.800833333,0.9263636359999999,89.49213102516788,0.0,88.0,0.89,0.22537878787878787,22.284644194756552,0.926363636,False,offpeak,2022-06-24 18:00:00,18,4,False,2022-06-24,-1.0,-1.8369701987210297e-16,-0.433883739117558,-0.9009688679024191,0,0,2,86,0.2263257575757576,97.412777778,0.2159090909090909,90.999999996,0.20359848484848486,83.043333334,0.1846590909090909,70.96833333199999,,,0.21527777777777782,0.011376781118018367,0.2124368686868687,False
139,107,21.333333333333332,106.967777778,15.281111111000001,0.9263636359999999,99.09105955726808,0.0,88.0,0.89,0.2424242424242424,23.97003745318352,0.926363636,False,offpeak,2022-06-24 19:00:00,19,4,False,2022-06-24,-0.9659258262890684,0.2588190451025203,-0.433883739117558,-0.9009688679024191,0,0,2,86,0.22537878787878787,96.60583333299999,0.2263257575757576,97.412777778,0.2159090909090909,90.999999996,0.19128787878787878,75.656388891,,,0.2225378787878788,0.005760191790056266,0.21413352272727273,False
140,107,23.666666666666668,123.301111115,17.614444446,0.9263636359999999,114.22166561533143,0.0,88.0,0.89,0.268939393939394,26.59176029962547,0.9263636360000002,False,offpeak,2022-06-24 20:00:00,20,4,False,2022-06-24,-0.8660254037844386,0.5000000000000001,-0.433883739117558,-0.9009688679024191,0,0,2,86,0.2424242424242424,106.967777778,0.22537878787878787,96.60583333299999,0.2263257575757576,97.412777778,0.2178030303030303,92.234722225,,,0.23137626262626262,0.009579539713064678,0.21626420454545456,False
141,107,27.0,146.22027778,20.888611111,0.9263636359999999,135.45314818121082,0.0,88.0,0.89,0.3068181818181818,30.337078651685392,0.926363636,False,shoulder,2022-06-24 21:00:00,21,4,False,2022-06-24,-0.7071067811865477,0.7071067811865474,-0.433883739117558,-0.9009688679024191,0,0,2,86,0.268939393939394,123.301111115,0.2424242424242424,106.967777778,0.22537878787878787,96.60583333299999,0.2178030303030303,92.351388887,,,0.2455808080808081,0.021951185165042793,0.21839488636363638,False
142,107,27.083333333333332,159.08888889000002,21.029722221999997,0.9263636359999999,147.3741615593404,0.0,88.0,0.89,0.3077651515151515,30.430711610486888,0.9263636359999998,False,shoulder,2022-06-24 22:00:00,22,4,False,2022-06-24,-0.5000000000000004,0.8660254037844384,-0.433883739117558,-0.9009688679024191,0,0,2,86,0.3068181818181818,146.22027778,0.268939393939394,123.301111115,0.2424242424242424,106.967777778,0.22443181818181818,96.065277779,,,0.27272727272727276,0.03236365055044525,0.22210385101010102,False
143,107,28.583333333333332,210.90249997999996,22.557500000000005,0.9263636359999999,195.37240672296272,0.0,88.0,0.89,0.324810606060606,32.11610486891386,0.9263636360000002,False,shoulder,2022-06-24 23:00:00,23,4,False,2022-06-24,-0.25881904510252157,0.9659258262890681,-0.433883739117558,-0.9009688679024191,0,0,2,86,0.3077651515151515,159.08888889000002,0.3068181818181818,146.22027778,0.268939393939394,123.301111115,0.22727272727272727,98.000000004,,,0.29450757575757575,0.02214775674910315,0.22557607323232323,False
144,107,29.0,213.99999995999994,23.000000004000004,0.9263636359999999,198.24181806694543,0.0,88.0,0.89,0.32954545454545453,32.58426966292135,0.9263636360000002,False,shoulder,2022-06-25 00:00:00,0,5,True,2022-06-25,0.0,1.0,-0.9749279121818236,-0.2225209339563146,0,0,2,86,0.324810606060606,210.90249997999996,0.3077651515151515,159.08888889000002,0.3068181818181818,146.22027778,0.22727272727272727,98.000000004,,,0.3131313131313131,0.010125640740116704,0.2296401515151515,False
145,107,29.0,213.99999995999994,23.000000004000004,0.9263636359999999,198.24181806694543,0.0,88.0,0.89,0.32954545454545453,32.58426966292135,0.9263636360000002,False,shoulder,2022-06-25 01:00:00,1,5,True,2022-06-25,0.25881904510252074,0.9659258262890683,-0.9749279121818236,-0.2225209339563146,0,0,2,86,0.32954545454545453,213.99999995999994,0.324810606060606,210.90249997999996,0.3077651515151515,159.08888889000002,0.22727272727272727,98.000000004,,,0.3207070707070707,0.01145533289875216,0.23390151515151514,False
146,107,29.0,213.99999995999994,23.000000004000004,0.9263636359999999,198.24181806694543,0.0,88.0,0.89,0.32954545454545453,32.58426966292135,0.9263636360000002,False,shoulder,2022-06-25 02:00:00,2,5,True,2022-06-25,0.49999999999999994,0.8660254037844387,-0.9749279121818236,-0.2225209339563146,0,0,2,86,0.32954545454545453,213.99999995999994,0.32954545454545453,213.99999995999994,0.324810606060606,210.90249997999996,0.22727272727272727,98.000000004,,,0.3279671717171717,0.0027336660472973696,0.23816287878787878,False
147,107,29.0,213.99999995999994,23.000000004000004,0.9263636359999999,198.24181806694543,0.0,88.0,0.89,0.32954545454545453,32.58426966292135,0.9263636360000002,False,shoulder,2022-06-25 03:00:00,3,5,True,2022-06-25,0.7071067811865476,0.7071067811865476,-0.9749279121818236,-0.2225209339563146,0,0,2,86,0.32954545454545453,213.99999995999994,0.32954545454545453,213.99999995999994,0.32954545454545453,213.99999995999994,0.22727272727272727,98.000000004,,,0.32954545454545453,0.0,0.24242424242424243,False
148,107,29.0,213.99999995999994,23.000000004000004,0.9263636359999999,198.24181806694543,0.0,88.0,0.89,0.32954545454545453,32.58426966292135,0.9263636360000002,False,shoulder,2022-06-25 04:00:00,4,5,True,2022-06-25,0.8660254037844386,0.5000000000000001,-0.9749279121818236,-0.2225209339563146,0,0,2,86,0.32954545454545453,213.99999995999994,0.32954545454545453,213.99999995999994,0.32954545454545453,213.99999995999994,0.22727272727272727,98.000000004,,,0.32954545454545453,0.0,0.24668560606060605,False
149,107,29.0,213.99999995999994,23.000000004000004,0.9263636359999999,198.24181806694543,0.0,88.0,0.89,0.32954545454545453,32.58426966292135,0.9263636360000002,False,shoulder,2022-06-25 05:00:00,5,5,True,2022-06-25,0.9659258262890683,0.25881904510252074,-0.9749279121818236,-0.2225209339563146,0,0,2,86,0.32954545454545453,213.99999995999994,0.32954545454545453,213.99999995999994,0.32954545454545453,213.99999995999994,0.22727272727272727,98.000000004,,,0.32954545454545453,0.0,0.2509469696969697,False
150,107,29.0,213.42444440999992,22.917777781000005,0.9263636359999999,197.70864433492744,0.0,88.0,0.89,0.32954545454545453,32.58426966292135,0.9263636360000002,False,shoulder,2022-06-25 06:00:00,6,5,True,2022-06-25,1.0,6.123233995736766e-17,-0.9749279121818236,-0.2225209339563146,0,0,2,86,0.32954545454545453,213.99999995999994,0.32954545454545453,213.99999995999994,0.32954545454545453,213.99999995999994,0.2196969696969697,93.523888888,,,0.32954545454545453,0.0,0.2552083333333333,False
151,107,27.916666666666668,203.95083333,21.995555551999995,0.9263636359999999,188.93263552880876,0.0,88.0,0.89,0.3172348484848485,31.367041198501873,0.9263636359999999,False,shoulder,2022-06-25 07:00:00,7,5,True,2022-06-25,0.9659258262890683,-0.25881904510252063,-0.9749279121818236,-0.2225209339563146,0,0,2,86,0.32954545454545453,213.42444440999992,0.32954545454545453,213.99999995999994,0.32954545454545453,213.99999995999994,0.20833333333333331,86.710555554,,,0.32954545454545453,0.0,0.25978535353535354,False
152,107,24.583333333333332,130.45083333,18.635833333,0.9263636359999999,120.8449082828088,0.0,88.0,0.89,0.2793560606060606,27.621722846441944,0.9263636360000002,False,offpeak,2022-06-25 08:00:00,8,5,True,2022-06-25,0.8660254037844387,-0.4999999999999998,-0.9749279121818236,-0.2225209339563146,0,0,2,86,0.3172348484848485,203.95083333,0.32954545454545453,213.42444440999992,0.32954545454545453,213.99999995999994,0.18939393939393942,72.903055555,,,0.32544191919191917,0.00710753172297756,0.2643229166666667,False
153,107,24.0,124.83333332699999,17.833333333,0.9263636359999999,115.64106055479971,0.0,88.0,0.89,0.2727272727272727,26.96629213483146,0.9263636360000002,False,offpeak,2022-06-25 09:00:00,9,5,True,2022-06-25,0.7071067811865476,-0.7071067811865475,-0.9749279121818236,-0.2225209339563146,0,0,2,86,0.2793560606060606,130.45083333,0.3172348484848485,203.95083333,0.32954545454545453,213.42444440999992,0.19318181818181818,75.458055557,,,0.3087121212121212,0.02615762749419138,0.2680713383838384,False
154,107,22.666666666666668,116.05027777699999,16.578611110000004,0.9263636359999999,107.50475728031172,0.0,88.0,0.89,0.25757575757575757,25.468164794007492,0.9263636360000002,False,offpeak,2022-06-25 10:00:00,10,5,True,2022-06-25,0.49999999999999994,-0.8660254037844387,-0.9749279121818236,-0.2225209339563146,0,0,2,86,0.2727272727272727,124.83333332699999,0.2793560606060606,130.45083333,0.3172348484848485,203.95083333,0.20738636363636365,85.567222221,,,0.2897727272727273,0.02401273169148849,0.2713857323232323,False
155,107,22.5,115.124722222,16.446388888999998,0.9263636359999999,106.64735627106192,0.0,88.0,0.89,0.2556818181818182,25.280898876404493,0.926363636,False,offpeak,2022-06-25 11:00:00,11,5,True,2022-06-25,0.258819045102521,-0.9659258262890682,-0.9749279121818236,-0.2225209339563146,0,0,2,86,0.25757575757575757,116.05027777699999,0.2727272727272727,124.83333332699999,0.2793560606060606,130.45083333,0.19696969696969696,79.520000002,,,0.26988636363636365,0.01116460807059806,0.273476957070707,False
156,107,23.416666666666668,118.803611115,16.971944448,0.9263636359999999,110.05534516242142,0.0,88.0,0.89,0.26609848484848486,26.310861423220974,0.926363636,False,offpeak,2022-06-25 12:00:00,12,5,True,2022-06-25,1.2246467991473532e-16,-1.0,-0.9749279121818236,-0.2225209339563146,0,0,2,86,0.2556818181818182,115.124722222,0.25757575757575757,116.05027777699999,0.2727272727272727,124.83333332699999,0.20170454545454544,78.794722222,,,0.26199494949494945,0.00934258117862929,0.27592329545454547,False
157,107,23.25,116.884444447,16.697777778,0.9263636359999999,108.27749894976294,0.0,88.0,0.89,0.26420454545454547,26.123595505617978,0.926363636,False,offpeak,2022-06-25 13:00:00,13,5,True,2022-06-25,-0.2588190451025208,-0.9659258262890683,-0.9749279121818236,-0.2225209339563146,0,0,2,86,0.26609848484848486,118.803611115,0.2556818181818182,115.124722222,0.25757575757575757,116.05027777699999,0.21306818181818182,88.266111109,,,0.25978535353535354,0.00554873605784323,0.27860637626262624,False
158,107,23.5,122.476666665,17.496666668,0.9263636359999999,113.4579302569494,0.0,88.0,0.89,0.26704545454545453,26.40449438202247,0.926363636,False,offpeak,2022-06-25 14:00:00,14,5,True,2022-06-25,-0.4999999999999997,-0.8660254037844388,-0.9749279121818236,-0.2225209339563146,0,0,2,86,0.26420454545454547,116.884444447,0.26609848484848486,118.803611115,0.2556818181818182,115.124722222,0.19602272727272727,78.930833336,,,0.2619949494949495,0.005548736057843197,0.28073705808080807,False
159,107,21.416666666666668,108.10916667000001,15.444166669999998,0.9263636359999999,100.1484007213512,0.0,88.0,0.89,0.24337121212121213,24.06367041198502,0.9263636359999998,False,offpeak,2022-06-25 15:00:00,15,5,True,2022-06-25,-0.7071067811865471,-0.7071067811865479,-0.9749279121818236,-0.2225209339563146,0,0,2,86,0.26704545454545453,122.476666665,0.26420454545454547,116.884444447,0.26609848484848486,118.803611115,0.20359848484848486,83.043333334,,,0.2657828282828283,0.0014465201057311018,0.2836963383838384,False
160,107,22.25,108.124722221,15.446388887000001,0.9263636359999999,100.16281081813555,0.0,88.0,0.89,0.2528409090909091,25.0,0.926363636,False,offpeak,2022-06-25 16:00:00,16,5,True,2022-06-25,-0.8660254037844385,-0.5000000000000004,-0.9749279121818236,-0.2225209339563146,0,0,2,86,0.24337121212121213,108.10916667000001,0.26704545454545453,122.476666665,0.26420454545454547,116.884444447,0.2159090909090909,90.999999996,,,0.2582070707070707,0.012926512139800112,0.28535353535353536,False
161,107,21.916666666666668,106.15888888799999,15.165555555000001,0.9263636359999999,98.34173430400767,0.0,88.0,0.89,0.2490530303030303,24.625468164794007,0.926363636,False,offpeak,2022-06-25 17:00:00,17,5,True,2022-06-25,-0.9659258262890683,-0.25881904510252063,-0.9749279121818236,-0.2225209339563146,0,0,2,86,0.2528409090909091,108.124722221,0.24337121212121213,108.10916667000001,0.26704545454545453,122.476666665,0.2263257575757576,97.412777778,,,0.254419191919192,0.011915774045566306,0.2868923611111111,False
162,107,21.166666666666668,106.351388888,15.193055553999999,0.9263636359999999,98.52005930393767,0.0,88.0,0.89,0.24053030303030304,23.782771535580526,0.9263636359999999,False,offpeak,2022-06-25 18:00:00,18,5,True,2022-06-25,-1.0,-1.8369701987210297e-16,-0.9749279121818236,-0.2225209339563146,0,0,2,86,0.2490530303030303,106.15888888799999,0.2528409090909091,108.124722221,0.24337121212121213,108.10916667000001,0.22537878787878787,96.60583333299999,,,0.2484217171717172,0.00476630961822689,0.28783933080808083,False
163,107,21.5,108.13833333400001,15.448333333999999,0.9263636359999999,100.17541965826425,0.0,88.0,0.89,0.24431818181818182,24.157303370786515,0.9263636359999999,False,offpeak,2022-06-25 19:00:00,19,5,True,2022-06-25,-0.9659258262890684,0.2588190451025203,-0.9749279121818236,-0.2225209339563146,0,0,2,86,0.24053030303030304,106.351388888,0.2490530303030303,106.15888888799999,0.2528409090909091,108.124722221,0.2424242424242424,106.967777778,,,0.24747474747474751,0.006305234960681561,0.2884706439393939,False
164,107,22.166666666666668,113.524444443,16.217777777000002,0.9263636359999999,105.16491712909747,0.0,88.0,0.89,0.2518939393939394,24.906367041198504,0.926363636,False,offpeak,2022-06-25 20:00:00,20,5,True,2022-06-25,-0.8660254037844386,0.5000000000000001,-0.9749279121818236,-0.2225209339563146,0,0,2,86,0.24431818181818182,108.13833333400001,0.24053030303030304,106.351388888,0.2490530303030303,106.15888888799999,0.268939393939394,123.301111115,,,0.24463383838383843,0.0042701228719918835,0.28854955808080807,False
165,107,21.666666666666668,107.922499999,15.417499999,0.9263636359999999,99.97547950528363,0.0,88.0,0.89,0.24621212121212122,24.344569288389515,0.9263636359999999,False,offpeak,2022-06-25 21:00:00,21,5,True,2022-06-25,-0.7071067811865477,0.7071067811865474,-0.9749279121818236,-0.2225209339563146,0,0,2,86,0.2518939393939394,113.524444443,0.24431818181818182,108.13833333400001,0.24053030303030304,106.351388888,0.3068181818181818,146.22027778,,,0.24558080808080815,0.005786080422924403,0.2878393308080808,False
166,107,20.833333333333332,102.847500001,14.692500000999997,0.9263636359999999,95.27418405443635,0.0,88.0,0.89,0.23674242424242423,23.40823970037453,0.9263636359999998,False,offpeak,2022-06-25 22:00:00,22,5,True,2022-06-25,-0.5000000000000004,0.8660254037844384,-0.9749279121818236,-0.2225209339563146,0,0,2,86,0.24621212121212122,107.922499999,0.2518939393939394,113.524444443,0.24431818181818182,108.13833333400001,0.3077651515151515,159.08888889000002,,,0.24747474747474751,0.003942549241413639,0.2853140782828283,False
167,107,20.0,99.164722225,14.166388891999997,0.9263636359999999,91.86259264328099,0.0,88.0,0.89,0.22727272727272727,22.47191011235955,0.9263636359999997,False,offpeak,2022-06-25 23:00:00,23,5,True,2022-06-25,-0.25881904510252157,0.9659258262890681,-0.9749279121818236,-0.2225209339563146,0,0,2,86,0.23674242424242423,102.847500001,0.24621212121212122,107.922499999,0.2518939393939394,113.524444443,0.324810606060606,210.90249997999996,,,0.244949494949495,0.0076542649324385075,0.28235479797979796,False
168,107,21.583333333333332,108.700277776,15.528611109000003,0.9263636359999999,100.69598455478535,0.0,88.0,0.89,0.2452651515151515,24.250936329588015,0.926363636,False,offpeak,2022-06-26 00:00:00,0,6,True,2022-06-26,0.0,1.0,-0.7818314824680299,0.6234898018587334,0,0,2,86,0.22727272727272727,99.164722225,0.23674242424242423,102.847500001,0.24621212121212122,107.922499999,0.32954545454545453,213.99999995999994,0.2765151515151515,117.710833331,0.23674242424242428,0.009469696969697234,0.2782907196969697,True
169,107,22.0,111.999999996,15.999999996000001,0.9263636359999999,103.75272722829455,0.0,88.0,0.89,0.25,24.719101123595504,0.926363636,False,offpeak,2022-06-26 01:00:00,1,6,True,2022-06-26,0.25881904510252074,0.9659258262890683,-0.7818314824680299,0.6234898018587334,0,0,2,86,0.2452651515151515,108.700277776,0.22727272727272727,99.164722225,0.23674242424242423,102.847500001,0.32954545454545453,213.99999995999994,0.27462121212121215,123.17763886,0.2364267676767677,0.009000364538752319,0.2747790404040404,True
170,107,22.0,111.999999996,15.999999996000001,0.9263636359999999,103.75272722829455,0.0,88.0,0.89,0.25,24.719101123595504,0.926363636,False,offpeak,2022-06-26 02:00:00,2,6,True,2022-06-26,0.49999999999999994,0.8660254037844387,-0.7818314824680299,0.6234898018587334,0,0,2,86,0.25,111.999999996,0.2452651515151515,108.700277776,0.22727272727272727,99.164722225,0.32954545454545453,213.99999995999994,0.26988636363636365,120.16666665100001,0.24084595959595964,0.011990795399761932,0.27146464646464646,True
171,107,22.0,111.999999996,15.999999996000001,0.9263636359999999,103.75272722829455,0.0,88.0,0.89,0.25,24.719101123595504,0.926363636,False,offpeak,2022-06-26 03:00:00,3,6,True,2022-06-26,0.7071067811865476,0.7071067811865476,-0.7818314824680299,0.6234898018587334,0,0,2,86,0.25,111.999999996,0.25,111.999999996,0.2452651515151515,108.700277776,0.32954545454545453,213.99999995999994,0.2774621212121212,126.58138889,0.2484217171717172,0.0027336660473002692,0.26815025252525254,True
172,107,22.0,111.999999996,15.999999996000001,0.9263636359999999,103.75272722829455,0.0,88.0,0.89,0.25,24.719101123595504,0.926363636,False,offpeak,2022-06-26 04:00:00,4,6,True,2022-06-26,0.8660254037844386,0.5000000000000001,-0.7818314824680299,0.6234898018587334,0,0,2,86,0.25,111.999999996,0.25,111.999999996,0.25,111.999999996,0.32954545454545453,213.99999995999994,0.2784090909090909,125.99611112,0.25,0.0,0.2648358585858586,True
173,107,22.75,114.531666666,16.723333335,0.9263636359999999,106.09797116985575,0.0,88.0,0.89,0.2585227272727273,25.56179775280899,0.9263636359999999,False,offpeak,2022-06-26 05:00:00,5,6,True,2022-06-26,0.9659258262890683,0.25881904510252074,-0.7818314824680299,0.6234898018587334,0,0,2,86,0.25,111.999999996,0.25,111.999999996,0.25,111.999999996,0.32954545454545453,213.99999995999994,0.2755681818181818,124.2597222,0.25,0.0,0.26152146464646464,True
174,107,23.916666666666668,121.73194441000001,17.890277777999998,0.9263636359999999,112.76804664099751,0.0,88.0,0.89,0.27178030303030304,26.872659176029963,0.9263636360000003,False,offpeak,2022-06-26 06:00:00,6,6,True,2022-06-26,1.0,6.123233995736766e-17,-0.7818314824680299,0.6234898018587334,0,0,2,86,0.2585227272727273,114.531666666,0.25,111.999999996,0.25,111.999999996,0.32954545454545453,213.42444440999992,0.2765151515151515,124.84111109999999,0.2528409090909091,0.004920598885139357,0.2585621843434343,True
175,107,23.583333333333332,119.766111088,17.609444446,0.9263636359999999,110.9469701370596,0.0,88.0,0.89,0.26799242424242425,26.498127340823967,0.9263636359999999,False,offpeak,2022-06-26 07:00:00,7,6,True,2022-06-26,0.9659258262890683,-0.25881904510252063,-0.7818314824680299,0.6234898018587334,0,0,2,86,0.27178030303030304,121.73194441000001,0.2585227272727273,114.531666666,0.25,111.999999996,0.3172348484848485,203.95083333,0.27178030303030304,121.94583332,0.26010101010101017,0.010975592582521503,0.25615530303030304,True
176,107,22.25,112.965416664,16.275833332,0.9263636359999999,104.64705412311804,0.0,88.0,0.89,0.2528409090909091,25.0,0.926363636,False,offpeak,2022-06-26 08:00:00,8,6,True,2022-06-26,0.8660254037844387,-0.4999999999999998,-0.7818314824680299,0.6234898018587334,0,0,2,86,0.26799242424242425,119.766111088,0.27178030303030304,121.73194441000001,0.2585227272727273,114.531666666,0.2793560606060606,130.45083333,0.24621212121212122,107.31583333199998,0.2660984848484849,0.006828695597470033,0.25410353535353536,True
177,107,22.583333333333332,115.904444445,16.557777778,0.9263636359999999,107.3696625846302,0.0,88.0,0.89,0.25662878787878785,25.374531835205993,0.926363636,False,offpeak,2022-06-26 09:00:00,9,6,True,2022-06-26,0.7071067811865476,-0.7071067811865475,-0.7818314824680299,0.6234898018587334,0,0,2,86,0.2528409090909091,112.965416664,0.26799242424242425,119.766111088,0.27178030303030304,121.73194441000001,0.2727272727272727,124.83333332699999,0.21306818181818182,89.136249998,0.26420454545454547,0.010021785269184293,0.2529987373737374,True
178,107,21.083333333333332,105.556111111,15.079444445,0.9263636359999999,97.78334289080595,0.0,88.0,0.89,0.23958333333333331,23.689138576779026,0.9263636359999999,False,offpeak,2022-06-26 10:00:00,10,6,True,2022-06-26,0.49999999999999994,-0.8660254037844387,-0.7818314824680299,0.6234898018587334,0,0,2,86,0.25662878787878785,115.904444445,0.2528409090909091,112.965416664,0.26799242424242425,119.766111088,0.25757575757575757,116.05027777699999,0.21685606060606058,91.62027777499999,0.25915404040404044,0.007885098482826574,0.2523279671717172,True
179,107,18.75,90.799722222,12.971388888000002,0.9263636359999999,84.11356082536192,0.0,88.0,0.89,0.21306818181818182,21.06741573033708,0.9263636359999999,False,offpeak,2022-06-26 11:00:00,11,6,True,2022-06-26,0.258819045102521,-0.9659258262890682,-0.7818314824680299,0.6234898018587334,0,0,2,86,0.23958333333333331,105.556111111,0.25662878787878785,115.904444445,0.2528409090909091,112.965416664,0.2556818181818182,115.124722222,0.20833333333333331,86.10194444599999,0.24968434343434345,0.008950408383054425,0.2515782828282828,True
180,107,17.75,82.251944445,11.750277778,0.9263636359999999,76.19521032414022,0.0,88.0,0.89,0.20170454545454544,19.9438202247191,0.9263636360000002,False,offpeak,2022-06-26 12:00:00,12,6,True,2022-06-26,1.2246467991473532e-16,-1.0,-0.7818314824680299,0.6234898018587334,0,0,2,86,0.21306818181818182,90.799722222,0.23958333333333331,105.556111111,0.25662878787878785,115.904444445,0.26609848484848486,118.803611115,0.1903409090909091,74.47999999700001,0.2364267676767677,0.02195118516504263,0.24980271464646464,True
181,107,18.25,83.50611110999999,12.249444444,0.9263636359999999,77.35702471607961,0.0,88.0,0.89,0.20738636363636365,20.50561797752809,0.9263636360000003,False,offpeak,2022-06-26 13:00:00,13,6,True,2022-06-26,-0.2588190451025208,-0.9659258262890683,-0.7818314824680299,0.6234898018587334,0,0,2,86,0.20170454545454544,82.251944445,0.21306818181818182,90.799722222,0.23958333333333331,105.556111111,0.26420454545454547,116.884444447,0.19696969696969696,78.748055558,0.21811868686868688,0.01943788424032919,0.24711963383838384,True
182,107,16.666666666666668,71.522500001,10.717499998000001,0.9263636359999999,66.25584315673638,0.0,88.0,0.89,0.18939393939393942,18.726591760299627,0.9263636360000002,False,offpeak,2022-06-26 14:00:00,14,6,True,2022-06-26,-0.4999999999999997,-0.8660254037844388,-0.7818314824680299,0.6234898018587334,0,0,2,86,0.20738636363636365,83.50611110999999,0.20170454545454544,82.251944445,0.21306818181818182,90.799722222,0.26704545454545453,122.476666665,0.19696969696969696,80.476666666,0.20738636363636367,0.0056818181818184725,0.24475220959595959,True
183,107,15.75,65.906944447,9.803611110999999,0.9263636359999999,61.053796695572935,0.0,88.0,0.89,0.17897727272727273,17.696629213483146,0.926363636,False,offpeak,2022-06-26 15:00:00,15,6,True,2022-06-26,-0.7071067811865471,-0.7071067811865479,-0.7818314824680299,0.6234898018587334,0,0,2,86,0.18939393939393942,71.522500001,0.20738636363636365,83.50611110999999,0.20170454545454544,82.251944445,0.24337121212121213,108.10916667000001,0.19318181818181818,76.854166668,0.19949494949494953,0.009197476189604615,0.24151672979797978,True
184,107,13.916666666666666,55.605277781000005,7.943611115000001,0.9263636359999999,51.51070730599717,0.0,88.0,0.89,0.1581439393939394,15.636704119850187,0.9263636359999999,False,offpeak,2022-06-26 16:00:00,16,6,True,2022-06-26,-0.8660254037844385,-0.5000000000000004,-0.7818314824680299,0.6234898018587334,0,0,2,86,0.17897727272727273,65.906944447,0.18939393939393942,71.522500001,0.20738636363636365,83.50611110999999,0.2528409090909091,108.124722221,0.17140151515151517,62.638333334,0.19191919191919196,0.014371909643727646,0.238833648989899,True
185,107,13.583333333333334,51.345972219,7.529999998000001,0.9263636359999999,47.565041518747826,0.0,88.0,0.89,0.1543560606060606,15.262172284644196,0.926363636,False,offpeak,2022-06-26 17:00:00,17,6,True,2022-06-26,-0.9659258262890683,-0.25881904510252063,-0.7818314824680299,0.6234898018587334,0,0,2,86,0.1581439393939394,55.605277781000005,0.17897727272727273,65.906944447,0.18939393939393942,71.522500001,0.2490530303030303,106.15888888799999,0.16856060606060608,61.810000001000006,0.17550505050505058,0.015911721163041227,0.23488794191919193,True
186,107,16.0,66.29777778100001,9.971111107,0.9263636359999999,61.41585048392719,0.0,88.0,0.89,0.18181818181818182,17.97752808988764,0.9263636360000002,False,offpeak,2022-06-26 18:00:00,18,6,True,2022-06-26,-1.0,-1.8369701987210297e-16,-0.7818314824680299,0.6234898018587334,0,0,2,86,0.1543560606060606,51.345972219,0.1581439393939394,55.605277781000005,0.17897727272727273,65.906944447,0.24053030303030304,106.351388888,0.17045454545454544,63.746666665999996,0.1638257575757576,0.013257575757575897,0.23094223484848486,True
187,107,15.583333333333334,64.34361111,9.691944444,0.9263636359999999,59.6055815412296,0.0,88.0,0.89,0.17708333333333334,17.50936329588015,0.926363636,False,offpeak,2022-06-26 19:00:00,19,6,True,2022-06-26,-0.9659258262890684,0.2588190451025203,-0.7818314824680299,0.6234898018587334,0,0,2,86,0.18181818181818182,66.29777778100001,0.1543560606060606,51.345972219,0.1581439393939394,55.605277781000005,0.24431818181818182,108.13833333400001,0.19128787878787878,75.64277778,0.16477272727272732,0.014882797012785833,0.2284958964646465,True
188,107,17.083333333333332,73.107222221,10.943888889999998,0.9263636359999999,67.72387219450557,0.0,88.0,0.89,0.19412878787878787,19.194756554307116,0.9263636360000003,False,offpeak,2022-06-26 20:00:00,20,6,True,2022-06-26,-0.8660254037844386,0.5000000000000001,-0.7818314824680299,0.6234898018587334,0,0,2,86,0.17708333333333334,64.34361111,0.18181818181818182,66.29777778100001,0.1543560606060606,51.345972219,0.2518939393939394,113.524444443,0.23390151515151514,100.67361111,0.17108585858585865,0.014680575699789863,0.22569444444444445,True
189,107,17.083333333333332,75.155694446,11.000000003999999,0.9263636359999999,69.62150237310158,0.0,88.0,0.89,0.19412878787878787,19.194756554307116,0.9263636360000002,False,offpeak,2022-06-26 21:00:00,21,6,True,2022-06-26,-0.7071067811865477,0.7071067811865474,-0.7818314824680299,0.6234898018587334,0,0,2,86,0.19412878787878787,73.107222221,0.17708333333333334,64.34361111,0.18181818181818182,66.29777778100001,0.24621212121212122,107.922499999,0.27178030303030304,121.56861110300001,0.1843434343434344,0.008798838298463719,0.22328756313131315,True
190,107,18.166666666666668,85.73638888800001,12.248055554999997,0.9263636359999999,79.42307294779768,0.0,88.0,0.89,0.20643939393939395,20.411985018726593,0.9263636359999999,False,offpeak,2022-06-26 22:00:00,22,6,True,2022-06-26,-0.5000000000000004,0.8660254037844384,-0.7818314824680299,0.6234898018587334,0,0,2,86,0.19412878787878787,75.155694446,0.19412878787878787,73.107222221,0.17708333333333334,64.34361111,0.23674242424242423,102.847500001,0.2774621212121212,125.581944452,0.18844696969696972,0.009841197770277796,0.22111742424242428,True
191,107,17.75,82.06916666800001,11.724166667999999,0.9263636359999999,76.0258916380585,0.0,88.0,0.89,0.20170454545454544,19.9438202247191,0.926363636,False,offpeak,2022-06-26 23:00:00,23,6,True,2022-06-26,-0.25881904510252157,0.9659258262890681,-0.7818314824680299,0.6234898018587334,0,0,2,86,0.20643939393939395,85.73638888800001,0.19412878787878787,75.155694446,0.19412878787878787,73.107222221,0.22727272727272727,99.164722225,0.2537878787878788,110.62916666699999,0.1982323232323233,0.007107531722978439,0.21985479797979798,True
192,107,17.0,77.196388893,11.028055558999998,0.9263636359999999,71.51192750098951,0.0,88.0,0.89,0.19318181818181818,19.10112359550562,0.9263636360000002,False,offpeak,2022-06-27 00:00:00,0,0,False,2022-06-27,0.0,1.0,0.0,1.0,0,0,2,86,0.20170454545454544,82.06916666800001,0.20643939393939395,85.73638888800001,0.19412878787878787,75.155694446,0.2452651515151515,108.700277776,0.25,108.299722226,0.2007575757575758,0.006209695572255768,0.21878945707070707,True
193,107,17.0,77.000000004,11.000000003999999,0.9263636359999999,71.32999997570548,0.0,88.0,0.89,0.19318181818181818,19.10112359550562,0.9263636360000003,False,offpeak,2022-06-27 01:00:00,1,0,False,2022-06-27,0.25881904510252074,0.9659258262890683,0.0,1.0,0,0,2,86,0.19318181818181818,77.196388893,0.20170454545454544,82.06916666800001,0.20643939393939395,85.73638888800001,0.25,111.999999996,0.2424242424242424,103.83333333200002,0.20044191919191923,0.006718370155869005,0.21661931818181815,True
194,107,17.0,77.000000004,11.000000003999999,0.9263636359999999,71.32999997570548,0.0,88.0,0.89,0.19318181818181818,19.10112359550562,0.9263636360000003,False,offpeak,2022-06-27 02:00:00,2,0,False,2022-06-27,0.49999999999999994,0.8660254037844387,0.0,1.0,0,0,2,86,0.19318181818181818,77.000000004,0.19318181818181818,77.196388893,0.20170454545454544,82.06916666800001,0.25,111.999999996,0.2556818181818182,111.821111113,0.1960227272727273,0.004920598885138958,0.21425189393939392,True
195,107,17.0,77.000000004,11.000000003999999,0.9263636359999999,71.32999997570548,0.0,88.0,0.89,0.19318181818181818,19.10112359550562,0.9263636360000003,False,offpeak,2022-06-27 03:00:00,3,0,False,2022-06-27,0.7071067811865476,0.7071067811865476,0.0,1.0,0,0,2,86,0.19318181818181818,77.000000004,0.19318181818181818,77.000000004,0.19318181818181818,77.196388893,0.25,111.999999996,0.25094696969696967,108.680833335,0.19318181818181818,0.0,0.2118844696969697,True
196,107,16.75,75.430833336,10.775833336000002,0.9263636359999999,69.87638103564699,0.0,88.0,0.89,0.1903409090909091,18.820224719101123,0.9263636360000002,False,offpeak,2022-06-27 04:00:00,4,0,False,2022-06-27,0.8660254037844386,0.5000000000000001,0.0,1.0,0,0,2,86,0.19318181818181818,77.000000004,0.19318181818181818,77.000000004,0.19318181818181818,77.000000004,0.25,111.999999996,0.2452651515151515,105.59111111200001,0.19318181818181818,0.0,0.20951704545454544,True
197,107,16.0,69.999999996,9.999999996000001,0.9263636359999999,64.84545451629455,0.0,88.0,0.89,0.18181818181818182,17.97752808988764,0.926363636,False,offpeak,2022-06-27 05:00:00,5,0,False,2022-06-27,0.9659258262890683,0.25881904510252074,0.0,1.0,0,0,2,86,0.1903409090909091,75.430833336,0.19318181818181818,77.000000004,0.19318181818181818,77.000000004,0.2585227272727273,114.531666666,0.24431818181818182,105.180833334,0.1922348484848485,0.0016401996283799364,0.20703125,True
198,107,16.0,69.999999996,9.999999996000001,0.9263636359999999,64.84545451629455,0.0,88.0,0.89,0.18181818181818182,17.97752808988764,0.926363636,False,offpeak,2022-06-27 06:00:00,6,0,False,2022-06-27,1.0,6.123233995736766e-17,0.0,1.0,0,0,2,86,0.18181818181818182,69.999999996,0.1903409090909091,75.430833336,0.19318181818181818,77.000000004,0.27178030303030304,121.73194441000001,0.24337121212121213,104.599444445,0.18844696969696972,0.005913823862119783,0.2038352272727273,True
199,107,14.666666666666666,61.605833334,8.800833334,0.9263636359999999,57.06940376609424,0.0,88.0,0.89,0.16666666666666666,16.479400749063668,0.9263636359999999,False,offpeak,2022-06-27 07:00:00,7,0,False,2022-06-27,0.9659258262890683,-0.25881904510252063,0.0,1.0,0,0,2,86,0.18181818181818182,69.999999996,0.18181818181818182,69.999999996,0.1903409090909091,75.430833336,0.26799242424242425,119.766111088,0.21685606060606058,88.271944448,0.18465909090909094,0.004920598885138969,0.20008680555555555,True
200,107,11.583333333333334,38.276388890999996,5.468055558,0.9263636359999999,35.457854786016775,0.0,88.0,0.89,0.13162878787878787,13.01498127340824,0.9263636360000003,False,offpeak,2022-06-27 08:00:00,8,0,False,2022-06-27,0.8660254037844387,-0.4999999999999998,0.0,1.0,0,0,2,86,0.16666666666666666,61.605833334,0.18181818181818182,69.999999996,0.18181818181818182,69.999999996,0.2528409090909091,112.965416664,0.21212121212121213,84.999444442,0.17676767676767682,0.00874773135135804,0.195864898989899,True
201,107,11.833333333333334,41.018055556,5.859722222000002,0.9263636359999999,37.997635086506165,0.0,88.0,0.89,0.134469696969697,13.295880149812735,0.926363636,False,offpeak,2022-06-27 09:00:00,9,0,False,2022-06-27,0.7071067811865476,-0.7071067811865475,0.0,1.0,0,0,2,86,0.13162878787878787,38.276388890999996,0.16666666666666666,61.605833334,0.18181818181818182,69.999999996,0.25662878787878785,115.904444445,0.21875,91.97999999999999,0.1600378787878788,0.025742949278538263,0.19081439393939395,True
202,107,12.416666666666666,37.378055558,5.339722225,0.9263636359999999,34.62567145331889,0.0,88.0,0.89,0.14109848484848483,13.95131086142322,0.9263636359999999,False,offpeak,2022-06-27 10:00:00,10,0,False,2022-06-27,0.49999999999999994,-0.8660254037844387,0.0,1.0,0,0,2,86,0.134469696969697,41.018055556,0.13162878787878787,38.276388890999996,0.16666666666666666,61.605833334,0.23958333333333331,105.556111111,0.1922348484848485,76.97666666399999,0.14425505050505055,0.019460937679038347,0.1857244318181818,True
203,107,14.083333333333334,52.89861111100001,7.556944445000001,0.9263636359999999,49.00334972813596,0.0,88.0,0.89,0.16003787878787878,15.823970037453185,0.9263636359999998,False,offpeak,2022-06-27 11:00:00,11,0,False,2022-06-27,0.258819045102521,-0.9659258262890682,0.0,1.0,0,0,2,86,0.14109848484848483,37.378055558,0.134469696969697,41.018055556,0.13162878787878787,38.276388890999996,0.21306818181818182,90.799722222,0.16477272727272727,60.625833333,0.1357323232323233,0.0048594710600823815,0.1816208964646465,True
204,107,14.0,56.00000000400001,8.000000004,0.9263636359999999,51.87636361970546,0.0,88.0,0.89,0.1590909090909091,15.730337078651685,0.9263636359999999,False,offpeak,2022-06-27 12:00:00,12,0,False,2022-06-27,1.2246467991473532e-16,-1.0,0.0,1.0,0,0,2,86,0.16003787878787878,52.89861111100001,0.14109848484848483,37.378055558,0.134469696969697,41.018055556,0.20170454545454544,82.251944445,0.14772727272727273,49.406388889,0.14520202020202025,0.013268844417287729,0.17941130050505052,True
205,107,14.416666666666666,58.912777780000006,8.416111113000001,0.9263636359999999,54.57465503114081,0.0,88.0,0.89,0.16382575757575757,16.198501872659175,0.9263636359999999,False,offpeak,2022-06-27 13:00:00,13,0,False,2022-06-27,-0.2588190451025208,-0.9659258262890683,0.0,1.0,0,0,2,86,0.1590909090909091,56.00000000400001,0.16003787878787878,52.89861111100001,0.14109848484848483,37.378055558,0.20738636363636365,83.50611110999999,0.15056818181818182,51.523888888,0.15340909090909094,0.010671806505288565,0.17763573232323235,True
206,107,14.0,57.170555558000004,8.167222225000002,0.9263636359999999,52.96072371884889,0.0,88.0,0.89,0.1590909090909091,15.730337078651685,0.9263636359999999,False,offpeak,2022-06-27 14:00:00,14,0,False,2022-06-27,-0.4999999999999997,-0.8660254037844388,0.0,1.0,0,0,2,86,0.16382575757575757,58.912777780000006,0.1590909090909091,56.00000000400001,0.16003787878787878,52.89861111100001,0.18939393939393942,71.522500001,0.146780303030303,47.642777777,0.1609848484848485,0.0025054463172963586,0.17582070707070707,True
207,107,14.0,56.00000000400001,8.000000004,0.9263636359999999,51.87636361970546,0.0,88.0,0.89,0.1590909090909091,15.730337078651685,0.9263636359999999,False,offpeak,2022-06-27 15:00:00,15,0,False,2022-06-27,-0.7071067811865471,-0.7071067811865479,0.0,1.0,0,0,2,86,0.1590909090909091,57.170555558000004,0.16382575757575757,58.912777780000006,0.1590909090909091,56.00000000400001,0.17897727272727273,65.906944447,0.17613636363636365,66.661388887,0.16066919191919193,0.0027336660472996772,0.1745580808080808,True
208,107,14.166666666666666,50.302777775999985,7.186111108999999,0.9263636359999999,46.598664121475345,0.0,88.0,0.89,0.16098484848484848,15.917602996254681,0.9263636360000002,False,offpeak,2022-06-27 16:00:00,16,0,False,2022-06-27,-0.8660254037844385,-0.5000000000000004,0.0,1.0,0,0,2,86,0.1590909090909091,56.00000000400001,0.1590909090909091,57.170555558000004,0.16382575757575757,58.912777780000006,0.1581439393939394,55.605277781000005,0.17708333333333334,65.580277776,0.16066919191919196,0.0027336660472996772,0.1737294823232323,True
209,107,11.666666666666666,32.260277777,4.608611110000001,0.9263636359999999,29.88474821987172,0.0,88.0,0.89,0.13257575757575757,13.108614232209737,0.9263636360000002,False,offpeak,2022-06-27 17:00:00,17,0,False,2022-06-27,-0.9659258262890683,-0.25881904510252063,0.0,1.0,0,0,2,86,0.16098484848484848,50.302777775999985,0.1590909090909091,56.00000000400001,0.1590909090909091,57.170555558000004,0.1543560606060606,51.345972219,0.1922348484848485,74.876666667,0.15972222222222224,0.0010934664189205148,0.1738478535353535,True
210,107,12.083333333333334,41.861944444,5.980277777,0.9263636359999999,38.77938306517384,0.0,88.0,0.89,0.13731060606060608,13.57677902621723,0.9263636359999999,False,offpeak,2022-06-27 18:00:00,18,0,False,2022-06-27,-1.0,-1.8369701987210297e-16,0.0,1.0,0,0,2,86,0.13257575757575757,32.260277777,0.16098484848484848,50.302777775999985,0.1590909090909091,56.00000000400001,0.18181818181818182,66.29777778100001,0.17897727272727273,65.683333333,0.15088383838383843,0.01588351720379945,0.1729403409090909,True
211,107,16.75,74.118333335,10.588333335,0.9263636359999999,68.66052876247062,0.0,88.0,0.89,0.1903409090909091,18.820224719101123,0.9263636360000002,False,offpeak,2022-06-27 19:00:00,19,0,False,2022-06-27,-0.9659258262890684,0.2588190451025203,0.0,1.0,0,0,2,86,0.13731060606060608,41.861944444,0.13257575757575757,32.260277777,0.16098484848484848,50.302777775999985,0.17708333333333334,64.34361111,0.17234848484848483,61.269444446,0.14362373737373743,0.015220408398031854,0.17108585858585856,True
212,107,18.75,89.638888886,12.805555553000003,0.9263636359999999,83.03820703543494,0.0,88.0,0.89,0.21306818181818182,21.06741573033708,0.9263636359999998,False,offpeak,2022-06-27 20:00:00,20,0,False,2022-06-27,-0.8660254037844386,0.5000000000000001,0.0,1.0,0,0,2,86,0.1903409090909091,74.118333335,0.13731060606060608,41.861944444,0.13257575757575757,32.260277777,0.19412878787878787,73.107222221,0.17518939393939392,58.62888889100001,0.15340909090909094,0.03207139057173505,0.17163825757575757,True
213,107,18.416666666666668,87.097499998,12.442499997999999,0.9263636359999999,80.68395678465728,0.0,88.0,0.89,0.20928030303030304,20.692883895131086,0.926363636,False,offpeak,2022-06-27 21:00:00,21,0,False,2022-06-27,-0.7071067811865477,0.7071067811865474,0.0,1.0,0,0,2,86,0.21306818181818182,89.638888886,0.1903409090909091,74.118333335,0.13731060606060608,41.861944444,0.19412878787878787,75.155694446,0.18371212121212122,67.86500000000001,0.180239898989899,0.038875768480658233,0.17242739898989898,True
214,107,19.0,86.146666666,12.306666666000002,0.9263636359999999,79.80313936199575,0.0,88.0,0.89,0.2159090909090909,21.34831460674157,0.9263636359999998,False,offpeak,2022-06-27 22:00:00,22,0,False,2022-06-27,-0.5000000000000004,0.8660254037844384,0.0,1.0,0,0,2,86,0.20928030303030304,87.097499998,0.21306818181818182,89.638888886,0.1903409090909091,74.118333335,0.20643939393939395,85.73638888800001,0.19318181818181818,72.553055554,0.204229797979798,0.01217632671842561,0.17305871212121213,True
215,107,19.333333333333332,90.999999996,12.999999996000001,0.9263636359999999,84.29909087229453,0.0,88.0,0.89,0.2196969696969697,21.722846441947564,0.9263636359999998,False,offpeak,2022-06-27 23:00:00,23,0,False,2022-06-27,-0.25881904510252157,0.9659258262890681,0.0,1.0,0,0,2,86,0.2159090909090909,86.146666666,0.20928030303030304,87.097499998,0.21306818181818182,89.638888886,0.20170454545454544,82.06916666800001,0.20170454545454544,78.905555558,0.2127525252525253,0.003325648280572902,0.17345328282828285,True
216,107,19.333333333333332,90.999999996,12.999999996000001,0.9263636359999999,84.29909087229453,0.0,88.0,0.89,0.2196969696969697,21.722846441947564,0.9263636359999998,False,offpeak,2022-06-28 00:00:00,0,1,False,2022-06-28,0.0,1.0,0.7818314824680298,0.6234898018587336,0,0,2,86,0.2196969696969697,90.999999996,0.2159090909090909,86.146666666,0.20928030303030304,87.097499998,0.19318181818181818,77.196388893,0.2178030303030303,88.95444444500001,0.21496212121212124,0.0052725041314682945,0.17420296717171715,True
217,107,19.166666666666668,90.999999996,12.999999996000001,0.9263636359999999,84.29909087229453,0.0,88.0,0.89,0.2178030303030303,21.53558052434457,0.9263636359999998,False,offpeak,2022-06-28 01:00:00,1,1,False,2022-06-28,0.25881904510252074,0.9659258262890683,0.7818314824680298,0.6234898018587336,0,0,2,86,0.2196969696969697,90.999999996,0.2196969696969697,90.999999996,0.2159090909090909,86.146666666,0.19318181818181818,77.000000004,0.20549242424242423,80.492222224,0.21843434343434345,0.0021869328378407707,0.17530776515151514,True
218,107,19.416666666666668,93.735833332,13.390833331999996,0.9263636359999999,86.83346738892149,0.0,88.0,0.89,0.22064393939393942,21.816479400749063,0.9263636359999997,False,offpeak,2022-06-28 02:00:00,2,1,False,2022-06-28,0.49999999999999994,0.8660254037844387,0.7818314824680298,0.6234898018587336,0,0,2,86,0.2178030303030303,90.999999996,0.2196969696969697,90.999999996,0.2196969696969697,90.999999996,0.19318181818181818,77.000000004,0.19318181818181818,74.215555558,0.21906565656565657,0.0010934664189223675,0.17633364898989898,True
219,107,20.0,98.000000004,14.000000003999999,0.9263636359999999,90.78363633170544,0.0,88.0,0.89,0.22727272727272727,22.47191011235955,0.9263636359999998,False,offpeak,2022-06-28 03:00:00,3,1,False,2022-06-28,0.7071067811865476,0.7071067811865476,0.7818314824680298,0.6234898018587336,0,0,2,86,0.22064393939393942,93.735833332,0.2178030303030303,90.999999996,0.2196969696969697,90.999999996,0.19318181818181818,77.000000004,0.2159090909090909,86.76888889,0.21938131313131318,0.0014465201057330171,0.177477904040404,True
220,107,20.0,98.000000004,14.000000003999999,0.9263636359999999,90.78363633170544,0.0,88.0,0.89,0.22727272727272727,22.47191011235955,0.9263636359999998,False,offpeak,2022-06-28 04:00:00,4,1,False,2022-06-28,0.8660254037844386,0.5000000000000001,0.7818314824680298,0.6234898018587336,0,0,2,86,0.22727272727272727,98.000000004,0.22064393939393942,93.735833332,0.2178030303030303,90.999999996,0.1903409090909091,75.430833336,0.22727272727272727,94.5,0.22190656565656566,0.004859471060082887,0.1788983585858586,True
221,107,20.0,98.000000004,14.000000003999999,0.9263636359999999,90.78363633170544,0.0,88.0,0.89,0.22727272727272727,22.47191011235955,0.9263636359999998,False,offpeak,2022-06-28 05:00:00,5,1,False,2022-06-28,0.9659258262890683,0.25881904510252074,0.7818314824680298,0.6234898018587336,0,0,2,86,0.22727272727272727,98.000000004,0.22727272727272727,98.000000004,0.22064393939393942,93.735833332,0.18181818181818182,69.999999996,0.21496212121212122,87.562222223,0.22506313131313135,0.0038271324662199034,0.18043718434343436,True
222,107,19.833333333333332,97.012222225,13.858888892,0.9263636359999999,89.868594916791,0.0,88.0,0.89,0.22537878787878787,22.284644194756552,0.9263636359999998,False,offpeak,2022-06-28 06:00:00,6,1,False,2022-06-28,1.0,6.123233995736766e-17,0.7818314824680298,0.6234898018587336,0,0,2,86,0.22727272727272727,98.000000004,0.22727272727272727,98.000000004,0.22727272727272727,98.000000004,0.18181818181818182,69.999999996,0.20454545454545456,81.231111113,0.22727272727272727,0.0,0.18233112373737373,True
223,107,18.5,87.879166664,12.554166663999998,0.9263636359999999,81.40806435951303,0.0,88.0,0.89,0.21022727272727273,20.786516853932582,0.926363636,False,offpeak,2022-06-28 07:00:00,7,1,False,2022-06-28,0.9659258262890683,-0.25881904510252063,0.7818314824680298,0.6234898018587336,0,0,2,86,0.22537878787878787,97.012222225,0.22727272727272727,98.000000004,0.22727272727272727,98.000000004,0.16666666666666666,61.605833334,0.1827651515151515,68.055555558,0.22664141414141417,0.001093466418922629,0.18414614898989898,True
224,107,16.916666666666668,76.22027778,10.888611112000001,0.9263636359999999,70.60769366121083,0.0,88.0,0.89,0.1922348484848485,19.00749063670412,0.9263636360000003,False,offpeak,2022-06-28 08:00:00,8,1,False,2022-06-28,0.8660254037844387,-0.4999999999999998,0.7818314824680298,0.6234898018587336,0,0,2,86,0.21022727272727273,87.879166664,0.22537878787878787,97.012222225,0.22727272727272727,98.000000004,0.13162878787878787,38.276388890999996,0.17518939393939392,56.631944446,0.220959595959596,0.009342581178629569,0.18596117424242423,True
225,107,18.75,89.255833334,12.750833333999998,0.9263636359999999,82.68335830149425,0.0,88.0,0.89,0.21306818181818182,21.06741573033708,0.926363636,False,offpeak,2022-06-28 09:00:00,9,1,False,2022-06-28,0.7071067811865476,-0.7071067811865475,0.7818314824680298,0.6234898018587336,0,0,2,86,0.1922348484848485,76.22027778,0.21022727272727273,87.879166664,0.22537878787878787,97.012222225,0.134469696969697,41.018055556,0.18939393939393942,71.574999999,0.20928030303030307,0.016592249496150933,0.18848642676767677,True
226,107,18.0,84.0,12.0,0.9263636359999999,77.81454542400002,0.0,88.0,0.89,0.20454545454545456,20.224719101123597,0.9263636360000002,False,offpeak,2022-06-28 10:00:00,10,1,False,2022-06-28,0.49999999999999994,-0.8660254037844387,0.7818314824680298,0.6234898018587336,0,0,2,86,0.21306818181818182,89.255833334,0.1922348484848485,76.22027778,0.21022727272727273,87.879166664,0.14109848484848483,37.378055558,0.21496212121212122,79.702777774,0.20517676767676774,0.01129768318697829,0.19176136363636365,True
227,107,18.583333333333332,87.894722223,12.556388888999999,0.9263636359999999,81.42247446370828,0.0,88.0,0.89,0.2111742424242424,20.880149812734082,0.9263636359999999,False,offpeak,2022-06-28 11:00:00,11,1,False,2022-06-28,0.258819045102521,-0.9659258262890682,0.7818314824680298,0.6234898018587336,0,0,2,86,0.20454545454545456,84.0,0.21306818181818182,89.255833334,0.1922348484848485,76.22027778,0.16003787878787878,52.89861111100001,0.17424242424242425,62.200833333,0.20328282828282832,0.010473901529695328,0.19440498737373738,True
228,107,18.166666666666668,85.351388888,12.193055554999999,0.9263636359999999,79.0664229479377,0.0,88.0,0.89,0.20643939393939395,20.411985018726593,0.9263636360000002,False,offpeak,2022-06-28 12:00:00,12,1,False,2022-06-28,1.2246467991473532e-16,-1.0,0.7818314824680298,0.6234898018587336,0,0,2,86,0.2111742424242424,87.894722223,0.20454545454545456,84.0,0.21306818181818182,89.255833334,0.1590909090909091,56.00000000400001,0.17518939393939392,61.83722222400001,0.20959595959595964,0.004475204191527699,0.1965356691919192,True
229,107,17.333333333333332,79.712500001,11.387500000999998,0.9263636359999999,73.84276133557637,0.0,88.0,0.89,0.19696969696969696,19.47565543071161,0.9263636360000002,False,offpeak,2022-06-28 13:00:00,13,1,False,2022-06-28,-0.2588190451025208,-0.9659258262890683,0.7818314824680298,0.6234898018587336,0,0,2,86,0.20643939393939395,85.351388888,0.2111742424242424,87.894722223,0.20454545454545456,84.0,0.16382575757575757,58.912777780000006,0.17424242424242425,61.27138889000001,0.20738636363636367,0.0034143477987355914,0.19850852272727273,True
230,107,15.583333333333334,66.101388888,9.443055555,0.9263636359999999,61.23392295493768,0.0,88.0,0.89,0.17708333333333334,17.50936329588015,0.926363636,False,offpeak,2022-06-28 14:00:00,14,1,False,2022-06-28,-0.4999999999999997,-0.8660254037844388,0.7818314824680298,0.6234898018587336,0,0,2,86,0.19696969696969696,79.712500001,0.20643939393939395,85.351388888,0.2111742424242424,87.894722223,0.1590909090909091,57.170555558000004,0.16477272727272727,62.123333332,0.20486111111111113,0.007232600528655397,0.1998895202020202,True
231,107,14.333333333333334,58.51611111300001,8.359444447000001,0.9263636359999999,54.20719745521869,0.0,88.0,0.89,0.16287878787878787,16.10486891385768,0.9263636359999999,False,offpeak,2022-06-28 15:00:00,15,1,False,2022-06-28,-0.7071067811865471,-0.7071067811865479,0.7818314824680298,0.6234898018587336,0,0,2,86,0.17708333333333334,66.101388888,0.19696969696969696,79.712500001,0.20643939393939395,85.351388888,0.1590909090909091,56.00000000400001,0.16761363636363635,106.399999998,0.19349747474747478,0.014982884199881221,0.20063920454545456,True
232,107,13.75,54.25972222400001,7.751388891000001,0.9263636359999999,50.26423356777465,0.0,88.0,0.89,0.15625,15.44943820224719,0.9263636359999999,False,offpeak,2022-06-28 16:00:00,16,1,False,2022-06-28,-0.8660254037844385,-0.5000000000000004,0.7818314824680298,0.6234898018587336,0,0,2,86,0.16287878787878787,58.51611111300001,0.17708333333333334,66.101388888,0.19696969696969696,79.712500001,0.16098484848484848,50.302777775999985,0.16856060606060608,59.916111109,0.1789772727272728,0.017124186856084484,0.2007970328282828,True
233,107,13.75,54.255833335000005,7.750833335000001,0.9263636359999999,50.260631042420606,0.0,88.0,0.89,0.15625,15.44943820224719,0.9263636359999999,False,offpeak,2022-06-28 17:00:00,17,1,False,2022-06-28,-0.9659258262890683,-0.25881904510252063,0.7818314824680298,0.6234898018587336,0,0,2,86,0.15625,54.25972222400001,0.16287878787878787,58.51611111300001,0.17708333333333334,66.101388888,0.13257575757575757,32.260277777,0.18371212121212122,71.35138888899999,0.16540404040404044,0.010643759659146178,0.2005997474747475,True
234,107,15.166666666666666,63.801111111,9.114444444,0.9263636359999999,59.10302926962598,0.0,88.0,0.89,0.17234848484848483,17.041198501872657,0.9263636360000004,False,offpeak,2022-06-28 18:00:00,18,1,False,2022-06-28,-1.0,-1.8369701987210297e-16,0.7818314824680298,0.6234898018587336,0,0,2,86,0.15625,54.255833335000005,0.15625,54.25972222400001,0.16287878787878787,58.51611111300001,0.13731060606060608,41.861944444,0.18939393939393942,71.76652778,0.158459595959596,0.003827132466219367,0.20158617424242423,True
235,107,15.666666666666666,66.496111109,9.499444442000001,0.9263636359999999,61.59957926679324,0.0,88.0,0.89,0.178030303030303,17.602996254681646,0.9263636360000002,False,offpeak,2022-06-28 19:00:00,19,1,False,2022-06-28,-0.9659258262890684,0.2588190451025203,0.7818314824680298,0.6234898018587336,0,0,2,86,0.17234848484848483,63.801111111,0.15625,54.255833335000005,0.15625,54.25972222400001,0.1903409090909091,74.118333335,0.23106060606060605,96.255833335,0.16161616161616166,0.009294464560817943,0.20304608585858586,True
236,107,16.833333333333332,75.288888887,10.755555553,0.9263636359999999,69.74488885976132,0.0,88.0,0.89,0.19128787878787878,18.91385767790262,0.926363636,False,offpeak,2022-06-28 20:00:00,20,1,False,2022-06-28,-0.8660254037844386,0.5000000000000001,0.7818314824680298,0.6234898018587336,0,0,2,86,0.178030303030303,66.496111109,0.17234848484848483,63.801111111,0.15625,54.255833335000005,0.21306818181818182,89.638888886,0.23863636363636365,100.74555555799999,0.16887626262626265,0.011297683186978175,0.20253314393939392,True
237,107,18.833333333333332,89.84499999900001,12.834999998999999,0.9263636359999999,83.22914087549364,0.0,88.0,0.89,0.2140151515151515,21.161048689138575,0.9263636359999999,False,offpeak,2022-06-28 21:00:00,21,1,False,2022-06-28,-0.7071067811865477,0.7071067811865474,0.7818314824680298,0.6234898018587336,0,0,2,86,0.19128787878787878,75.288888887,0.178030303030303,66.496111109,0.17234848484848483,63.801111111,0.20928030303030304,87.097499998,0.24431818181818182,105.55805555999999,0.18055555555555558,0.009718942120164716,0.2016256313131313,True
238,107,19.75,96.621388888,13.803055554000002,0.9263636359999999,89.50654112565766,0.0,88.0,0.89,0.22443181818181818,22.191011235955056,0.9263636359999998,False,offpeak,2022-06-28 22:00:00,22,1,False,2022-06-28,-0.5000000000000004,0.8660254037844384,0.7818314824680298,0.6234898018587336,0,0,2,86,0.2140151515151515,89.84499999900001,0.19128787878787878,75.288888887,0.178030303030303,66.496111109,0.2159090909090909,86.146666666,0.2452651515151515,105.96055555400001,0.19444444444444445,0.01819890821388844,0.20182291666666666,True
239,107,19.25,92.751944442,13.250277776,0.9263636359999999,85.92202849936109,0.0,88.0,0.89,0.21875,21.629213483146067,0.9263636359999998,False,offpeak,2022-06-28 23:00:00,23,1,False,2022-06-28,-0.25881904510252157,0.9659258262890681,0.7818314824680298,0.6234898018587336,0,0,2,86,0.22443181818181818,96.621388888,0.2140151515151515,89.84499999900001,0.19128787878787878,75.288888887,0.2196969696969697,90.999999996,0.23863636363636365,101.499999996,0.20991161616161622,0.01694872949325616,0.2021780303030303,True
240,107,19.0,90.999999996,12.999999996000001,0.9263636359999999,84.29909087229453,0.0,88.0,0.89,0.2159090909090909,21.34831460674157,0.9263636359999998,False,offpeak,2022-06-29 00:00:00,0,2,False,2022-06-29,0.0,1.0,0.9749279121818236,-0.22252093395631434,0,0,2,86,0.21875,92.751944442,0.22443181818181818,96.621388888,0.2140151515151515,89.84499999900001,0.2196969696969697,90.999999996,0.24431818181818182,103.512499993,0.2190656565656566,0.005215502412203057,0.20213857323232323,True
241,107,19.0,90.999999996,12.999999996000001,0.9263636359999999,84.29909087229453,0.0,88.0,0.89,0.2159090909090909,21.34831460674157,0.9263636359999998,False,offpeak,2022-06-29 01:00:00,1,2,False,2022-06-29,0.25881904510252074,0.9659258262890683,0.9749279121818236,-0.22252093395631434,0,0,2,86,0.2159090909090909,90.999999996,0.21875,92.751944442,0.22443181818181818,96.621388888,0.2178030303030303,90.999999996,0.2859848484848485,133.96736108000002,0.21969696969696972,0.004339560317193385,0.20198074494949494,True
242,107,19.0,90.999999996,12.999999996000001,0.9263636359999999,84.29909087229453,0.0,88.0,0.89,0.2159090909090909,21.34831460674157,0.9263636359999998,False,offpeak,2022-06-29 02:00:00,2,2,False,2022-06-29,0.49999999999999994,0.8660254037844387,0.9749279121818236,-0.22252093395631434,0,0,2,86,0.2159090909090909,90.999999996,0.2159090909090909,90.999999996,0.21875,92.751944442,0.22064393939393942,93.735833332,0.24431818181818182,106.14722221800001,0.21685606060606064,0.0016401996283806383,0.2019018308080808,True
243,107,20.0,97.799722226,13.971388892999999,0.9263636359999999,90.59810628106734,0.0,88.0,0.89,0.22727272727272727,22.47191011235955,0.9263636359999997,False,offpeak,2022-06-29 03:00:00,3,2,False,2022-06-29,0.7071067811865476,0.7071067811865476,0.9749279121818236,-0.22252093395631434,0,0,2,86,0.2159090909090909,90.999999996,0.2159090909090909,90.999999996,0.2159090909090909,90.999999996,0.22727272727272727,98.000000004,0.2727272727272727,127.15694441500001,0.2159090909090909,0.0,0.20170454545454544,True
244,107,20.0,98.000000004,14.000000003999999,0.9263636359999999,90.78363633170544,0.0,88.0,0.89,0.22727272727272727,22.47191011235955,0.9263636359999998,False,offpeak,2022-06-29 04:00:00,4,2,False,2022-06-29,0.8660254037844386,0.5000000000000001,0.9749279121818236,-0.22252093395631434,0,0,2,86,0.22727272727272727,97.799722226,0.2159090909090909,90.999999996,0.2159090909090909,90.999999996,0.22727272727272727,98.000000004,0.26988636363636365,125.154166637,0.21969696969696972,0.006560798513518709,0.20170454545454544,True
245,107,20.0,98.000000004,14.000000003999999,0.9263636359999999,90.78363633170544,0.0,88.0,0.89,0.22727272727272727,22.47191011235955,0.9263636359999998,False,offpeak,2022-06-29 05:00:00,5,2,False,2022-06-29,0.9659258262890683,0.25881904510252074,0.9749279121818236,-0.22252093395631434,0,0,2,86,0.22727272727272727,98.000000004,0.22727272727272727,97.799722226,0.2159090909090909,90.999999996,0.22727272727272727,98.000000004,0.2490530303030303,109.67638887700001,0.2234848484848485,0.00656079851351869,0.20170454545454544,True
246,107,20.0,98.000000004,14.000000003999999,0.9263636359999999,90.78363633170544,0.0,88.0,0.89,0.22727272727272727,22.47191011235955,0.9263636359999998,False,offpeak,2022-06-29 06:00:00,6,2,False,2022-06-29,1.0,6.123233995736766e-17,0.9749279121818236,-0.22252093395631434,0,0,2,86,0.22727272727272727,98.000000004,0.22727272727272727,98.000000004,0.22727272727272727,97.799722226,0.22537878787878787,97.012222225,0.2537878787878788,114.57638887899999,0.22727272727272727,0.0,0.20170454545454544,True
247,107,19.083333333333332,91.94694444299999,13.135277777,0.9263636359999999,85.17630577330748,0.0,88.0,0.89,0.21685606060606058,21.44194756554307,0.926363636,False,offpeak,2022-06-29 07:00:00,7,2,False,2022-06-29,0.9659258262890683,-0.25881904510252063,0.9749279121818236,-0.22252093395631434,0,0,2,86,0.22727272727272727,98.000000004,0.22727272727272727,98.000000004,0.22727272727272727,98.000000004,0.21022727272727273,87.879166664,0.21685606060606058,94.789722216,0.22727272727272727,0.0,0.20178345959595959,True
248,107,17.5,78.168611113,11.166944445,0.9263636359999999,72.4125588117087,0.0,88.0,0.89,0.19886363636363635,19.662921348314608,0.9263636360000003,False,offpeak,2022-06-29 08:00:00,8,2,False,2022-06-29,0.8660254037844387,-0.4999999999999998,0.9749279121818236,-0.22252093395631434,0,0,2,86,0.21685606060606058,91.94694444299999,0.22727272727272727,98.000000004,0.22727272727272727,98.000000004,0.1922348484848485,76.22027778,0.18181818181818182,68.843055556,0.22380050505050508,0.006014065304058847,0.2020596590909091,True
249,107,18.083333333333332,83.78999999799998,11.969999998,0.9263636359999999,77.62000905858727,0.0,88.0,0.89,0.20549242424242423,20.318352059925093,0.9263636360000002,False,offpeak,2022-06-29 09:00:00,9,2,False,2022-06-29,0.7071067811865476,-0.7071067811865475,0.9749279121818236,-0.22252093395631434,0,0,2,86,0.19886363636363635,78.168611113,0.21685606060606058,91.94694444299999,0.22727272727272727,98.000000004,0.21306818181818182,89.255833334,0.18181818181818182,69.023888886,0.2143308080808081,0.014371909643727658,0.2023358585858586,True
250,107,16.833333333333332,73.68083333599999,10.525833336,0.9263636359999999,68.25524467264698,0.0,88.0,0.89,0.19128787878787878,18.91385767790262,0.9263636360000003,False,offpeak,2022-06-29 10:00:00,10,2,False,2022-06-29,0.49999999999999994,-0.8660254037844387,0.9749279121818236,-0.22252093395631434,0,0,2,86,0.20549242424242423,83.78999999799998,0.19886363636363635,78.168611113,0.21685606060606058,91.94694444299999,0.20454545454545456,84.0,0.17897727272727273,68.432777775,0.2070707070707071,0.00909945410694439,0.202020202020202,True
251,107,14.666666666666666,80.14944444700001,8.499166669000001,0.9263636359999999,74.24753078130294,0.0,88.0,0.89,0.16666666666666666,16.479400749063668,0.926363636,False,offpeak,2022-06-29 11:00:00,11,2,False,2022-06-29,0.258819045102521,-0.9659258262890682,0.9749279121818236,-0.22252093395631434,0,0,2,86,0.19128787878787878,73.68083333599999,0.20549242424242423,83.78999999799998,0.19886363636363635,78.168611113,0.2111742424242424,87.894722223,0.16193181818181818,58.11749999999999,0.1985479797979798,0.007107531722978669,0.201467803030303,True
252,107,14.833333333333334,114.81777778,8.831111112,0.9263636359999999,106.3630141017208,0.0,88.0,0.89,0.16856060606060608,16.666666666666668,0.9263636359999998,False,offpeak,2022-06-29 12:00:00,12,2,False,2022-06-29,1.2246467991473532e-16,-1.0,0.9749279121818236,-0.22252093395631434,0,0,2,86,0.16666666666666666,80.14944444700001,0.19128787878787878,73.68083333599999,0.20549242424242423,83.78999999799998,0.20643939393939395,85.351388888,0.1581439393939394,51.737777777000005,0.1878156565656566,0.019644391265785,0.19961332070707072,True
253,107,13.916666666666666,108.793888888,7.970555556,0.9263636359999999,100.78270248486771,0.0,88.0,0.89,0.1581439393939394,15.636704119850187,0.9263636360000004,False,offpeak,2022-06-29 13:00:00,13,2,False,2022-06-29,-0.2588190451025208,-0.9659258262890683,0.9749279121818236,-0.22252093395631434,0,0,2,86,0.16856060606060608,114.81777778,0.16666666666666666,80.14944444700001,0.19128787878787878,73.68083333599999,0.19696969696969696,79.712500001,0.1590909090909091,56.00000000400001,0.17550505050505052,0.01370109495846658,0.19803503787878785,True
254,107,13.75,106.878611113,7.696944443,0.9263636359999999,99.00845880126867,0.0,88.0,0.89,0.15625,15.44943820224719,0.9263636359999998,False,offpeak,2022-06-29 14:00:00,14,2,False,2022-06-29,-0.4999999999999997,-0.8660254037844388,0.9749279121818236,-0.22252093395631434,0,0,2,86,0.1581439393939394,108.793888888,0.16856060606060608,114.81777778,0.16666666666666666,80.14944444700001,0.17708333333333334,66.101388888,0.165719696969697,56.826388892000004,0.16445707070707075,0.0055487360578437474,0.19641729797979798,True
255,107,16.166666666666668,123.22749998699999,10.0325,0.9263636359999999,114.15347494314727,0.0,88.0,0.89,0.18371212121212122,18.164794007490638,0.926363636,False,offpeak,2022-06-29 15:00:00,15,2,False,2022-06-29,-0.7071067811865471,-0.7071067811865479,0.9749279121818236,-0.22252093395631434,0,0,2,86,0.15625,106.878611113,0.1581439393939394,108.793888888,0.16856060606060608,114.81777778,0.16287878787878787,58.51611111300001,0.16287878787878787,57.339722224000006,0.16098484848484854,0.006628787878788457,0.1955492424242424,True
256,107,18.0,94.38250000299999,11.390555557999999,0.9263636359999999,87.43251587754912,0.0,88.0,0.89,0.20454545454545456,20.224719101123597,0.9263636360000004,False,offpeak,2022-06-29 16:00:00,16,2,False,2022-06-29,-0.8660254037844385,-0.5000000000000004,0.9749279121818236,-0.22252093395631434,0,0,2,86,0.18371212121212122,123.22749998699999,0.15625,106.878611113,0.1581439393939394,108.793888888,0.15625,54.25972222400001,0.1590909090909091,56.00000000400001,0.1660353535353536,0.015337791178354187,0.19641729797979798,True
257,107,18.333333333333332,82.436666667,11.776666666999999,0.9263636359999999,76.36633027336214,0.0,88.0,0.89,0.20833333333333331,20.599250936329586,0.9263636360000003,False,offpeak,2022-06-29 17:00:00,17,2,False,2022-06-29,-0.9659258262890683,-0.25881904510252063,0.9749279121818236,-0.22252093395631434,0,0,2,86,0.20454545454545456,94.38250000299999,0.18371212121212122,123.22749998699999,0.15625,106.878611113,0.15625,54.255833335000005,0.16950757575757575,62.61888888899999,0.1815025252525253,0.024223428084532504,0.1984296085858586,True
258,107,17.0,77.000000004,11.000000003999999,0.9263636359999999,71.32999997570548,0.0,88.0,0.89,0.19318181818181818,19.10112359550562,0.9263636360000003,False,offpeak,2022-06-29 18:00:00,18,2,False,2022-06-29,-1.0,-1.8369701987210297e-16,0.9749279121818236,-0.22252093395631434,0,0,2,86,0.20833333333333331,82.436666667,0.20454545454545456,94.38250000299999,0.18371212121212122,123.22749998699999,0.17234848484848483,63.801111111,0.16666666666666666,60.878611113,0.19886363636363638,0.01325757575757582,0.2005997474747475,True
259,107,18.0,83.8075,11.9725,0.9263636359999999,77.63622042407002,0.0,88.0,0.89,0.20454545454545456,20.224719101123597,0.9263636360000002,False,offpeak,2022-06-29 19:00:00,19,2,False,2022-06-29,-0.9659258262890684,0.2588190451025203,0.9749279121818236,-0.22252093395631434,0,0,2,86,0.19318181818181818,77.000000004,0.20833333333333331,82.436666667,0.20454545454545456,94.38250000299999,0.178030303030303,66.496111109,0.19412878787878787,77.017500001,0.20202020202020207,0.007885098482826348,0.201467803030303,True
260,107,19.416666666666668,93.955555554,13.422222221,0.9263636359999999,87.03701006540342,0.0,88.0,0.89,0.22064393939393942,21.816479400749063,0.9263636359999998,False,offpeak,2022-06-29 20:00:00,20,2,False,2022-06-29,-0.8660254037844386,0.5000000000000001,0.9749279121818236,-0.22252093395631434,0,0,2,86,0.20454545454545456,83.8075,0.19318181818181818,77.000000004,0.20833333333333331,82.436666667,0.19128787878787878,75.288888887,0.22064393939393942,93.36055555499999,0.20202020202020207,0.007885098482826348,0.20257260101010102,True
261,107,21.5,108.31138888699999,15.473055554000002,0.9263636359999999,100.33573202957132,0.0,88.0,0.89,0.24431818181818182,24.157303370786515,0.9263636360000002,False,offpeak,2022-06-29 21:00:00,21,2,False,2022-06-29,-0.7071067811865477,0.7071067811865474,0.9749279121818236,-0.22252093395631434,0,0,2,86,0.22064393939393942,93.955555554,0.20454545454545456,83.8075,0.19318181818181818,77.000000004,0.2140151515151515,89.84499999900001,0.2708333333333333,123.676388883,0.20612373737373743,0.013798922344945988,0.2037957702020202,True
262,107,23.5,122.113055557,17.444722224000003,0.9263636359999999,113.12109414885253,0.0,88.0,0.89,0.26704545454545453,26.40449438202247,0.9263636360000002,False,offpeak,2022-06-29 22:00:00,22,2,False,2022-06-29,-0.5000000000000004,0.8660254037844384,0.9749279121818236,-0.22252093395631434,0,0,2,86,0.24431818181818182,108.31138888699999,0.22064393939393942,93.955555554,0.20454545454545456,83.8075,0.22443181818181818,96.621388888,0.2793560606060606,129.89861109,0.22316919191919196,0.02000625237056913,0.2050583964646465,True
263,107,24.083333333333332,126.0,18.0,0.9263636359999999,116.72181813600001,0.0,88.0,0.89,0.27367424242424243,27.059925093632955,0.926363636,False,offpeak,2022-06-29 23:00:00,23,2,False,2022-06-29,-0.25881904510252157,0.9659258262890681,0.9749279121818236,-0.22252093395631434,0,0,2,86,0.26704545454545453,122.113055557,0.24431818181818182,108.31138888699999,0.22064393939393942,93.955555554,0.21875,92.751944442,0.2840909090909091,132.99999996,0.2440025252525253,0.02320236801254658,0.20683396464646464,True
264,107,24.083333333333332,125.59944444,17.942777778,0.9263636359999999,116.35075803101839,0.0,88.0,0.89,0.27367424242424243,27.059925093632955,0.926363636,False,offpeak,2022-06-30 00:00:00,0,3,False,2022-06-30,0.0,1.0,0.43388373911755823,-0.900968867902419,0,0,2,86,0.27367424242424243,126.0,0.26704545454545453,122.113055557,0.24431818181818182,108.31138888699999,0.2159090909090909,90.999999996,0.29261363636363635,138.07305556999998,0.261679292929293,0.015396146967496062,0.20912247474747472,True
265,107,23.0,119.000000004,17.000000004,0.9263636359999999,110.23727268770546,0.0,88.0,0.89,0.26136363636363635,25.84269662921348,0.926363636,False,offpeak,2022-06-30 01:00:00,1,3,False,2022-06-30,0.25881904510252074,0.9659258262890683,0.43388373911755823,-0.900968867902419,0,0,2,86,0.27367424242424243,125.59944444,0.27367424242424243,126.0,0.26704545454545453,122.113055557,0.2159090909090909,90.999999996,0.3020833333333333,143.90250002,0.27146464646464646,0.0038271324662173096,0.21152935606060608,True
266,107,23.0,119.000000004,17.000000004,0.9263636359999999,110.23727268770546,0.0,88.0,0.89,0.26136363636363635,25.84269662921348,0.926363636,False,offpeak,2022-06-30 02:00:00,2,3,False,2022-06-30,0.49999999999999994,0.8660254037844387,0.43388373911755823,-0.900968867902419,0,0,2,86,0.26136363636363635,119.000000004,0.27367424242424243,125.59944444,0.27367424242424243,126.0,0.2159090909090909,90.999999996,0.31155303030303033,147.0,0.2695707070707071,0.0071075317229774065,0.21342329545454544,True
267,107,23.0,119.000000004,17.000000004,0.9263636359999999,110.23727268770546,0.0,88.0,0.89,0.26136363636363635,25.84269662921348,0.926363636,False,offpeak,2022-06-30 03:00:00,3,3,False,2022-06-30,0.7071067811865476,0.7071067811865476,0.43388373911755823,-0.900968867902419,0,0,2,86,0.26136363636363635,119.000000004,0.26136363636363635,119.000000004,0.27367424242424243,125.59944444,0.22727272727272727,97.799722226,0.3077651515151515,147.0,0.2654671717171717,0.007107531722977446,0.21531723484848486,True
268,107,23.0,119.000000004,17.000000004,0.9263636359999999,110.23727268770546,0.0,88.0,0.89,0.26136363636363635,25.84269662921348,0.926363636,False,offpeak,2022-06-30 04:00:00,4,3,False,2022-06-30,0.8660254037844386,0.5000000000000001,0.43388373911755823,-0.900968867902419,0,0,2,86,0.26136363636363635,119.000000004,0.26136363636363635,119.000000004,0.26136363636363635,119.000000004,0.22727272727272727,98.000000004,0.3068181818181818,147.0,0.26136363636363635,0.0,0.21673768939393936,True
269,107,23.0,119.000000004,17.000000004,0.9263636359999999,110.23727268770546,0.0,88.0,0.89,0.26136363636363635,25.84269662921348,0.926363636,False,offpeak,2022-06-30 05:00:00,5,3,False,2022-06-30,0.9659258262890683,0.25881904510252074,0.43388373911755823,-0.900968867902419,0,0,2,86,0.26136363636363635,119.000000004,0.26136363636363635,119.000000004,0.26136363636363635,119.000000004,0.22727272727272727,98.000000004,0.3068181818181818,147.0,0.26136363636363635,0.0,0.21815814393939392,True
270,107,23.25,120.565277783,17.223611114,0.9263636359999999,111.6872891024099,0.0,88.0,0.89,0.26420454545454547,26.123595505617978,0.926363636,False,offpeak,2022-06-30 06:00:00,6,3,False,2022-06-30,1.0,6.123233995736766e-17,0.43388373911755823,-0.900968867902419,0,0,2,86,0.26136363636363635,119.000000004,0.26136363636363635,119.000000004,0.26136363636363635,119.000000004,0.22727272727272727,98.000000004,0.31155303030303033,147.0,0.26136363636363635,0.0,0.2195785984848485,True
271,107,23.333333333333332,122.457222222,17.493888887999997,0.9263636359999999,113.43991763203192,0.0,88.0,0.89,0.26515151515151514,26.217228464419474,0.926363636,False,offpeak,2022-06-30 07:00:00,7,3,False,2022-06-30,0.9659258262890683,-0.25881904510252063,0.43388373911755823,-0.900968867902419,0,0,2,86,0.26420454545454547,120.565277783,0.26136363636363635,119.000000004,0.26136363636363635,119.000000004,0.21685606060606058,91.94694444299999,0.28125,131.79833334,0.26231060606060613,0.0016401996283758674,0.22111742424242423,True
272,107,21.416666666666668,109.05999999900001,15.579999999999998,0.9263636359999999,101.02921814123364,0.0,88.0,0.89,0.24337121212121213,24.06367041198502,0.9263636359999999,False,offpeak,2022-06-30 08:00:00,8,3,False,2022-06-30,0.8660254037844387,-0.4999999999999998,0.43388373911755823,-0.900968867902419,0,0,2,86,0.26515151515151514,122.457222222,0.26420454545454547,120.565277783,0.26136363636363635,119.000000004,0.19886363636363635,78.168611113,0.27462121212121215,123.47999999800001,0.2635732323232323,0.001971274620703343,0.22312973484848486,True
273,107,23.666666666666668,116.84944444500002,16.692777776,0.9263636359999999,108.24507622065022,0.0,88.0,0.89,0.268939393939394,26.59176029962547,0.926363636,False,offpeak,2022-06-30 09:00:00,9,3,False,2022-06-30,0.7071067811865476,-0.7071067811865475,0.43388373911755823,-0.900968867902419,0,0,2,86,0.24337121212121213,109.05999999900001,0.26515151515151514,122.457222222,0.26420454545454547,120.565277783,0.20549242424242423,83.78999999799998,0.2784090909090909,130.45083330699998,0.2575757575757576,0.012310606060605625,0.22498421717171715,True
274,107,23.666666666666668,121.16416666900001,17.309166669,0.9263636359999999,112.24207798840484,0.0,88.0,0.89,0.268939393939394,26.59176029962547,0.9263636359999999,False,offpeak,2022-06-30 10:00:00,10,3,False,2022-06-30,0.49999999999999994,-0.8660254037844387,0.43388373911755823,-0.900968867902419,0,0,2,86,0.268939393939394,116.84944444500002,0.24337121212121213,109.05999999900001,0.26515151515151514,122.457222222,0.19128787878787878,73.68083333599999,0.23958333333333331,105.388888889,0.25915404040404044,0.013798922344945565,0.2276278409090909,True
275,107,22.75,116.649166669,16.664166668,0.9263636359999999,108.05954617186484,0.0,88.0,0.89,0.2585227272727273,25.56179775280899,0.9263636359999999,False,offpeak,2022-06-30 11:00:00,11,3,False,2022-06-30,0.258819045102521,-0.9659258262890682,0.43388373911755823,-0.900968867902419,0,0,2,86,0.268939393939394,121.16416666900001,0.268939393939394,116.84944444500002,0.24337121212121213,109.05999999900001,0.16666666666666666,80.14944444700001,0.23768939393939395,104.624722225,0.26041666666666674,0.0147617966554162,0.23086332070707072,True
276,107,20.166666666666668,99.365000003,14.195000002999997,0.9263636359999999,92.04812269391907,0.0,88.0,0.89,0.22916666666666669,22.65917602996255,0.9263636359999997,False,offpeak,2022-06-30 12:00:00,12,3,False,2022-06-30,1.2246467991473532e-16,-1.0,0.43388373911755823,-0.900968867902419,0,0,2,86,0.2585227272727273,116.649166669,0.268939393939394,121.16416666900001,0.268939393939394,116.84944444500002,0.16856060606060608,114.81777778,0.23011363636363635,99.561388892,0.26546717171717177,0.00601406530405754,0.23469065656565657,True
277,107,20.416666666666668,100.294444446,14.327777779,0.9263636359999999,92.90912622759656,0.0,88.0,0.89,0.23200757575757577,22.94007490636704,0.9263636359999999,False,offpeak,2022-06-30 13:00:00,13,3,False,2022-06-30,-0.2588190451025208,-0.9659258262890683,0.43388373911755823,-0.900968867902419,0,0,2,86,0.22916666666666669,99.365000003,0.2585227272727273,116.649166669,0.268939393939394,121.16416666900001,0.1581439393939394,108.793888888,0.23390151515151514,102.456666668,0.252209595959596,0.020624237656464012,0.2372159090909091,True
278,107,20.5,101.501944446,14.50027778,0.9263636359999999,94.02771031806655,0.0,88.0,0.89,0.23295454545454544,23.033707865168537,0.9263636359999999,False,offpeak,2022-06-30 14:00:00,14,3,False,2022-06-30,-0.4999999999999997,-0.8660254037844388,0.43388373911755823,-0.900968867902419,0,0,2,86,0.23200757575757577,100.294444446,0.22916666666666669,99.365000003,0.2585227272727273,116.649166669,0.15625,106.878611113,0.22727272727272727,94.680833333,0.23989898989898994,0.01619105884246479,0.24029356060606064,True
279,107,20.0,97.599444448,13.942777780999998,0.9263636359999999,90.41257623042928,0.0,88.0,0.89,0.22727272727272727,22.47191011235955,0.9263636359999998,False,offpeak,2022-06-30 15:00:00,15,3,False,2022-06-30,-0.7071067811865471,-0.7071067811865479,0.43388373911755823,-0.900968867902419,0,0,2,86,0.23295454545454544,101.501944446,0.23200757575757577,100.294444446,0.22916666666666669,99.365000003,0.18371212121212122,123.22749998699999,0.2159090909090909,90.611111107,0.23137626262626268,0.0019712746207069523,0.24348958333333334,True
280,107,20.75,96.74291666600001,14.181666667999998,0.9263636359999999,89.61912003996075,0.0,88.0,0.89,0.23579545454545456,23.314606741573034,0.9263636359999998,False,offpeak,2022-06-30 16:00:00,16,3,False,2022-06-30,-0.8660254037844385,-0.5000000000000004,0.43388373911755823,-0.900968867902419,0,0,2,86,0.22727272727272727,97.599444448,0.23295454545454544,101.501944446,0.23200757575757577,100.294444446,0.20454545454545456,94.38250000299999,0.19696969696969696,79.72611111200001,0.23074494949494953,0.0030440816796066606,0.2453046085858586,True
281,107,18.833333333333332,81.841666667,12.191666665,0.9263636359999999,75.81514390994214,0.0,88.0,0.89,0.2140151515151515,21.161048689138575,0.9263636360000002,False,offpeak,2022-06-30 17:00:00,17,3,False,2022-06-30,-0.9659258262890683,-0.25881904510252063,0.43388373911755823,-0.900968867902419,0,0,2,86,0.23579545454545456,96.74291666600001,0.22727272727272727,97.599444448,0.23295454545454544,101.501944446,0.20833333333333331,82.436666667,0.1846590909090909,71.75388888699999,0.23200757575757577,0.0043395603171932015,0.24660669191919193,True
282,107,18.583333333333332,83.81333333500001,12.473333332,0.9263636359999999,77.64162421349062,0.0,88.0,0.89,0.2111742424242424,20.880149812734082,0.926363636,False,offpeak,2022-06-30 18:00:00,18,3,False,2022-06-30,-1.0,-1.8369701987210297e-16,0.43388373911755823,-0.900968867902419,0,0,2,86,0.2140151515151515,81.841666667,0.23579545454545456,96.74291666600001,0.22727272727272727,97.599444448,0.19318181818181818,77.000000004,0.1846590909090909,70.96833333199999,0.2256944444444445,0.010975592582521444,0.24684343434343436,True
283,107,18.75,85.75000000200001,12.749999997000002,0.9263636359999999,79.43568178885275,0.0,88.0,0.89,0.21306818181818182,21.06741573033708,0.9263636360000002,False,offpeak,2022-06-30 19:00:00,19,3,False,2022-06-30,-0.9659258262890684,0.2588190451025203,0.43388373911755823,-0.900968867902419,0,0,2,86,0.2111742424242424,83.81333333500001,0.2140151515151515,81.841666667,0.23579545454545456,96.74291666600001,0.20454545454545456,83.8075,0.19128787878787878,75.656388891,0.22032828282828285,0.013470068367015255,0.2475931186868687,True
284,107,19.25,90.213472221,13.108888888,0.9263636359999999,83.57048014283058,0.0,88.0,0.89,0.21875,21.629213483146067,0.9263636360000002,False,offpeak,2022-06-30 20:00:00,20,3,False,2022-06-30,-0.8660254037844386,0.5000000000000001,0.43388373911755823,-0.900968867902419,0,0,2,86,0.21306818181818182,85.75000000200001,0.2111742424242424,83.81333333500001,0.2140151515151515,81.841666667,0.22064393939393942,93.955555554,0.2178030303030303,92.234722225,0.21275252525252528,0.0014465201057332262,0.2479482323232323,True
285,107,17.25,78.93277778000001,11.276111113999997,0.9263636359999999,73.12045502386083,0.0,88.0,0.89,0.19602272727272727,19.382022471910112,0.9263636360000002,False,offpeak,2022-06-30 21:00:00,21,3,False,2022-06-30,-0.7071067811865477,0.7071067811865474,0.43388373911755823,-0.900968867902419,0,0,2,86,0.21875,90.213472221,0.21306818181818182,85.75000000200001,0.2111742424242424,83.81333333500001,0.24431818181818182,108.31138888699999,0.2178030303030303,92.351388887,0.2143308080808081,0.003942549241413888,0.2478693181818182,True
286,107,17.5,80.317222224,11.473888891,0.9263636359999999,74.40295401284466,0.0,88.0,0.89,0.19886363636363635,19.662921348314608,0.9263636360000002,False,offpeak,2022-06-30 22:00:00,22,3,False,2022-06-30,-0.5000000000000004,0.8660254037844384,0.43388373911755823,-0.900968867902419,0,0,2,86,0.19602272727272727,78.93277778000001,0.21875,90.213472221,0.21306818181818182,85.75000000200001,0.26704545454545453,122.113055557,0.22443181818181818,96.065277779,0.20928030303030307,0.011827647724239705,0.24585700757575757,True
287,107,17.25,78.930833336,11.275833335999998,0.9263636359999999,73.118653761647,0.0,88.0,0.89,0.19602272727272727,19.382022471910112,0.9263636360000003,False,offpeak,2022-06-30 23:00:00,23,3,False,2022-06-30,-0.25881904510252157,0.9659258262890681,0.43388373911755823,-0.900968867902419,0,0,2,86,0.19886363636363635,80.317222224,0.19602272727272727,78.93277778000001,0.21875,90.213472221,0.27367424242424243,126.0,0.22727272727272727,98.000000004,0.20454545454545459,0.01238323563505908,0.2430160984848485,True
288,107,17.75,82.065277779,11.723611112,0.9263636359999999,76.02228911270446,0.0,88.0,0.89,0.20170454545454544,19.9438202247191,0.9263636360000002,False,offpeak,2022-07-01 00:00:00,0,4,False,2022-07-01,0.0,1.0,-0.433883739117558,-0.9009688679024191,0,0,2,86,0.19602272727272727,78.930833336,0.19886363636363635,80.317222224,0.19602272727272727,78.93277778000001,0.27367424242424243,125.59944444,0.22727272727272727,98.000000004,0.19696969696969702,0.0016401996283827507,0.2397806186868687,True
289,107,18.0,84.0,12.0,0.9263636359999999,77.81454542400002,0.0,88.0,0.89,0.20454545454545456,20.224719101123597,0.9263636360000002,False,offpeak,2022-07-01 01:00:00,1,4,False,2022-07-01,0.25881904510252074,0.9659258262890683,-0.433883739117558,-0.9009688679024191,0,0,2,86,0.20170454545454544,82.065277779,0.19602272727272727,78.930833336,0.19886363636363635,80.317222224,0.26136363636363635,119.000000004,0.22727272727272727,98.000000004,0.19886363636363638,0.0028409090909108144,0.2367818813131313,True
290,107,17.25,78.92694444700001,11.275277779999998,0.9263636359999999,73.11505123629296,0.0,88.0,0.89,0.19602272727272727,19.382022471910112,0.9263636360000002,False,offpeak,2022-07-01 02:00:00,2,4,False,2022-07-01,0.49999999999999994,0.8660254037844387,-0.433883739117558,-0.9009688679024191,0,0,2,86,0.20454545454545456,84.0,0.20170454545454544,82.065277779,0.19602272727272727,78.930833336,0.26136363636363635,119.000000004,0.22727272727272727,98.000000004,0.2007575757575758,0.00433956031719412,0.23441445707070707,True
291,107,17.0,77.000000004,11.000000003999999,0.9263636359999999,71.32999997570548,0.0,88.0,0.89,0.19318181818181818,19.10112359550562,0.9263636360000003,False,offpeak,2022-07-01 03:00:00,3,4,False,2022-07-01,0.7071067811865476,0.7071067811865476,-0.433883739117558,-0.9009688679024191,0,0,2,86,0.19602272727272727,78.92694444700001,0.20454545454545456,84.0,0.20170454545454544,82.065277779,0.26136363636363635,119.000000004,0.22727272727272727,98.000000004,0.20075757575757577,0.00433956031719412,0.2316919191919192,True
292,107,17.0,77.000000004,11.000000003999999,0.9263636359999999,71.32999997570548,0.0,88.0,0.89,0.19318181818181818,19.10112359550562,0.9263636360000003,False,offpeak,2022-07-01 04:00:00,4,4,False,2022-07-01,0.8660254037844386,0.5000000000000001,-0.433883739117558,-0.9009688679024191,0,0,2,86,0.19318181818181818,77.000000004,0.19602272727272727,78.92694444700001,0.20454545454545456,84.0,0.26136363636363635,119.000000004,0.22727272727272727,98.000000004,0.1979166666666667,0.005913823862120552,0.22885101010101008,True
293,107,17.0,77.000000004,11.000000003999999,0.9263636359999999,71.32999997570548,0.0,88.0,0.89,0.19318181818181818,19.10112359550562,0.9263636360000003,False,offpeak,2022-07-01 05:00:00,5,4,False,2022-07-01,0.9659258262890683,0.25881904510252074,-0.433883739117558,-0.9009688679024191,0,0,2,86,0.19318181818181818,77.000000004,0.19318181818181818,77.000000004,0.19602272727272727,78.92694444700001,0.26136363636363635,119.000000004,0.22727272727272727,98.000000004,0.19412878787878793,0.001640199628382906,0.22601010101010102,True
294,107,17.0,77.000000004,11.000000003999999,0.9263636359999999,71.32999997570548,0.0,88.0,0.89,0.19318181818181818,19.10112359550562,0.9263636360000003,False,offpeak,2022-07-01 06:00:00,6,4,False,2022-07-01,1.0,6.123233995736766e-17,-0.433883739117558,-0.9009688679024191,0,0,2,86,0.19318181818181818,77.000000004,0.19318181818181818,77.000000004,0.19318181818181818,77.000000004,0.26420454545454547,120.565277783,0.2196969696969697,93.523888888,0.19318181818181818,0.0,0.2231691919191919,True
295,107,17.0,77.000000004,11.000000003999999,0.9263636359999999,71.32999997570548,0.0,88.0,0.89,0.19318181818181818,19.10112359550562,0.9263636360000003,False,offpeak,2022-07-01 07:00:00,7,4,False,2022-07-01,0.9659258262890683,-0.25881904510252063,-0.433883739117558,-0.9009688679024191,0,0,2,86,0.19318181818181818,77.000000004,0.19318181818181818,77.000000004,0.19318181818181818,77.000000004,0.26515151515151514,122.457222222,0.20833333333333331,86.710555554,0.19318181818181818,0.0,0.22020991161616163,True
296,107,16.5,66.865555557,9.552222223000001,0.9263636359999999,61.94181916894253,0.0,88.0,0.89,0.1875,18.53932584269663,0.9263636360000002,False,offpeak,2022-07-01 08:00:00,8,4,False,2022-07-01,0.8660254037844387,-0.4999999999999998,-0.433883739117558,-0.9009688679024191,0,0,2,86,0.19318181818181818,77.000000004,0.19318181818181818,77.000000004,0.19318181818181818,77.000000004,0.24337121212121213,109.05999999900001,0.18939393939393942,72.903055555,0.19318181818181818,0.0,0.21721117424242423,True
297,107,17.666666666666668,77.59888889000001,11.085555557,0.9263636359999999,71.88478886170041,0.0,88.0,0.89,0.20075757575757577,19.850187265917604,0.926363636,False,offpeak,2022-07-01 09:00:00,9,4,False,2022-07-01,0.7071067811865476,-0.7071067811865475,-0.433883739117558,-0.9009688679024191,0,0,2,86,0.1875,66.865555557,0.19318181818181818,77.000000004,0.19318181818181818,77.000000004,0.268939393939394,116.84944444500002,0.19318181818181818,75.458055557,0.1912878787878788,0.0032803992567609513,0.21488320707070707,True
298,107,16.833333333333332,74.06,10.58,0.9263636359999999,68.60649088216,0.0,88.0,0.89,0.19128787878787878,18.91385767790262,0.926363636,False,offpeak,2022-07-01 10:00:00,10,4,False,2022-07-01,0.49999999999999994,-0.8660254037844387,-0.433883739117558,-0.9009688679024191,0,0,2,86,0.20075757575757577,77.59888889000001,0.1875,66.865555557,0.19318181818181818,77.000000004,0.268939393939394,121.16416666900001,0.20738636363636365,85.567222221,0.19381313131313135,0.006651296561145226,0.212042297979798,True
299,107,15.0,63.0,9.0,0.9263636359999999,58.360909068000005,0.0,88.0,0.89,0.17045454545454544,16.853932584269664,0.926363636,False,offpeak,2022-07-01 11:00:00,11,4,False,2022-07-01,0.258819045102521,-0.9659258262890682,-0.433883739117558,-0.9009688679024191,0,0,2,86,0.19128787878787878,74.06,0.20075757575757577,77.59888889000001,0.1875,66.865555557,0.2585227272727273,116.649166669,0.19696969696969696,79.520000002,0.19318181818181823,0.006828695597470486,0.2088068181818182,True
300,107,14.583333333333334,60.264166667000005,8.609166668,0.9263636359999999,55.826532554152124,0.0,88.0,0.89,0.165719696969697,16.38576779026217,0.9263636359999999,False,offpeak,2022-07-01 12:00:00,12,4,False,2022-07-01,1.2246467991473532e-16,-1.0,-0.433883739117558,-0.9009688679024191,0,0,2,86,0.17045454545454544,63.0,0.19128787878787878,74.06,0.20075757575757577,77.59888889000001,0.22916666666666669,99.365000003,0.20170454545454544,78.794722222,0.18750000000000003,0.01550256206794066,0.20513731060606058,True
301,107,14.75,60.697777779000006,8.671111113,0.9263636359999999,56.228214120474455,0.0,88.0,0.89,0.16761363636363635,16.573033707865168,0.926363636,False,offpeak,2022-07-01 13:00:00,13,4,False,2022-07-01,-0.2588190451025208,-0.9659258262890683,-0.433883739117558,-0.9009688679024191,0,0,2,86,0.165719696969697,60.264166667000005,0.17045454545454544,63.0,0.19128787878787878,74.06,0.23200757575757577,100.294444446,0.21306818181818182,88.266111109,0.1758207070707071,0.013602564031828362,0.20249368686868688,True
302,107,16.5,71.35333333099999,10.193333331,0.9263636359999999,66.09913330522517,0.0,88.0,0.89,0.1875,18.53932584269663,0.9263636360000004,False,offpeak,2022-07-01 14:00:00,14,4,False,2022-07-01,-0.4999999999999997,-0.8660254037844388,-0.433883739117558,-0.9009688679024191,0,0,2,86,0.16761363636363635,60.697777779000006,0.165719696969697,60.264166667000005,0.17045454545454544,63.0,0.23295454545454544,101.501944446,0.19602272727272727,78.930833336,0.16792929292929296,0.0023831548091168297,0.19981060606060605,True
303,107,16.333333333333332,71.16472221999999,10.166388886,0.9263636359999999,65.92441083064921,0.0,88.0,0.89,0.18560606060606058,18.35205992509363,0.9263636360000004,False,offpeak,2022-07-01 15:00:00,15,4,False,2022-07-01,-0.7071067811865471,-0.7071067811865479,-0.433883739117558,-0.9009688679024191,0,0,2,86,0.1875,71.35333333099999,0.16761363636363635,60.697777779000006,0.165719696969697,60.264166667000005,0.22727272727272727,97.599444448,0.20359848484848486,83.043333334,0.17361111111111116,0.012065350286374638,0.19791666666666666,True
304,107,15.75,69.01999999699999,9.859999997000001,0.9263636359999999,63.93761815394092,0.0,88.0,0.89,0.17897727272727273,17.696629213483146,0.9263636360000003,False,offpeak,2022-07-01 16:00:00,16,4,False,2022-07-01,-0.8660254037844385,-0.5000000000000004,-0.433883739117558,-0.9009688679024191,0,0,2,86,0.18560606060606058,71.16472221999999,0.1875,71.35333333099999,0.16761363636363635,60.697777779000006,0.23579545454545456,96.74291666600001,0.2159090909090909,90.999999996,0.180239898989899,0.010975592582521934,0.19618055555555555,True
305,107,12.333333333333334,44.348888888,6.335555555,0.9263636359999999,41.083197962847684,0.0,88.0,0.89,0.14015151515151517,13.857677902621724,0.9263636360000003,False,offpeak,2022-07-01 17:00:00,17,4,False,2022-07-01,-0.9659258262890683,-0.25881904510252063,-0.433883739117558,-0.9009688679024191,0,0,2,86,0.17897727272727273,69.01999999699999,0.18560606060606058,71.16472221999999,0.1875,71.35333333099999,0.2140151515151515,81.841666667,0.2263257575757576,97.412777778,0.1840277777777778,0.004475204191528573,0.1938131313131313,True
306,107,13.166666666666666,49.783611111,7.1119444440000015,0.9263636359999999,46.11772700199596,0.0,88.0,0.89,0.14962121212121213,14.794007490636703,0.926363636,False,offpeak,2022-07-01 18:00:00,18,4,False,2022-07-01,-1.0,-1.8369701987210297e-16,-0.433883739117558,-0.9009688679024191,0,0,2,86,0.14015151515151517,44.348888888,0.17897727272727273,69.01999999699999,0.18560606060606058,71.16472221999999,0.2111742424242424,83.81333333500001,0.22537878787878787,96.60583333299999,0.16824494949494953,0.02455434782461447,0.19073547979797978,True
307,107,13.916666666666666,55.597500004000004,7.942500004000001,0.9263636359999999,51.503502256215455,0.0,88.0,0.89,0.1581439393939394,15.636704119850187,0.9263636359999999,False,offpeak,2022-07-01 19:00:00,19,4,False,2022-07-01,-0.9659258262890684,0.2588190451025203,-0.433883739117558,-0.9009688679024191,0,0,2,86,0.14962121212121213,49.783611111,0.14015151515151517,44.348888888,0.17897727272727273,69.01999999699999,0.21306818181818182,85.75000000200001,0.2424242424242424,106.967777778,0.15625000000000003,0.020243899930333747,0.1881707702020202,True
308,107,12.75,47.255833331,6.75083333,0.9263636359999999,43.776085586715155,0.0,88.0,0.89,0.14488636363636365,14.325842696629213,0.9263636360000002,False,offpeak,2022-07-01 20:00:00,20,4,False,2022-07-01,-0.8660254037844386,0.5000000000000001,-0.433883739117558,-0.9009688679024191,0,0,2,86,0.1581439393939394,55.597500004000004,0.14962121212121213,49.783611111,0.14015151515151517,44.348888888,0.21875,90.213472221,0.268939393939394,123.301111115,0.1493055555555556,0.009000364538753136,0.18588226010101008,True
309,107,12.666666666666666,46.85722222,6.693888886,0.9263636359999999,43.4068267485792,0.0,88.0,0.89,0.14393939393939392,14.232209737827715,0.9263636360000003,False,offpeak,2022-07-01 21:00:00,21,4,False,2022-07-01,-0.7071067811865477,0.7071067811865474,-0.433883739117558,-0.9009688679024191,0,0,2,86,0.14488636363636365,47.255833331,0.1581439393939394,55.597500004000004,0.14962121212121213,49.783611111,0.19602272727272727,78.93277778000001,0.3068181818181818,146.22027778,0.15088383838383843,0.006718370155870364,0.1828046085858586,True
310,107,14.166666666666666,49.785555555,7.112222222000001,0.9263636359999999,46.1195282642098,0.0,88.0,0.89,0.16098484848484848,15.917602996254681,0.9263636359999999,False,offpeak,2022-07-01 22:00:00,22,4,False,2022-07-01,-0.5000000000000004,0.8660254037844384,-0.433883739117558,-0.9009688679024191,0,0,2,86,0.14393939393939392,46.85722222,0.14488636363636365,47.255833331,0.1581439393939394,55.597500004000004,0.19886363636363635,80.317222224,0.3077651515151515,159.08888889000002,0.148989898989899,0.007941758601900937,0.1806344696969697,True
311,107,14.5,56.00000000400001,8.000000004,0.9263636359999999,51.87636361970546,0.0,88.0,0.89,0.16477272727272727,16.292134831460675,0.9263636359999999,False,offpeak,2022-07-01 23:00:00,23,4,False,2022-07-01,-0.25881904510252157,0.9659258262890681,-0.433883739117558,-0.9009688679024191,0,0,2,86,0.16098484848484848,49.785555555,0.14393939393939392,46.85722222,0.14488636363636365,47.255833331,0.19602272727272727,78.930833336,0.324810606060606,210.90249997999996,0.14993686868686873,0.009579539713065108,0.17905618686868685,True
312,107,14.0,56.00000000400001,8.000000004,0.9263636359999999,51.87636361970546,0.0,88.0,0.89,0.1590909090909091,15.730337078651685,0.9263636359999999,False,offpeak,2022-07-02 00:00:00,0,5,True,2022-07-02,0.0,1.0,-0.9749279121818236,-0.2225209339563146,0,0,2,86,0.16477272727272727,56.00000000400001,0.16098484848484848,49.785555555,0.14393939393939392,46.85722222,0.20170454545454544,82.065277779,0.32954545454545453,213.99999995999994,0.1565656565656566,0.011097472115687047,0.17775410353535356,True
313,107,13.916666666666666,55.597500004000004,7.942500004000001,0.9263636359999999,51.503502256215455,0.0,88.0,0.89,0.1581439393939394,15.636704119850187,0.9263636359999999,False,offpeak,2022-07-02 01:00:00,1,5,True,2022-07-02,0.25881904510252074,0.9659258262890683,-0.9749279121818236,-0.2225209339563146,0,0,2,86,0.1590909090909091,56.00000000400001,0.16477272727272727,56.00000000400001,0.16098484848484848,49.785555555,0.20454545454545456,84.0,0.32954545454545453,213.99999995999994,0.16161616161616166,0.002893040211465098,0.17597853535353536,True
314,107,13.0,48.99999999599999,6.999999995999999,0.9263636359999999,45.39181816029454,0.0,88.0,0.89,0.14772727272727273,14.606741573033707,0.926363636,False,offpeak,2022-07-02 02:00:00,2,5,True,2022-07-02,0.49999999999999994,0.8660254037844387,-0.9749279121818236,-0.2225209339563146,0,0,2,86,0.1581439393939394,55.597500004000004,0.1590909090909091,56.00000000400001,0.16477272727272727,56.00000000400001,0.19602272727272727,78.92694444700001,0.32954545454545453,213.99999995999994,0.16066919191919196,0.0035851694102299442,0.17404513888888892,True
315,107,13.0,48.99999999599999,6.999999995999999,0.9263636359999999,45.39181816029454,0.0,88.0,0.89,0.14772727272727273,14.606741573033707,0.926363636,False,offpeak,2022-07-02 03:00:00,3,5,True,2022-07-02,0.7071067811865476,0.7071067811865476,-0.9749279121818236,-0.2225209339563146,0,0,2,86,0.14772727272727273,48.99999999599999,0.1581439393939394,55.597500004000004,0.1590909090909091,56.00000000400001,0.19318181818181818,77.000000004,0.32954545454545453,213.99999995999994,0.15498737373737378,0.006305234960682723,0.1720328282828283,True
316,107,13.0,48.99999999599999,6.999999995999999,0.9263636359999999,45.39181816029454,0.0,88.0,0.89,0.14772727272727273,14.606741573033707,0.926363636,False,offpeak,2022-07-02 04:00:00,4,5,True,2022-07-02,0.8660254037844386,0.5000000000000001,-0.9749279121818236,-0.2225209339563146,0,0,2,86,0.14772727272727273,48.99999999599999,0.14772727272727273,48.99999999599999,0.1581439393939394,55.597500004000004,0.19318181818181818,77.000000004,0.32954545454545453,213.99999995999994,0.151199494949495,0.006014065304060197,0.17013888888888887,True
317,107,13.0,48.99999999599999,6.999999995999999,0.9263636359999999,45.39181816029454,0.0,88.0,0.89,0.14772727272727273,14.606741573033707,0.926363636,False,offpeak,2022-07-02 05:00:00,5,5,True,2022-07-02,0.9659258262890683,0.25881904510252074,-0.9749279121818236,-0.2225209339563146,0,0,2,86,0.14772727272727273,48.99999999599999,0.14772727272727273,48.99999999599999,0.14772727272727273,48.99999999599999,0.19318181818181818,77.000000004,0.32954545454545453,213.99999995999994,0.14772727272727273,0.0,0.1682449494949495,True
318,107,13.0,48.99999999599999,6.999999995999999,0.9263636359999999,45.39181816029454,0.0,88.0,0.89,0.14772727272727273,14.606741573033707,0.926363636,False,offpeak,2022-07-02 06:00:00,6,5,True,2022-07-02,1.0,6.123233995736766e-17,-0.9749279121818236,-0.2225209339563146,0,0,2,86,0.14772727272727273,48.99999999599999,0.14772727272727273,48.99999999599999,0.14772727272727273,48.99999999599999,0.19318181818181818,77.000000004,0.32954545454545453,213.42444440999992,0.14772727272727273,0.0,0.16635101010101008,True
319,107,13.0,48.99999999599999,6.999999995999999,0.9263636359999999,45.39181816029454,0.0,88.0,0.89,0.14772727272727273,14.606741573033707,0.926363636,False,offpeak,2022-07-02 07:00:00,7,5,True,2022-07-02,0.9659258262890683,-0.25881904510252063,-0.9749279121818236,-0.2225209339563146,0,0,2,86,0.14772727272727273,48.99999999599999,0.14772727272727273,48.99999999599999,0.14772727272727273,48.99999999599999,0.19318181818181818,77.000000004,0.3172348484848485,203.95083333,0.14772727272727273,0.0,0.1644570707070707,True
320,107,13.0,48.99999999599999,6.999999995999999,0.9263636359999999,45.39181816029454,0.0,88.0,0.89,0.14772727272727273,14.606741573033707,0.926363636,False,offpeak,2022-07-02 08:00:00,8,5,True,2022-07-02,0.8660254037844387,-0.4999999999999998,-0.9749279121818236,-0.2225209339563146,0,0,2,86,0.14772727272727273,48.99999999599999,0.14772727272727273,48.99999999599999,0.14772727272727273,48.99999999599999,0.1875,66.865555557,0.2793560606060606,130.45083333,0.14772727272727273,0.0,0.1625631313131313,True
321,107,12.416666666666666,45.087777775999996,6.44111111,0.9263636359999999,41.76767775973536,0.0,88.0,0.89,0.14109848484848483,13.95131086142322,0.9263636360000003,False,offpeak,2022-07-02 09:00:00,9,5,True,2022-07-02,0.7071067811865476,-0.7071067811865475,-0.9749279121818236,-0.2225209339563146,0,0,2,86,0.14772727272727273,48.99999999599999,0.14772727272727273,48.99999999599999,0.14772727272727273,48.99999999599999,0.20075757575757577,77.59888889000001,0.2727272727272727,124.83333332699999,0.14772727272727273,0.0,0.16090593434343434,True
322,107,11.666666666666666,39.861111112,5.694444445000001,0.9263636359999999,36.92588382471233,0.0,88.0,0.89,0.13257575757575757,13.108614232209737,0.926363636,False,offpeak,2022-07-02 10:00:00,10,5,True,2022-07-02,0.49999999999999994,-0.8660254037844387,-0.9749279121818236,-0.2225209339563146,0,0,2,86,0.14109848484848483,45.087777775999996,0.14772727272727273,48.99999999599999,0.14772727272727273,48.99999999599999,0.19128787878787878,74.06,0.25757575757575757,116.05027777699999,0.14551767676767682,0.0038271324662217552,0.1584201388888889,True
323,107,11.833333333333334,40.578611112000004,5.796944444999999,0.9263636359999999,37.59054973354233,0.0,88.0,0.89,0.134469696969697,13.295880149812735,0.9263636360000002,False,offpeak,2022-07-02 11:00:00,11,5,True,2022-07-02,0.258819045102521,-0.9659258262890682,-0.9749279121818236,-0.2225209339563146,0,0,2,86,0.13257575757575757,39.861111112,0.14109848484848483,45.087777775999996,0.14772727272727273,48.99999999599999,0.17045454545454544,63.0,0.2556818181818182,115.124722222,0.14046717171717174,0.0075954604895948005,0.1559738005050505,True
324,107,11.416666666666666,38.099444446,5.442777780000001,0.9263636359999999,35.29393988657657,0.0,88.0,0.89,0.12973484848484848,12.827715355805243,0.926363636,False,offpeak,2022-07-02 12:00:00,12,5,True,2022-07-02,1.2246467991473532e-16,-1.0,-0.9749279121818236,-0.2225209339563146,0,0,2,86,0.134469696969697,40.578611112000004,0.13257575757575757,39.861111112,0.14109848484848483,45.087777775999996,0.165719696969697,60.264166667000005,0.26609848484848486,118.803611115,0.13604797979797986,0.0044752041915295,0.15447443181818182,True
325,107,11.0,35.000000004,5.000000004,0.9263636359999999,32.422727263705454,0.0,88.0,0.89,0.125,12.359550561797752,0.9263636359999999,False,offpeak,2022-07-02 13:00:00,13,5,True,2022-07-02,-0.2588190451025208,-0.9659258262890683,-0.9749279121818236,-0.2225209339563146,0,0,2,86,0.12973484848484848,38.099444446,0.134469696969697,40.578611112000004,0.13257575757575757,39.861111112,0.16761363636363635,60.697777779000006,0.26420454545454547,116.884444447,0.13226010101010105,0.002383154809117892,0.15297506313131312,True
326,107,11.0,35.000000004,5.000000004,0.9263636359999999,32.422727263705454,0.0,88.0,0.89,0.125,12.359550561797752,0.9263636359999999,False,offpeak,2022-07-02 14:00:00,14,5,True,2022-07-02,-0.4999999999999997,-0.8660254037844388,-0.9749279121818236,-0.2225209339563146,0,0,2,86,0.125,35.000000004,0.12973484848484848,38.099444446,0.134469696969697,40.578611112000004,0.1875,71.35333333099999,0.26704545454545453,122.476666665,0.12973484848484854,0.004734848484850863,0.15119949494949494,True
327,107,11.75,40.065277779,5.723611112,0.9263636359999999,37.11501640070445,0.0,88.0,0.89,0.13352272727272727,13.202247191011235,0.9263636360000002,False,offpeak,2022-07-02 15:00:00,15,5,True,2022-07-02,-0.7071067811865471,-0.7071067811865479,-0.9749279121818236,-0.2225209339563146,0,0,2,86,0.125,35.000000004,0.125,35.000000004,0.12973484848484848,38.099444446,0.18560606060606058,71.16472221999999,0.24337121212121213,108.10916667000001,0.12657828282828287,0.0027336660473035444,0.1485953282828283,True
328,107,12.25,43.559444444,6.222777776999999,0.9263636359999999,40.35188533728384,0.0,88.0,0.89,0.13920454545454544,13.764044943820224,0.926363636,False,offpeak,2022-07-02 16:00:00,16,5,True,2022-07-02,-0.8660254037844385,-0.5000000000000004,-0.9749279121818236,-0.2225209339563146,0,0,2,86,0.13352272727272727,40.065277779,0.125,35.000000004,0.125,35.000000004,0.17897727272727273,69.01999999699999,0.2528409090909091,108.124722221,0.12784090909090914,0.004920598885141167,0.1464251893939394,True
329,107,13.5,52.10722221899999,7.443888886,0.9263636359999999,48.27023583665283,0.0,88.0,0.89,0.1534090909090909,15.168539325842696,0.9263636360000002,False,offpeak,2022-07-02 17:00:00,17,5,True,2022-07-02,-0.9659258262890683,-0.25881904510252063,-0.9749279121818236,-0.2225209339563146,0,0,2,86,0.13920454545454544,43.559444444,0.13352272727272727,40.065277779,0.125,35.000000004,0.14015151515151517,44.348888888,0.2490530303030303,106.15888888799999,0.1325757575757576,0.007149464427341284,0.14476799242424243,True
330,107,15.416666666666666,65.879722221,9.411388887,0.9263636359999999,61.02857901531556,0.0,88.0,0.89,0.17518939393939392,17.322097378277153,0.9263636360000002,False,offpeak,2022-07-02 18:00:00,18,5,True,2022-07-02,-1.0,-1.8369701987210297e-16,-0.9749279121818236,-0.2225209339563146,0,0,2,86,0.1534090909090909,52.10722221899999,0.13920454545454544,43.559444444,0.13352272727272727,40.065277779,0.14962121212121213,49.783611111,0.24053030303030304,106.351388888,0.14204545454545459,0.010243043396205562,0.1453203914141414,True
331,107,15.333333333333334,64.97361111,9.281944444,0.9263636359999999,60.189190631909604,0.0,88.0,0.89,0.17424242424242425,17.228464419475657,0.9263636360000003,False,offpeak,2022-07-02 19:00:00,19,5,True,2022-07-02,-0.9659258262890684,0.2588190451025203,-0.9749279121818236,-0.2225209339563146,0,0,2,86,0.17518939393939392,65.879722221,0.1534090909090909,52.10722221899999,0.13920454545454544,43.559444444,0.1581439393939394,55.597500004000004,0.24431818181818182,108.13833333400001,0.15593434343434345,0.01812484497469195,0.14638573232323232,True
332,107,15.666666666666666,68.043888888,9.720555555,0.9263636359999999,63.033384317867686,0.0,88.0,0.89,0.178030303030303,17.602996254681646,0.9263636360000002,False,offpeak,2022-07-02 20:00:00,20,5,True,2022-07-02,-0.8660254037844386,0.5000000000000001,-0.9749279121818236,-0.2225209339563146,0,0,2,86,0.17424242424242425,64.97361111,0.17518939393939392,65.879722221,0.1534090909090909,52.10722221899999,0.14488636363636365,47.255833331,0.2518939393939394,113.524444443,0.16761363636363638,0.012310606060606829,0.1470565025252525,True
333,107,15.0,63.0,9.0,0.9263636359999999,58.360909068000005,0.0,88.0,0.89,0.17045454545454544,16.853932584269664,0.926363636,False,offpeak,2022-07-02 21:00:00,21,5,True,2022-07-02,-0.7071067811865477,0.7071067811865474,-0.9749279121818236,-0.2225209339563146,0,0,2,86,0.178030303030303,68.043888888,0.17424242424242425,64.97361111,0.17518939393939392,65.879722221,0.14393939393939392,46.85722222,0.24621212121212122,107.922499999,0.1758207070707071,0.001971274620711256,0.1484375,True
334,107,14.583333333333334,60.087222223,8.58388889,0.9263636359999999,55.66261765563829,0.0,88.0,0.89,0.165719696969697,16.38576779026217,0.9263636360000002,False,offpeak,2022-07-02 22:00:00,22,5,True,2022-07-02,-0.5000000000000004,0.8660254037844384,-0.9749279121818236,-0.2225209339563146,0,0,2,86,0.17045454545454544,63.0,0.178030303030303,68.043888888,0.17424242424242425,64.97361111,0.16098484848484848,49.785555555,0.23674242424242423,102.847500001,0.17424242424242428,0.0037878787878812418,0.14954229797979798,True
335,107,15.0,63.0,9.0,0.9263636359999999,58.360909068000005,0.0,88.0,0.89,0.17045454545454544,16.853932584269664,0.926363636,False,offpeak,2022-07-02 23:00:00,23,5,True,2022-07-02,-0.25881904510252157,0.9659258262890681,-0.9749279121818236,-0.2225209339563146,0,0,2,86,0.165719696969697,60.087222223,0.17045454545454544,63.0,0.178030303030303,68.043888888,0.16477272727272727,56.00000000400001,0.22727272727272727,99.164722225,0.17140151515151522,0.006209695572257176,0.14973958333333334,True
336,107,15.0,63.0,9.0,0.9263636359999999,58.360909068000005,0.0,88.0,0.89,0.17045454545454544,16.853932584269664,0.926363636,False,offpeak,2022-07-03 00:00:00,0,6,True,2022-07-03,0.0,1.0,-0.7818314824680299,0.6234898018587334,0,0,2,86,0.17045454545454544,63.0,0.165719696969697,60.087222223,0.17045454545454544,63.0,0.1590909090909091,56.00000000400001,0.2452651515151515,108.700277776,0.16887626262626265,0.0027336660473028036,0.14997632575757577,True
337,107,15.0,63.0,9.0,0.9263636359999999,58.360909068000005,0.0,88.0,0.89,0.17045454545454544,16.853932584269664,0.926363636,False,offpeak,2022-07-03 01:00:00,1,6,True,2022-07-03,0.25881904510252074,0.9659258262890683,-0.7818314824680299,0.6234898018587334,0,0,2,86,0.17045454545454544,63.0,0.17045454545454544,63.0,0.165719696969697,60.087222223,0.1581439393939394,55.597500004000004,0.25,111.999999996,0.16887626262626268,0.0027336660473028036,0.1504498106060606,True
338,107,14.75,61.250000001000004,8.750000001,0.9263636359999999,56.73977270592637,0.0,88.0,0.89,0.16761363636363635,16.573033707865168,0.926363636,False,offpeak,2022-07-03 02:00:00,2,6,True,2022-07-03,0.49999999999999994,0.8660254037844387,-0.7818314824680299,0.6234898018587334,0,0,2,86,0.17045454545454544,63.0,0.17045454545454544,63.0,0.17045454545454544,63.0,0.14772727272727273,48.99999999599999,0.25,111.999999996,0.17045454545454544,0.0,0.1509627525252525,True
339,107,14.25,57.93861111400001,8.276944447000002,0.9263636359999999,53.67222245635505,0.0,88.0,0.89,0.16193181818181818,16.01123595505618,0.9263636359999998,False,offpeak,2022-07-03 03:00:00,3,6,True,2022-07-03,0.7071067811865476,0.7071067811865476,-0.7818314824680299,0.6234898018587334,0,0,2,86,0.16761363636363635,61.250000001000004,0.17045454545454544,63.0,0.17045454545454544,63.0,0.14772727272727273,48.99999999599999,0.25,111.999999996,0.1695075757575758,0.0016401996283853667,0.151791351010101,True
340,107,14.0,56.00000000400001,8.000000004,0.9263636359999999,51.87636361970546,0.0,88.0,0.89,0.1590909090909091,15.730337078651685,0.9263636359999999,False,offpeak,2022-07-03 04:00:00,4,6,True,2022-07-03,0.8660254037844386,0.5000000000000001,-0.7818314824680299,0.6234898018587334,0,0,2,86,0.16193181818181818,57.93861111400001,0.16761363636363635,61.250000001000004,0.17045454545454544,63.0,0.14772727272727273,48.99999999599999,0.25,111.999999996,0.1666666666666667,0.004339560317195227,0.15238320707070707,True
341,107,14.0,56.00000000400001,8.000000004,0.9263636359999999,51.87636361970546,0.0,88.0,0.89,0.1590909090909091,15.730337078651685,0.9263636359999999,False,offpeak,2022-07-03 05:00:00,5,6,True,2022-07-03,0.9659258262890683,0.25881904510252074,-0.7818314824680299,0.6234898018587334,0,0,2,86,0.1590909090909091,56.00000000400001,0.16193181818181818,57.93861111400001,0.16761363636363635,61.250000001000004,0.14772727272727273,48.99999999599999,0.2585227272727273,114.531666666,0.16287878787878793,0.004339560317195257,0.1528566919191919,True
342,107,15.5,56.00000000400001,8.000000004,0.9263636359999999,51.87636361970546,0.0,88.0,0.89,0.17613636363636365,17.415730337078653,0.9263636359999999,False,offpeak,2022-07-03 06:00:00,6,6,True,2022-07-03,1.0,6.123233995736766e-17,-0.7818314824680299,0.6234898018587334,0,0,2,86,0.1590909090909091,56.00000000400001,0.1590909090909091,56.00000000400001,0.16193181818181818,57.93861111400001,0.14772727272727273,48.99999999599999,0.27178030303030304,121.73194441000001,0.1600378787878788,0.001640199628385591,0.15333017676767677,True
343,107,15.5,56.00000000400001,8.000000004,0.9263636359999999,51.87636361970546,0.0,88.0,0.89,0.17613636363636365,17.415730337078653,0.9263636359999999,False,offpeak,2022-07-03 07:00:00,7,6,True,2022-07-03,0.9659258262890683,-0.25881904510252063,-0.7818314824680299,0.6234898018587334,0,0,2,86,0.17613636363636365,56.00000000400001,0.1590909090909091,56.00000000400001,0.1590909090909091,56.00000000400001,0.14772727272727273,48.99999999599999,0.26799242424242425,119.766111088,0.1647727272727273,0.009841197770278701,0.15451388888888887,True
344,107,14.0,56.00000000400001,8.000000004,0.9263636359999999,51.87636361970546,0.0,88.0,0.89,0.1590909090909091,15.730337078651685,0.9263636359999999,False,offpeak,2022-07-03 08:00:00,8,6,True,2022-07-03,0.8660254037844387,-0.4999999999999998,-0.7818314824680299,0.6234898018587334,0,0,2,86,0.17613636363636365,56.00000000400001,0.17613636363636365,56.00000000400001,0.1590909090909091,56.00000000400001,0.14772727272727273,48.99999999599999,0.2528409090909091,112.965416664,0.1704545454545455,0.009841197770278679,0.15569760101010102,True
345,107,14.0,56.00000000400001,8.000000004,0.9263636359999999,51.87636361970546,0.0,88.0,0.89,0.1590909090909091,15.730337078651685,0.9263636359999999,False,offpeak,2022-07-03 09:00:00,9,6,True,2022-07-03,0.7071067811865476,-0.7071067811865475,-0.7818314824680299,0.6234898018587334,0,0,2,86,0.1590909090909091,56.00000000400001,0.17613636363636365,56.00000000400001,0.17613636363636365,56.00000000400001,0.14109848484848483,45.087777775999996,0.25662878787878785,115.904444445,0.1704545454545455,0.009841197770278679,0.15617108585858586,True
346,107,13.333333333333334,51.695000003000004,7.385000003,0.9263636359999999,47.88836816579911,0.0,88.0,0.89,0.15151515151515152,14.981273408239701,0.9263636360000003,False,offpeak,2022-07-03 10:00:00,10,6,True,2022-07-03,0.49999999999999994,-0.8660254037844387,-0.7818314824680299,0.6234898018587334,0,0,2,86,0.1590909090909091,56.00000000400001,0.1590909090909091,56.00000000400001,0.17613636363636365,56.00000000400001,0.13257575757575757,39.861111112,0.23958333333333331,105.556111111,0.16477272727272732,0.009841197770278701,0.1569207702020202,True
347,107,11.916666666666666,41.603333333,5.943333333,0.9263636359999999,38.539815136077884,0.0,88.0,0.89,0.13541666666666666,13.389513108614231,0.926363636,False,offpeak,2022-07-03 11:00:00,11,6,True,2022-07-03,0.258819045102521,-0.9659258262890682,-0.7818314824680299,0.6234898018587334,0,0,2,86,0.15151515151515152,51.695000003000004,0.1590909090909091,56.00000000400001,0.1590909090909091,56.00000000400001,0.134469696969697,40.578611112000004,0.21306818181818182,90.799722222,0.1565656565656566,0.0043738656756812395,0.15770991161616163,True
348,107,10.666666666666666,32.868888891,4.695555556999999,0.9263636359999999,30.448543424346767,0.0,88.0,0.89,0.1212121212121212,11.98501872659176,0.926363636,False,offpeak,2022-07-03 12:00:00,12,6,True,2022-07-03,1.2246467991473532e-16,-1.0,-0.7818314824680299,0.6234898018587334,0,0,2,86,0.13541666666666666,41.603333333,0.15151515151515152,51.695000003000004,0.1590909090909091,56.00000000400001,0.12973484848484848,38.099444446,0.20170454545454544,82.251944445,0.14867424242424246,0.01209009974886798,0.15774936868686867,True
349,107,10.166666666666666,28.388888888000004,4.055555555,0.9263636359999999,26.298434332287684,0.0,88.0,0.89,0.11553030303030302,11.42322097378277,0.9263636360000002,False,offpeak,2022-07-03 13:00:00,13,6,True,2022-07-03,-0.2588190451025208,-0.9659258262890683,-0.7818314824680299,0.6234898018587334,0,0,2,86,0.1212121212121212,32.868888891,0.13541666666666666,41.603333333,0.15151515151515152,51.695000003000004,0.125,35.000000004,0.20738636363636365,83.50611110999999,0.13604797979797983,0.015161376210256787,0.15739425505050506,True
350,107,12.583333333333334,45.519444445,6.5027777790000005,0.9263636359999999,42.167558064770205,0.0,88.0,0.89,0.14299242424242425,14.138576779026218,0.9263636360000002,False,offpeak,2022-07-03 14:00:00,14,6,True,2022-07-03,-0.4999999999999997,-0.8660254037844388,-0.7818314824680299,0.6234898018587334,0,0,2,86,0.11553030303030302,28.388888888000004,0.1212121212121212,32.868888891,0.13541666666666666,41.603333333,0.125,35.000000004,0.18939393939393942,71.522500001,0.12405303030303033,0.010243043396205548,0.15699968434343434,True
351,107,14.0,56.00000000400001,8.000000004,0.9263636359999999,51.87636361970546,0.0,88.0,0.89,0.1590909090909091,15.730337078651685,0.9263636359999999,False,offpeak,2022-07-03 15:00:00,15,6,True,2022-07-03,-0.7071067811865471,-0.7071067811865479,-0.7818314824680299,0.6234898018587334,0,0,2,86,0.14299242424242425,45.519444445,0.11553030303030302,28.388888888000004,0.1212121212121212,32.868888891,0.13352272727272727,40.065277779,0.17897727272727273,65.906944447,0.12657828282828287,0.014496164776774767,0.15774936868686867,True
352,107,14.416666666666666,58.722222224999996,8.388888891,0.9263636359999999,54.39813129435102,0.0,88.0,0.89,0.16382575757575757,16.198501872659175,0.9263636360000002,False,offpeak,2022-07-03 16:00:00,16,6,True,2022-07-03,-0.8660254037844385,-0.5000000000000004,-0.7818314824680299,0.6234898018587334,0,0,2,86,0.1590909090909091,56.00000000400001,0.14299242424242425,45.519444445,0.11553030303030302,28.388888888000004,0.13920454545454544,43.559444444,0.1581439393939394,55.605277781000005,0.1392045454545455,0.022025953313661462,0.15881470959595959,True
353,107,16.5,71.43888888699999,10.441944443999999,0.9263636359999999,66.17838886116132,0.0,88.0,0.89,0.1875,18.53932584269663,0.9263636360000003,False,offpeak,2022-07-03 17:00:00,17,6,True,2022-07-03,-0.9659258262890683,-0.25881904510252063,-0.7818314824680299,0.6234898018587334,0,0,2,86,0.16382575757575757,58.722222224999996,0.1590909090909091,56.00000000400001,0.14299242424242425,45.519444445,0.1534090909090909,52.10722221899999,0.1543560606060606,51.345972219,0.15530303030303036,0.010920987305560364,0.15984059343434343,True
354,107,16.5,73.407638889,10.500555555,0.9263636359999999,68.00216727138906,0.0,88.0,0.89,0.1875,18.53932584269663,0.9263636360000003,False,offpeak,2022-07-03 18:00:00,18,6,True,2022-07-03,-1.0,-1.8369701987210297e-16,-0.7818314824680299,0.6234898018587334,0,0,2,86,0.1875,71.43888888699999,0.16382575757575757,58.722222224999996,0.1590909090909091,56.00000000400001,0.17518939393939392,65.879722221,0.18181818181818182,66.29777778100001,0.17013888888888892,0.015220408398032478,0.16126104797979798,True
355,107,17.5,80.45138889,11.493055556999998,0.9263636359999999,74.52724113339042,0.0,88.0,0.89,0.19886363636363635,19.662921348314608,0.9263636360000002,False,offpeak,2022-07-03 19:00:00,19,6,True,2022-07-03,-0.9659258262890684,0.2588190451025203,-0.7818314824680299,0.6234898018587334,0,0,2,86,0.1875,73.407638889,0.1875,71.43888888699999,0.16382575757575757,58.722222224999996,0.17424242424242425,64.97361111,0.17708333333333334,64.34361111,0.17960858585858588,0.013668330236497588,0.1617739898989899,True
356,107,17.5,80.134444447,11.447777780000001,0.9263636359999999,74.23363532676294,0.0,88.0,0.89,0.19886363636363635,19.662921348314608,0.926363636,False,offpeak,2022-07-03 20:00:00,20,6,True,2022-07-03,-0.8660254037844386,0.5000000000000001,-0.7818314824680299,0.6234898018587334,0,0,2,86,0.19886363636363635,80.45138889,0.1875,73.407638889,0.1875,71.43888888699999,0.178030303030303,68.043888888,0.19412878787878787,73.107222221,0.1912878787878788,0.006560798513520141,0.16279987373737373,True
357,107,19.333333333333332,93.144722221,13.306388886999997,0.9263636359999999,86.28588355085554,0.0,88.0,0.89,0.2196969696969697,21.722846441947564,0.9263636359999999,False,offpeak,2022-07-03 21:00:00,21,6,True,2022-07-03,-0.7071067811865477,0.7071067811865474,-0.7818314824680299,0.6234898018587334,0,0,2,86,0.19886363636363635,80.134444447,0.19886363636363635,80.45138889,0.1875,73.407638889,0.17045454545454544,63.0,0.19412878787878787,75.155694446,0.1950757575757576,0.006560798513520169,0.1636679292929293,True
358,107,20.416666666666668,100.73583333599998,14.390833336,0.9263636359999999,93.31801284462695,0.0,88.0,0.89,0.23200757575757577,22.94007490636704,0.9263636359999999,False,offpeak,2022-07-03 22:00:00,22,6,True,2022-07-03,-0.5000000000000004,0.8660254037844384,-0.7818314824680299,0.6234898018587334,0,0,2,86,0.2196969696969697,93.144722221,0.19886363636363635,80.134444447,0.19886363636363635,80.45138889,0.165719696969697,60.087222223,0.20643939393939395,85.73638888800001,0.20580808080808086,0.01202813060811818,0.16571969696969696,True
359,107,21.0,105.0,15.0,0.9263636359999999,97.26818177999999,0.0,88.0,0.89,0.23863636363636365,23.595505617977526,0.9263636359999999,False,offpeak,2022-07-03 23:00:00,23,6,True,2022-07-03,-0.25881904510252157,0.9659258262890681,-0.7818314824680299,0.6234898018587334,0,0,2,86,0.23200757575757577,100.73583333599998,0.2196969696969697,93.144722221,0.19886363636363635,80.134444447,0.17045454545454544,63.0,0.20170454545454544,82.06916666800001,0.21685606060606064,0.016753604178934574,0.16848169191919193,True
360,107,21.0,105.0,15.0,0.9263636359999999,97.26818177999999,0.0,88.0,0.89,0.23863636363636365,23.595505617977526,0.9263636359999999,False,offpeak,2022-07-04 00:00:00,0,0,False,2022-07-04,0.0,1.0,0.0,1.0,0,0,2,86,0.23863636363636365,105.0,0.23200757575757577,100.73583333599998,0.2196969696969697,93.144722221,0.17045454545454544,63.0,0.19318181818181818,77.196388893,0.23011363636363638,0.009610692769975008,0.171322601010101,True
361,107,21.75,107.533611114,15.723888886000001,0.9263636359999999,99.61522698377505,0.0,88.0,0.89,0.2471590909090909,24.43820224719101,0.9263636359999999,False,offpeak,2022-07-04 01:00:00,1,0,False,2022-07-04,0.25881904510252074,0.9659258262890683,0.0,1.0,0,0,2,86,0.23863636363636365,105.0,0.23863636363636365,105.0,0.23200757575757577,100.73583333599998,0.17045454545454544,63.0,0.19318181818181818,77.000000004,0.23642676767676774,0.003827132466222455,0.17416351010101008,True
362,107,22.0,108.500000004,15.999999996000001,0.9263636359999999,100.51045450970544,0.0,88.0,0.89,0.25,24.719101123595504,0.9263636359999998,False,offpeak,2022-07-04 02:00:00,2,0,False,2022-07-04,0.49999999999999994,0.8660254037844387,0.0,1.0,0,0,2,86,0.2471590909090909,107.533611114,0.23863636363636365,105.0,0.23863636363636365,105.0,0.16761363636363635,61.250000001000004,0.19318181818181818,77.000000004,0.2414772727272728,0.004920598885141509,0.1773595328282828,True
363,107,22.0,108.500000004,15.999999996000001,0.9263636359999999,100.51045450970544,0.0,88.0,0.89,0.25,24.719101123595504,0.9263636359999998,False,offpeak,2022-07-04 03:00:00,3,0,False,2022-07-04,0.7071067811865476,0.7071067811865476,0.0,1.0,0,0,2,86,0.25,108.500000004,0.2471590909090909,107.533611114,0.23863636363636365,105.0,0.16193181818181818,57.93861111400001,0.19318181818181818,77.000000004,0.24526515151515157,0.005913823862121927,0.18079229797979798,True
364,107,22.0,108.500000004,15.999999996000001,0.9263636359999999,100.51045450970544,0.0,88.0,0.89,0.25,24.719101123595504,0.9263636359999998,False,offpeak,2022-07-04 04:00:00,4,0,False,2022-07-04,0.8660254037844386,0.5000000000000001,0.0,1.0,0,0,2,86,0.25,108.500000004,0.25,108.500000004,0.2471590909090909,107.533611114,0.1590909090909091,56.00000000400001,0.1903409090909091,75.430833336,0.24905303030303036,0.0016401996283877814,0.18446180555555555,True
365,107,22.0,108.500000004,15.999999996000001,0.9263636359999999,100.51045450970544,0.0,88.0,0.89,0.25,24.719101123595504,0.9263636359999998,False,offpeak,2022-07-04 05:00:00,5,0,False,2022-07-04,0.9659258262890683,0.25881904510252074,0.0,1.0,0,0,2,86,0.25,108.500000004,0.25,108.500000004,0.25,108.500000004,0.1590909090909091,56.00000000400001,0.18181818181818182,69.999999996,0.25,0.0,0.18824968434343434,True
366,107,22.0,108.500000004,15.999999996000001,0.9263636359999999,100.51045450970544,0.0,88.0,0.89,0.25,24.719101123595504,0.9263636359999998,False,offpeak,2022-07-04 06:00:00,6,0,False,2022-07-04,1.0,6.123233995736766e-17,0.0,1.0,0,0,2,86,0.25,108.500000004,0.25,108.500000004,0.25,108.500000004,0.17613636363636365,56.00000000400001,0.18181818181818182,69.999999996,0.25,0.0,0.19203756313131312,True
367,107,21.083333333333332,102.443055555,15.134722220999999,0.9263636359999999,94.89952142687979,0.0,88.0,0.89,0.23958333333333331,23.689138576779026,0.9263636359999999,False,offpeak,2022-07-04 07:00:00,7,0,False,2022-07-04,0.9659258262890683,-0.25881904510252063,0.0,1.0,0,0,2,86,0.25,108.500000004,0.25,108.500000004,0.25,108.500000004,0.17613636363636365,56.00000000400001,0.16666666666666666,61.605833334,0.25,0.0,0.19511521464646464,True
368,107,18.583333333333332,86.14763889,12.528333331,0.9263636359999999,79.80403999495539,0.0,88.0,0.89,0.2111742424242424,20.880149812734082,0.9263636359999998,False,offpeak,2022-07-04 08:00:00,8,0,False,2022-07-04,0.8660254037844387,-0.4999999999999998,0.0,1.0,0,0,2,86,0.23958333333333331,102.443055555,0.25,108.500000004,0.25,108.500000004,0.1590909090909091,56.00000000400001,0.13162878787878787,38.276388890999996,0.2465277777777778,0.006014065304060815,0.19775883838383837,True
369,107,19.583333333333332,94.9025,13.557499999999997,0.9263636359999999,87.91422496548998,0.0,88.0,0.89,0.22253787878787878,22.00374531835206,0.9263636359999997,False,offpeak,2022-07-04 09:00:00,9,0,False,2022-07-04,0.7071067811865476,-0.7071067811865475,0.0,1.0,0,0,2,86,0.2111742424242424,86.14763889,0.23958333333333331,102.443055555,0.25,108.500000004,0.1590909090909091,56.00000000400001,0.134469696969697,41.018055556,0.2335858585858586,0.0200956995484817,0.1999289772727273,True
370,107,19.0,91.19638888499999,13.028055552000001,0.9263636359999999,84.48101839757858,0.0,88.0,0.89,0.2159090909090909,21.34831460674157,0.926363636,False,offpeak,2022-07-04 10:00:00,10,0,False,2022-07-04,0.49999999999999994,-0.8660254037844387,0.0,1.0,0,0,2,86,0.22253787878787878,94.9025,0.2111742424242424,86.14763889,0.23958333333333331,102.443055555,0.15151515151515152,51.695000003000004,0.14109848484848483,37.378055558,0.2244318181818182,0.014298928854680286,0.20257260101010102,True
371,107,20.25,99.55361111299999,14.221944446999998,0.9263636359999999,92.22284516756866,0.0,88.0,0.89,0.23011363636363635,22.752808988764045,0.9263636359999999,False,offpeak,2022-07-04 11:00:00,11,0,False,2022-07-04,0.258819045102521,-0.9659258262890682,0.0,1.0,0,0,2,86,0.2159090909090909,91.19638888499999,0.22253787878787878,94.9025,0.2111742424242424,86.14763889,0.13541666666666666,41.603333333,0.16003787878787878,52.89861111100001,0.2165404040404041,0.005708062285363472,0.2052556818181818,True
372,107,18.75,89.6175,12.802500000000002,0.9263636359999999,83.01839314923001,0.0,88.0,0.89,0.21306818181818182,21.06741573033708,0.926363636,False,offpeak,2022-07-04 12:00:00,12,0,False,2022-07-04,1.2246467991473532e-16,-1.0,0.0,1.0,0,0,2,86,0.23011363636363635,99.55361111299999,0.2159090909090909,91.19638888499999,0.22253787878787878,94.9025,0.1212121212121212,32.868888891,0.1590909090909091,56.00000000400001,0.2228535353535354,0.007107531722980033,0.20920138888888892,True
373,107,16.75,75.64277778,10.806111113,0.9263636359999999,70.07271866142081,0.0,88.0,0.89,0.1903409090909091,18.820224719101123,0.9263636359999999,False,offpeak,2022-07-04 13:00:00,13,0,False,2022-07-04,-0.2588190451025208,-0.9659258262890683,0.0,1.0,0,0,2,86,0.21306818181818182,89.6175,0.23011363636363635,99.55361111299999,0.2159090909090909,91.19638888499999,0.11553030303030302,28.388888888000004,0.16382575757575757,58.912777780000006,0.21969696969696972,0.009132245038820364,0.21302872474747478,True
374,107,16.666666666666668,74.680277775,10.668611110000002,0.9263636359999999,69.181093657139,0.0,88.0,0.89,0.18939393939393942,18.726591760299627,0.9263636360000003,False,offpeak,2022-07-04 14:00:00,14,0,False,2022-07-04,-0.4999999999999997,-0.8660254037844388,0.0,1.0,0,0,2,86,0.1903409090909091,75.64277778,0.21306818181818182,89.6175,0.23011363636363635,99.55361111299999,0.14299242424242425,45.519444445,0.1590909090909091,57.170555558000004,0.21117424242424243,0.01995388968343377,0.21614583333333334,True
375,107,16.333333333333332,72.329444444,10.332777776000002,0.9263636359999999,67.00336714500385,0.0,88.0,0.89,0.18560606060606058,18.35205992509363,0.9263636360000002,False,offpeak,2022-07-04 15:00:00,15,0,False,2022-07-04,-0.7071067811865471,-0.7071067811865479,0.0,1.0,0,0,2,86,0.18939393939393942,74.680277775,0.1903409090909091,75.64277778,0.21306818181818182,89.6175,0.1590909090909091,56.00000000400001,0.1590909090909091,56.00000000400001,0.19760101010101014,0.013403329384825339,0.2180792297979798,True
376,107,17.0,76.77250000400001,10.967500003999998,0.9263636359999999,71.11925224851548,0.0,88.0,0.89,0.19318181818181818,19.10112359550562,0.9263636360000003,False,offpeak,2022-07-04 16:00:00,16,0,False,2022-07-04,-0.8660254037844385,-0.5000000000000004,0.0,1.0,0,0,2,86,0.18560606060606058,72.329444444,0.18939393939393942,74.680277775,0.1903409090909091,75.64277778,0.16382575757575757,58.722222224999996,0.16098484848484848,50.302777775999985,0.18844696969696972,0.002505446317299777,0.2191840277777778,True
377,107,16.0,70.20222221899999,10.028888885,0.9263636359999999,65.03278583007284,0.0,88.0,0.89,0.18181818181818182,17.97752808988764,0.9263636360000003,False,offpeak,2022-07-04 17:00:00,17,0,False,2022-07-04,-0.9659258262890683,-0.25881904510252063,0.0,1.0,0,0,2,86,0.19318181818181818,76.77250000400001,0.18560606060606058,72.329444444,0.18939393939393942,74.680277775,0.1875,71.43888888699999,0.13257575757575757,32.260277777,0.18939393939393945,0.0037878787878812955,0.22040719696969693,True
378,107,18.333333333333332,81.796944443,11.685277777000001,0.9263636359999999,75.77371486790747,0.0,88.0,0.89,0.20833333333333331,20.599250936329586,0.9263636359999999,False,offpeak,2022-07-04 18:00:00,18,0,False,2022-07-04,-1.0,-1.8369701987210297e-16,0.0,1.0,0,0,2,86,0.18181818181818182,70.20222221899999,0.19318181818181818,76.77250000400001,0.18560606060606058,72.329444444,0.1875,73.407638889,0.13731060606060608,41.861944444,0.18686868686868688,0.005786080422925631,0.22017045454545456,True
379,107,22.0,107.94388888799999,15.420555555000004,0.9263636359999999,99.99529339426766,0.0,88.0,0.89,0.25,24.719101123595504,0.9263636359999999,False,offpeak,2022-07-04 19:00:00,19,0,False,2022-07-04,-0.9659258262890684,0.2588190451025203,0.0,1.0,0,0,2,86,0.20833333333333331,81.796944443,0.18181818181818182,70.20222221899999,0.19318181818181818,76.77250000400001,0.19886363636363635,80.45138889,0.1903409090909091,74.118333335,0.1944444444444445,0.013302593122289555,0.22103851010101008,True
380,107,21.0,104.387500003,14.912500002999998,0.9263636359999999,96.70078405572907,0.0,88.0,0.89,0.23863636363636365,23.595505617977526,0.9263636359999998,False,offpeak,2022-07-04 20:00:00,20,0,False,2022-07-04,-0.8660254037844386,0.5000000000000001,0.0,1.0,0,0,2,86,0.25,107.94388888799999,0.20833333333333331,81.796944443,0.18181818181818182,70.20222221899999,0.19886363636363635,80.134444447,0.21306818181818182,89.638888886,0.21338383838383843,0.034370347446505904,0.22316919191919193,True
381,107,20.916666666666668,104.233888889,14.890555555999999,0.9263636359999999,96.55848430563404,0.0,88.0,0.89,0.23768939393939395,23.50187265917603,0.926363636,False,offpeak,2022-07-04 21:00:00,21,0,False,2022-07-04,-0.7071067811865477,0.7071067811865474,0.0,1.0,0,0,2,86,0.23863636363636365,104.387500003,0.25,107.94388888799999,0.20833333333333331,81.796944443,0.2196969696969697,93.144722221,0.20928030303030304,87.097499998,0.23232323232323235,0.021538790541960222,0.22482638888888887,True
382,107,21.75,110.06722221999999,15.723888886000001,0.9263636359999999,101.9622721801392,0.0,88.0,0.89,0.2471590909090909,24.43820224719101,0.9263636360000002,False,offpeak,2022-07-04 22:00:00,22,0,False,2022-07-04,-0.5000000000000004,0.8660254037844384,0.0,1.0,0,0,2,86,0.23768939393939395,104.233888889,0.23863636363636365,104.387500003,0.25,107.94388888799999,0.23200757575757577,100.73583333599998,0.2159090909090909,86.146666666,0.24210858585858588,0.006850547479235298,0.22557607323232323,True
383,107,22.666666666666668,116.47027777900001,16.638611111999996,0.9263636359999999,107.89383000928444,0.0,88.0,0.89,0.25757575757575757,25.468164794007492,0.9263636359999998,False,offpeak,2022-07-04 23:00:00,23,0,False,2022-07-04,-0.25881904510252157,0.9659258262890681,0.0,1.0,0,0,2,86,0.2471590909090909,110.06722221999999,0.23768939393939395,104.233888889,0.23863636363636365,104.387500003,0.23863636363636365,105.0,0.2196969696969697,90.999999996,0.24116161616161622,0.00521550241220552,0.22620738636363635,True
384,107,24.666666666666668,119.000000004,17.000000004,0.9263636359999999,110.23727268770546,0.0,88.0,0.89,0.28030303030303033,27.715355805243448,0.926363636,False,offpeak,2022-07-05 00:00:00,0,1,False,2022-07-05,0.0,1.0,0.7818314824680298,0.6234898018587336,0,0,2,86,0.25757575757575757,116.47027777900001,0.2471590909090909,110.06722221999999,0.23768939393939395,104.233888889,0.23863636363636365,105.0,0.2196969696969697,90.999999996,0.24747474747474751,0.009946938924615616,0.22699652777777776,True
385,107,25.0,119.000000004,17.000000004,0.9263636359999999,110.23727268770546,0.0,88.0,0.89,0.2840909090909091,28.089887640449437,0.926363636,False,offpeak,2022-07-05 01:00:00,1,1,False,2022-07-05,0.25881904510252074,0.9659258262890683,0.7818314824680298,0.6234898018587336,0,0,2,86,0.28030303030303033,119.000000004,0.25757575757575757,116.47027777900001,0.2471590909090909,110.06722221999999,0.2471590909090909,107.533611114,0.2178030303030303,90.999999996,0.261679292929293,0.016948729493257056,0.22873263888888892,True
386,107,24.416666666666668,119.000000004,17.000000004,0.9263636359999999,110.23727268770546,0.0,88.0,0.89,0.2774621212121212,27.43445692883895,0.926363636,False,offpeak,2022-07-05 02:00:00,2,1,False,2022-07-05,0.49999999999999994,0.8660254037844387,0.7818314824680298,0.6234898018587336,0,0,2,86,0.2840909090909091,119.000000004,0.28030303030303033,119.000000004,0.25757575757575757,116.47027777900001,0.25,108.500000004,0.22064393939393942,93.735833332,0.27398989898989906,0.014340677640911034,0.23027146464646467,True
387,107,24.0,119.000000004,17.000000004,0.9263636359999999,110.23727268770546,0.0,88.0,0.89,0.2727272727272727,26.96629213483146,0.926363636,False,offpeak,2022-07-05 03:00:00,3,1,False,2022-07-05,0.7071067811865476,0.7071067811865476,0.7818314824680298,0.6234898018587336,0,0,2,86,0.2774621212121212,119.000000004,0.2840909090909091,119.000000004,0.28030303030303033,119.000000004,0.25,108.500000004,0.22727272727272727,98.000000004,0.2806186868686869,0.003325648280577712,0.23141571969696972,True
388,107,24.583333333333332,122.900555555,17.557222224,0.9263636359999999,113.85060551034981,0.0,88.0,0.89,0.2793560606060606,27.621722846441944,0.9263636360000002,False,offpeak,2022-07-05 04:00:00,4,1,False,2022-07-05,0.8660254037844386,0.5000000000000001,0.7818314824680298,0.6234898018587336,0,0,2,86,0.2727272727272727,119.000000004,0.2774621212121212,119.000000004,0.2840909090909091,119.000000004,0.25,108.500000004,0.22727272727272727,98.000000004,0.2780934343434344,0.005708062285364631,0.23236268939393942,True
389,107,25.0,126.0,18.0,0.9263636359999999,116.72181813600001,0.0,88.0,0.89,0.2840909090909091,28.089887640449437,0.926363636,False,offpeak,2022-07-05 05:00:00,5,1,False,2022-07-05,0.9659258262890683,0.25881904510252074,0.7818314824680298,0.6234898018587336,0,0,2,86,0.2793560606060606,122.900555555,0.2727272727272727,119.000000004,0.2774621212121212,119.000000004,0.25,108.500000004,0.22727272727272727,98.000000004,0.27651515151515155,0.0034143477987400453,0.2335858585858586,True
390,107,24.833333333333332,125.023888887,17.860555556,0.9263636359999999,115.81758429622131,0.0,88.0,0.89,0.28219696969696967,27.90262172284644,0.926363636,False,offpeak,2022-07-05 06:00:00,6,1,False,2022-07-05,1.0,6.123233995736766e-17,0.7818314824680298,0.6234898018587336,0,0,2,86,0.2840909090909091,126.0,0.2793560606060606,122.900555555,0.2727272727272727,119.000000004,0.25,108.500000004,0.22537878787878787,97.012222225,0.2787247474747475,0.005708062285364671,0.23500631313131315,True
391,107,21.166666666666668,106.526388891,15.218055557,0.9263636359999999,98.68217294301675,0.0,88.0,0.89,0.24053030303030304,23.782771535580526,0.9263636359999999,False,offpeak,2022-07-05 07:00:00,7,1,False,2022-07-05,0.9659258262890683,-0.25881904510252063,0.7818314824680298,0.6234898018587336,0,0,2,86,0.28219696969696967,125.023888887,0.2840909090909091,126.0,0.2793560606060606,122.900555555,0.23958333333333331,102.443055555,0.21022727272727273,87.879166664,0.28188131313131315,0.002383154809121149,0.23634785353535356,True
392,107,17.333333333333332,79.31388888800001,11.330555555000002,0.9263636359999999,73.4735024955877,0.0,88.0,0.89,0.19696969696969696,19.47565543071161,0.9263636360000002,False,offpeak,2022-07-05 08:00:00,8,1,False,2022-07-05,0.8660254037844387,-0.4999999999999998,0.7818314824680298,0.6234898018587336,0,0,2,86,0.24053030303030304,106.526388891,0.28219696969696967,125.023888887,0.2840909090909091,126.0,0.2111742424242424,86.14763889,0.1922348484848485,76.22027778,0.268939393939394,0.02462121212121277,0.23638731060606058,True
393,107,17.75,80.340555555,11.477222222000002,0.9263636359999999,74.4245691621898,0.0,88.0,0.89,0.20170454545454544,19.9438202247191,0.926363636,False,offpeak,2022-07-05 09:00:00,9,1,False,2022-07-05,0.7071067811865476,-0.7071067811865475,0.7818314824680298,0.6234898018587336,0,0,2,86,0.19696969696969696,79.31388888800001,0.24053030303030304,106.526388891,0.28219696969696967,125.023888887,0.22253787878787878,94.9025,0.21306818181818182,89.255833334,0.23989898989898992,0.042617143514489295,0.23579545454545456,True
394,107,19.25,90.999999996,12.999999996000001,0.9263636359999999,84.29909087229453,0.0,88.0,0.89,0.21875,21.629213483146067,0.9263636359999998,False,offpeak,2022-07-05 10:00:00,10,1,False,2022-07-05,0.49999999999999994,-0.8660254037844387,0.7818314824680298,0.6234898018587336,0,0,2,86,0.20170454545454544,80.340555555,0.19696969696969696,79.31388888800001,0.24053030303030304,106.526388891,0.2159090909090909,91.19638888499999,0.20454545454545456,84.0,0.21306818181818185,0.02390043459114405,0.23492739898989898,True
395,107,17.75,82.633055557,11.804722222999997,0.9263636359999999,76.54825779957254,0.0,88.0,0.89,0.20170454545454544,19.9438202247191,0.9263636360000002,False,offpeak,2022-07-05 11:00:00,11,1,False,2022-07-05,0.258819045102521,-0.9659258262890682,0.7818314824680298,0.6234898018587336,0,0,2,86,0.21875,90.999999996,0.20170454545454544,80.340555555,0.19696969696969696,79.31388888800001,0.23011363636363635,99.55361111299999,0.2111742424242424,87.894722223,0.20580808080808086,0.011455332898752776,0.2350457702020202,True
396,107,15.666666666666666,68.074999998,9.724999997,0.9263636359999999,63.06220451884728,0.0,88.0,0.89,0.178030303030303,17.602996254681646,0.9263636360000002,False,offpeak,2022-07-05 12:00:00,12,1,False,2022-07-05,1.2246467991473532e-16,-1.0,0.7818314824680298,0.6234898018587336,0,0,2,86,0.20170454545454544,82.633055557,0.21875,90.999999996,0.20170454545454544,80.340555555,0.21306818181818182,89.6175,0.20643939393939395,85.351388888,0.20738636363636367,0.009841197770278006,0.23386205808080807,True
397,107,14.583333333333334,60.091111112,8.584444446000001,0.9263636359999999,55.66622018099232,0.0,88.0,0.89,0.165719696969697,16.38576779026217,0.9263636359999999,False,offpeak,2022-07-05 13:00:00,13,1,False,2022-07-05,-0.2588190451025208,-0.9659258262890683,0.7818314824680298,0.6234898018587336,0,0,2,86,0.178030303030303,68.074999998,0.20170454545454544,82.633055557,0.21875,90.999999996,0.1903409090909091,75.64277778,0.19696969696969696,79.712500001,0.19949494949494953,0.02044957618275955,0.23240214646464644,True
398,107,14.833333333333334,62.027777778,8.861111111,0.9263636359999999,57.46027775542808,0.0,88.0,0.89,0.16856060606060608,16.666666666666668,0.9263636359999999,False,offpeak,2022-07-05 14:00:00,14,1,False,2022-07-05,-0.4999999999999997,-0.8660254037844388,0.7818314824680298,0.6234898018587336,0,0,2,86,0.165719696969697,60.091111112,0.178030303030303,68.074999998,0.20170454545454544,82.633055557,0.18939393939393942,74.680277775,0.17708333333333334,66.101388888,0.18181818181818188,0.018289022647564185,0.23137626262626262,True
399,107,11.916666666666666,41.222222222,5.888888889000001,0.9263636359999999,38.18676766157192,0.0,88.0,0.89,0.13541666666666666,13.389513108614231,0.926363636,False,offpeak,2022-07-05 15:00:00,15,1,False,2022-07-05,-0.7071067811865471,-0.7071067811865479,0.7818314824680298,0.6234898018587336,0,0,2,86,0.16856060606060608,62.027777778,0.165719696969697,60.091111112,0.178030303030303,68.074999998,0.18560606060606058,72.329444444,0.16287878787878787,58.51611111300001,0.17077020202020207,0.006445889474955606,0.23050820707070704,True
400,107,11.416666666666666,38.291944445,5.470277779000001,0.9263636359999999,35.47226488558021,0.0,88.0,0.89,0.12973484848484848,12.827715355805243,0.9263636360000003,False,offpeak,2022-07-05 16:00:00,16,1,False,2022-07-05,-0.8660254037844385,-0.5000000000000004,0.7818314824680298,0.6234898018587336,0,0,2,86,0.13541666666666666,41.222222222,0.16856060606060608,62.027777778,0.165719696969697,60.091111112,0.19318181818181818,76.77250000400001,0.15625,54.25972222400001,0.1565656565656566,0.018370561271402915,0.2284169823232323,True
401,107,10.75,32.868888886,4.695555553,0.9263636359999999,30.44854341971495,0.0,88.0,0.89,0.12215909090909091,12.078651685393258,0.926363636,False,offpeak,2022-07-05 17:00:00,17,1,False,2022-07-05,-0.9659258262890683,-0.25881904510252063,0.7818314824680298,0.6234898018587336,0,0,2,86,0.12973484848484848,38.291944445,0.13541666666666666,41.222222222,0.16856060606060608,62.027777778,0.18181818181818182,70.20222221899999,0.15625,54.255833335000005,0.1445707070707071,0.02096919656596208,0.2257733585858586,True
402,107,13.166666666666666,49.97611110999999,7.139444443999999,0.9263636359999999,46.29605200099959,0.0,88.0,0.89,0.14962121212121213,14.794007490636703,0.926363636,False,offpeak,2022-07-05 18:00:00,18,1,False,2022-07-05,-1.0,-1.8369701987210297e-16,0.7818314824680298,0.6234898018587336,0,0,2,86,0.12215909090909091,32.868888886,0.12973484848484848,38.291944445,0.13541666666666666,41.222222222,0.20833333333333331,81.796944443,0.17234848484848483,63.801111111,0.1291035353535354,0.006651296561142238,0.22328756313131312,True
403,107,13.25,50.56722222,7.223888887,0.9263636359999999,46.84363583813919,0.0,88.0,0.89,0.15056818181818182,14.887640449438202,0.926363636,False,offpeak,2022-07-05 19:00:00,19,1,False,2022-07-05,-0.9659258262890684,0.2588190451025203,0.7818314824680298,0.6234898018587336,0,0,2,86,0.14962121212121213,49.97611110999999,0.12215909090909091,32.868888886,0.12973484848484848,38.291944445,0.25,107.94388888799999,0.178030303030303,66.496111109,0.1338383838383839,0.01418348607238605,0.22084122474747472,True
404,107,14.0,56.00000000400001,8.000000004,0.9263636359999999,51.87636361970546,0.0,88.0,0.89,0.1590909090909091,15.730337078651685,0.9263636359999999,False,offpeak,2022-07-05 20:00:00,20,1,False,2022-07-05,-0.8660254037844386,0.5000000000000001,0.7818314824680298,0.6234898018587336,0,0,2,86,0.15056818181818182,50.56722222,0.14962121212121213,49.97611110999999,0.12215909090909091,32.868888886,0.23863636363636365,104.387500003,0.19128787878787878,75.288888887,0.14078282828282832,0.016135578180721588,0.21669823232323235,True
405,107,13.75,53.095000001,7.585000001000001,0.9263636359999999,49.18527725434636,0.0,88.0,0.89,0.15625,15.44943820224719,0.9263636359999999,False,offpeak,2022-07-05 21:00:00,21,1,False,2022-07-05,-0.7071067811865477,0.7071067811865474,0.7818314824680298,0.6234898018587336,0,0,2,86,0.1590909090909091,56.00000000400001,0.15056818181818182,50.56722222,0.14962121212121213,49.97611110999999,0.23768939393939395,104.233888889,0.2140151515151515,89.84499999900001,0.15309343434343436,0.00521550241220112,0.21338383838383837,True
406,107,14.0,56.00000000400001,8.000000004,0.9263636359999999,51.87636361970546,0.0,88.0,0.89,0.1590909090909091,15.730337078651685,0.9263636359999999,False,offpeak,2022-07-05 22:00:00,22,1,False,2022-07-05,-0.5000000000000004,0.8660254037844384,0.7818314824680298,0.6234898018587336,0,0,2,86,0.15625,53.095000001,0.1590909090909091,56.00000000400001,0.15056818181818182,50.56722222,0.2471590909090909,110.06722221999999,0.22443181818181818,96.621388888,0.15530303030303036,0.004339560317191184,0.20999053030303028,True
407,107,14.0,56.00000000400001,8.000000004,0.9263636359999999,51.87636361970546,0.0,88.0,0.89,0.1590909090909091,15.730337078651685,0.9263636359999999,False,offpeak,2022-07-05 23:00:00,23,1,False,2022-07-05,-0.25881904510252157,0.9659258262890681,0.7818314824680298,0.6234898018587336,0,0,2,86,0.1590909090909091,56.00000000400001,0.15625,53.095000001,0.1590909090909091,56.00000000400001,0.25757575757575757,116.47027777900001,0.21875,92.751944442,0.15814393939393942,0.0016401996283751028,0.2063210227272727,True
408,107,14.0,57.16861111400001,8.166944447,0.9263636359999999,52.95892245663506,0.0,88.0,0.89,0.1590909090909091,15.730337078651685,0.926363636,False,offpeak,2022-07-06 00:00:00,0,2,False,2022-07-06,0.0,1.0,0.9749279121818236,-0.22252093395631434,0,0,2,86,0.1590909090909091,56.00000000400001,0.1590909090909091,56.00000000400001,0.15625,53.095000001,0.28030303030303033,119.000000004,0.2159090909090909,90.999999996,0.15814393939393942,0.0016401996283751028,0.20221748737373735,True
409,107,14.0,56.00000000400001,8.000000004,0.9263636359999999,51.87636361970546,0.0,88.0,0.89,0.1590909090909091,15.730337078651685,0.9263636359999999,False,offpeak,2022-07-06 01:00:00,1,2,False,2022-07-06,0.25881904510252074,0.9659258262890683,0.9749279121818236,-0.22252093395631434,0,0,2,86,0.1590909090909091,57.16861111400001,0.1590909090909091,56.00000000400001,0.1590909090909091,56.00000000400001,0.2840909090909091,119.000000004,0.2159090909090909,90.999999996,0.1590909090909091,0.0,0.1971669823232323,True
410,107,14.0,56.00000000400001,8.000000004,0.9263636359999999,51.87636361970546,0.0,88.0,0.89,0.1590909090909091,15.730337078651685,0.9263636359999999,False,offpeak,2022-07-06 02:00:00,2,2,False,2022-07-06,0.49999999999999994,0.8660254037844387,0.9749279121818236,-0.22252093395631434,0,0,2,86,0.1590909090909091,56.00000000400001,0.1590909090909091,57.16861111400001,0.1590909090909091,56.00000000400001,0.2774621212121212,119.000000004,0.2159090909090909,90.999999996,0.1590909090909091,0.0,0.19195864898989898,True
411,107,14.0,56.00000000400001,8.000000004,0.9263636359999999,51.87636361970546,0.0,88.0,0.89,0.1590909090909091,15.730337078651685,0.9263636359999999,False,offpeak,2022-07-06 03:00:00,3,2,False,2022-07-06,0.7071067811865476,0.7071067811865476,0.9749279121818236,-0.22252093395631434,0,0,2,86,0.1590909090909091,56.00000000400001,0.1590909090909091,56.00000000400001,0.1590909090909091,57.16861111400001,0.2727272727272727,119.000000004,0.22727272727272727,97.799722226,0.1590909090909091,0.0,0.18702651515151514,True
412,107,14.0,56.00000000400001,8.000000004,0.9263636359999999,51.87636361970546,0.0,88.0,0.89,0.1590909090909091,15.730337078651685,0.9263636359999999,False,offpeak,2022-07-06 04:00:00,4,2,False,2022-07-06,0.8660254037844386,0.5000000000000001,0.9749279121818236,-0.22252093395631434,0,0,2,86,0.1590909090909091,56.00000000400001,0.1590909090909091,56.00000000400001,0.1590909090909091,56.00000000400001,0.2793560606060606,122.900555555,0.22727272727272727,98.000000004,0.1590909090909091,0.0,0.18229166666666666,True
413,107,14.0,56.00000000400001,8.000000004,0.9263636359999999,51.87636361970546,0.0,88.0,0.89,0.1590909090909091,15.730337078651685,0.9263636359999999,False,offpeak,2022-07-06 05:00:00,5,2,False,2022-07-06,0.9659258262890683,0.25881904510252074,0.9749279121818236,-0.22252093395631434,0,0,2,86,0.1590909090909091,56.00000000400001,0.1590909090909091,56.00000000400001,0.1590909090909091,56.00000000400001,0.2840909090909091,126.0,0.22727272727272727,98.000000004,0.1590909090909091,0.0,0.1772806186868687,True
414,107,15.0,56.00000000400001,8.000000004,0.9263636359999999,51.87636361970546,0.0,88.0,0.89,0.17045454545454544,16.853932584269664,0.9263636359999999,False,offpeak,2022-07-06 06:00:00,6,2,False,2022-07-06,1.0,6.123233995736766e-17,0.9749279121818236,-0.22252093395631434,0,0,2,86,0.1590909090909091,56.00000000400001,0.1590909090909091,56.00000000400001,0.1590909090909091,56.00000000400001,0.28219696969696967,125.023888887,0.22727272727272727,98.000000004,0.1590909090909091,0.0,0.17207228535353536,True
415,107,14.083333333333334,53.085277778,7.583611111999999,0.9263636359999999,49.17627094049808,0.0,88.0,0.89,0.16003787878787878,15.823970037453185,0.9263636359999999,False,offpeak,2022-07-06 07:00:00,7,2,False,2022-07-06,0.9659258262890683,-0.25881904510252063,0.9749279121818236,-0.22252093395631434,0,0,2,86,0.17045454545454544,56.00000000400001,0.1590909090909091,56.00000000400001,0.1590909090909091,56.00000000400001,0.24053030303030304,106.526388891,0.21685606060606058,91.94694444299999,0.16287878787878793,0.006560798513517486,0.167416351010101,True
416,107,12.083333333333334,41.96500000100001,5.995000002000001,0.9263636359999999,38.874849985666366,0.0,88.0,0.89,0.13731060606060608,13.57677902621723,0.9263636359999999,False,offpeak,2022-07-06 08:00:00,8,2,False,2022-07-06,0.8660254037844387,-0.4999999999999998,0.9749279121818236,-0.22252093395631434,0,0,2,86,0.16003787878787878,53.085277778,0.17045454545454544,56.00000000400001,0.1590909090909091,56.00000000400001,0.19696969696969696,79.31388888800001,0.19886363636363635,78.168611113,0.16319444444444448,0.006305234960680226,0.1640625,True
417,107,11.166666666666666,35.805000004,5.115000004,0.9263636359999999,33.16844999068546,0.0,88.0,0.89,0.1268939393939394,12.546816479400748,0.9263636360000002,False,offpeak,2022-07-06 09:00:00,9,2,False,2022-07-06,0.7071067811865476,-0.7071067811865475,0.9749279121818236,-0.22252093395631434,0,0,2,86,0.13731060606060608,41.96500000100001,0.16003787878787878,53.085277778,0.17045454545454544,56.00000000400001,0.20170454545454544,80.340555555,0.20549242424242423,83.78999999799998,0.15593434343434345,0.016948729493255592,0.16157670454545453,True
418,107,12.166666666666666,43.74611111,6.249444444,0.9263636359999999,40.5248065487196,0.0,88.0,0.89,0.13825757575757575,13.670411985018726,0.9263636360000002,False,offpeak,2022-07-06 10:00:00,10,2,False,2022-07-06,0.49999999999999994,-0.8660254037844387,0.9749279121818236,-0.22252093395631434,0,0,2,86,0.1268939393939394,35.805000004,0.13731060606060608,41.96500000100001,0.16003787878787878,53.085277778,0.21875,90.999999996,0.19128787878787878,73.68083333599999,0.14141414141414146,0.016948729493255456,0.15845959595959594,True
419,107,12.166666666666666,43.353333332999995,6.193333333,0.9263636359999999,40.16095149907789,0.0,88.0,0.89,0.13825757575757575,13.670411985018726,0.9263636360000004,False,offpeak,2022-07-06 11:00:00,11,2,False,2022-07-06,0.258819045102521,-0.9659258262890682,0.9749279121818236,-0.22252093395631434,0,0,2,86,0.13825757575757575,43.74611111,0.1268939393939394,35.805000004,0.13731060606060608,41.96500000100001,0.20170454545454544,82.633055557,0.16666666666666666,80.14944444700001,0.13415404040404044,0.006305234960679418,0.15510574494949494,True
420,107,11.5,38.501944445999996,5.500277779999999,0.9263636359999999,35.66680125006657,0.0,88.0,0.89,0.13068181818181818,12.92134831460674,0.9263636360000002,False,offpeak,2022-07-06 12:00:00,12,2,False,2022-07-06,1.2246467991473532e-16,-1.0,0.9749279121818236,-0.22252093395631434,0,0,2,86,0.13825757575757575,43.353333332999995,0.13825757575757575,43.74611111,0.1268939393939394,35.805000004,0.178030303030303,68.074999998,0.16856060606060608,114.81777778,0.134469696969697,0.006560798513516725,0.15246212121212122,True
421,107,12.0,41.408888888,5.915555556,0.9263636359999999,38.359688873007684,0.0,88.0,0.89,0.13636363636363635,13.48314606741573,0.9263636360000002,False,offpeak,2022-07-06 13:00:00,13,2,False,2022-07-06,-0.2588190451025208,-0.9659258262890683,0.9749279121818236,-0.22252093395631434,0,0,2,86,0.13068181818181818,38.501944445999996,0.13825757575757575,43.353333332999995,0.13825757575757575,43.74611111,0.165719696969697,60.091111112,0.1581439393939394,108.793888888,0.13573232323232326,0.004373865675676418,0.15048926767676768,True
422,107,11.833333333333334,38.686666668,5.526666668000001,0.9263636359999999,35.83792119928849,0.0,88.0,0.89,0.134469696969697,13.295880149812735,0.926363636,False,offpeak,2022-07-06 14:00:00,14,2,False,2022-07-06,-0.4999999999999997,-0.8660254037844388,0.9749279121818236,-0.22252093395631434,0,0,2,86,0.13636363636363635,41.408888888,0.13068181818181818,38.501944445999996,0.13825757575757575,43.353333332999995,0.16856060606060608,62.027777778,0.15625,106.878611113,0.13510101010101014,0.003942549241410247,0.14926609848484848,True
423,107,11.916666666666666,40.063333334,5.723333333999999,0.9263636359999999,37.11321513756425,0.0,88.0,0.89,0.13541666666666666,13.389513108614231,0.9263636360000002,False,offpeak,2022-07-06 15:00:00,15,2,False,2022-07-06,-0.7071067811865471,-0.7071067811865479,0.9749279121818236,-0.22252093395631434,0,0,2,86,0.134469696969697,38.686666668,0.13636363636363635,41.408888888,0.13068181818181818,38.501944445999996,0.13541666666666666,41.222222222,0.18371212121212122,123.22749998699999,0.13383838383838387,0.002893040211457999,0.14784564393939395,True
424,107,14.583333333333334,59.282222222,8.468888887999999,0.9263636359999999,54.91689492773193,0.0,88.0,0.89,0.165719696969697,16.38576779026217,0.9263636360000002,False,offpeak,2022-07-06 16:00:00,16,2,False,2022-07-06,-0.8660254037844385,-0.5000000000000004,0.9749279121818236,-0.22252093395631434,0,0,2,86,0.13541666666666666,40.063333334,0.134469696969697,38.686666668,0.13636363636363635,41.408888888,0.12973484848484848,38.291944445,0.20454545454545456,94.38250000299999,0.1354166666666667,0.000946969696957743,0.14784564393939395,True
425,107,15.833333333333334,68.584444446,9.797777778999999,0.9263636359999999,63.53413533003656,0.0,88.0,0.89,0.17992424242424243,17.790262172284645,0.9263636359999998,False,offpeak,2022-07-06 17:00:00,17,2,False,2022-07-06,-0.9659258262890683,-0.25881904510252063,0.9749279121818236,-0.22252093395631434,0,0,2,86,0.165719696969697,59.282222222,0.13541666666666666,40.063333334,0.134469696969697,38.686666668,0.12215909090909091,32.868888886,0.20833333333333331,82.436666667,0.14520202020202025,0.017775136648106933,0.14934501262626262,True
426,107,16.416666666666668,72.914722223,10.416388888999998,0.9263636359999999,67.5455471964283,0.0,88.0,0.89,0.1865530303030303,18.44569288389513,0.9263636360000003,False,offpeak,2022-07-06 18:00:00,18,2,False,2022-07-06,-1.0,-1.8369701987210297e-16,0.9749279121818236,-0.22252093395631434,0,0,2,86,0.17992424242424243,68.584444446,0.165719696969697,59.282222222,0.13541666666666666,40.063333334,0.14962121212121213,49.97611110999999,0.19318181818181818,77.000000004,0.1603535353535354,0.022733847954584153,0.15175189393939395,True
427,107,18.416666666666668,86.422777776,12.346111107999999,0.9263636359999999,80.05891865379535,0.0,88.0,0.89,0.20928030303030304,20.692883895131086,0.9263636359999998,False,offpeak,2022-07-06 19:00:00,19,2,False,2022-07-06,-0.9659258262890684,0.2588190451025203,0.9749279121818236,-0.22252093395631434,0,0,2,86,0.1865530303030303,72.914722223,0.17992424242424243,68.584444446,0.165719696969697,59.282222222,0.15056818181818182,50.56722222,0.20454545454545456,83.8075,0.17739898989898994,0.010643759659145848,0.1532907196969697,True
428,107,20.333333333333332,99.97166666999999,14.28166667,0.9263636359999999,92.6101166334012,0.0,88.0,0.89,0.23106060606060605,22.84644194756554,0.926363636,False,offpeak,2022-07-06 20:00:00,20,2,False,2022-07-06,-0.8660254037844386,0.5000000000000001,0.9749279121818236,-0.22252093395631434,0,0,2,86,0.20928030303030304,86.422777776,0.1865530303030303,72.914722223,0.17992424242424243,68.584444446,0.1590909090909091,56.00000000400001,0.22064393939393942,93.955555554,0.19191919191919196,0.015396146967496499,0.1557370580808081,True
429,107,22.75,117.06333333500001,16.723333335,0.9263636359999999,108.44321511049061,0.0,88.0,0.89,0.2585227272727273,25.56179775280899,0.9263636359999999,False,offpeak,2022-07-06 21:00:00,21,2,False,2022-07-06,-0.7071067811865477,0.7071067811865474,0.9749279121818236,-0.22252093395631434,0,0,2,86,0.23106060606060605,99.97166666999999,0.20928030303030304,86.422777776,0.1865530303030303,72.914722223,0.15625,53.095000001,0.24431818181818182,108.31138888699999,0.2089646464646465,0.022255466839737954,0.15873579545454544,True
430,107,23.833333333333332,124.646666664,17.806666667000002,0.9263636359999999,115.46813934614303,0.0,88.0,0.89,0.2708333333333333,26.779026217228463,0.926363636,False,offpeak,2022-07-06 22:00:00,22,2,False,2022-07-06,-0.5000000000000004,0.8660254037844384,0.9749279121818236,-0.22252093395631434,0,0,2,86,0.2585227272727273,117.06333333500001,0.23106060606060605,99.97166666999999,0.20928030303030304,86.422777776,0.1590909090909091,56.00000000400001,0.26704545454545453,122.113055557,0.2329545454545455,0.024675784509082532,0.1629971590909091,True
431,107,24.0,126.0,18.0,0.9263636359999999,116.72181813600001,0.0,88.0,0.89,0.2727272727272727,26.96629213483146,0.926363636,False,offpeak,2022-07-06 23:00:00,23,2,False,2022-07-06,-0.25881904510252157,0.9659258262890681,0.9749279121818236,-0.22252093395631434,0,0,2,86,0.2708333333333333,124.646666664,0.2585227272727273,117.06333333500001,0.23106060606060605,99.97166666999999,0.1590909090909091,56.00000000400001,0.27367424242424243,126.0,0.25347222222222227,0.020361683614735664,0.16765309343434343,True
432,107,24.75,131.07111108,18.724444442,0.9263636359999999,121.41951103462873,0.0,88.0,0.89,0.28125,27.808988764044944,0.9263636360000003,False,offpeak,2022-07-07 00:00:00,0,3,False,2022-07-07,0.0,1.0,0.43388373911755823,-0.900968867902419,0,0,2,86,0.2727272727272727,126.0,0.2708333333333333,124.646666664,0.2585227272727273,117.06333333500001,0.1590909090909091,57.16861111400001,0.27367424242424243,125.59944444,0.2673611111111111,0.0077126210371677925,0.17238794191919193,True
433,107,25.0,132.99999996,18.999999996,0.9263636359999999,123.20636355094548,0.0,88.0,0.89,0.2840909090909091,28.089887640449437,0.9263636360000003,False,offpeak,2022-07-07 01:00:00,1,3,False,2022-07-07,0.25881904510252074,0.9659258262890683,0.43388373911755823,-0.900968867902419,0,0,2,86,0.28125,131.07111108,0.2727272727272727,126.0,0.2708333333333333,124.646666664,0.1590909090909091,56.00000000400001,0.26136363636363635,119.000000004,0.2749368686868687,0.005548736057846132,0.17747790404040406,True
434,107,25.0,132.99999996,18.999999996,0.9263636359999999,123.20636355094548,0.0,88.0,0.89,0.2840909090909091,28.089887640449437,0.9263636360000003,False,offpeak,2022-07-07 02:00:00,2,3,False,2022-07-07,0.49999999999999994,0.8660254037844387,0.43388373911755823,-0.900968867902419,0,0,2,86,0.2840909090909091,132.99999996,0.28125,131.07111108,0.2727272727272727,126.0,0.1590909090909091,56.00000000400001,0.26136363636363635,119.000000004,0.2793560606060606,0.005913823862122674,0.18268623737373738,True
435,107,25.0,132.99999996,18.999999996,0.9263636359999999,123.20636355094548,0.0,88.0,0.89,0.2840909090909091,28.089887640449437,0.9263636360000003,False,offpeak,2022-07-07 03:00:00,3,3,False,2022-07-07,0.7071067811865476,0.7071067811865476,0.43388373911755823,-0.900968867902419,0,0,2,86,0.2840909090909091,132.99999996,0.2840909090909091,132.99999996,0.28125,131.07111108,0.1590909090909091,56.00000000400001,0.26136363636363635,119.000000004,0.2831439393939394,0.0016401996283907172,0.18789457070707072,True
436,107,24.5,129.68861109,18.526944441999998,0.9263636359999999,120.13881331712233,0.0,88.0,0.89,0.2784090909090909,27.528089887640448,0.926363636,False,offpeak,2022-07-07 04:00:00,4,3,False,2022-07-07,0.8660254037844386,0.5000000000000001,0.43388373911755823,-0.900968867902419,0,0,2,86,0.2840909090909091,132.99999996,0.2840909090909091,132.99999996,0.2840909090909091,132.99999996,0.1590909090909091,56.00000000400001,0.26136363636363635,119.000000004,0.2840909090909091,0.0,0.19310290404040406,True
437,107,24.0,126.0,18.0,0.9263636359999999,116.72181813600001,0.0,88.0,0.89,0.2727272727272727,26.96629213483146,0.926363636,False,offpeak,2022-07-07 05:00:00,5,3,False,2022-07-07,0.9659258262890683,0.25881904510252074,0.43388373911755823,-0.900968867902419,0,0,2,86,0.2784090909090909,129.68861109,0.2840909090909091,132.99999996,0.2840909090909091,132.99999996,0.1590909090909091,56.00000000400001,0.26136363636363635,119.000000004,0.2821969696969697,0.0032803992567647725,0.19807449494949494,True
438,107,24.0,126.0,18.0,0.9263636359999999,116.72181813600001,0.0,88.0,0.89,0.2727272727272727,26.96629213483146,0.926363636,False,offpeak,2022-07-07 06:00:00,6,3,False,2022-07-07,1.0,6.123233995736766e-17,0.43388373911755823,-0.900968867902419,0,0,2,86,0.2727272727272727,126.0,0.2784090909090909,129.68861109,0.2840909090909091,132.99999996,0.17045454545454544,56.00000000400001,0.26420454545454547,120.565277783,0.2784090909090909,0.005681818181821306,0.20280934343434343,True
439,107,21.833333333333332,112.16527777600001,16.023611112,0.9263636359999999,103.90583455352534,0.0,88.0,0.89,0.24810606060606058,24.531835205992508,0.9263636359999998,False,offpeak,2022-07-07 07:00:00,7,3,False,2022-07-07,0.9659258262890683,-0.25881904510252063,0.43388373911755823,-0.900968867902419,0,0,2,86,0.2727272727272727,126.0,0.2727272727272727,126.0,0.2784090909090909,129.68861109,0.16003787878787878,53.085277778,0.26515151515151514,122.457222222,0.2746212121212121,0.0032803992567644546,0.20707070707070707,True
440,107,16.25,68.903333334,9.843333333,0.9263636359999999,63.829542399804254,0.0,88.0,0.89,0.1846590909090909,18.258426966292134,0.9263636360000003,False,offpeak,2022-07-07 08:00:00,8,3,False,2022-07-07,0.8660254037844387,-0.4999999999999998,0.43388373911755823,-0.900968867902419,0,0,2,86,0.24810606060606058,112.16527777600001,0.2727272727272727,126.0,0.2727272727272727,126.0,0.13731060606060608,41.96500000100001,0.24337121212121213,109.05999999900001,0.264520202020202,0.014215063445957781,0.21074021464646464,True
441,107,15.0,61.460000001,8.780000001,0.9263636359999999,56.93430906948638,0.0,88.0,0.89,0.17045454545454544,16.853932584269664,0.9263636360000004,False,offpeak,2022-07-07 09:00:00,9,3,False,2022-07-07,0.7071067811865476,-0.7071067811865475,0.43388373911755823,-0.900968867902419,0,0,2,86,0.1846590909090909,68.903333334,0.24810606060606058,112.16527777600001,0.2727272727272727,126.0,0.1268939393939394,35.805000004,0.268939393939394,116.84944444500002,0.2351641414141414,0.0454381020341709,0.21271306818181815,True
442,107,16.666666666666668,71.950277776,10.278611109,0.9263636359999999,66.65212093178536,0.0,88.0,0.89,0.18939393939393942,18.726591760299627,0.9263636360000002,False,offpeak,2022-07-07 10:00:00,10,3,False,2022-07-07,0.49999999999999994,-0.8660254037844387,0.43388373911755823,-0.900968867902419,0,0,2,86,0.17045454545454544,61.460000001,0.1846590909090909,68.903333334,0.24810606060606058,112.16527777600001,0.13825757575757575,43.74611111,0.268939393939394,121.16416666900001,0.20107323232323235,0.041346190635947064,0.21452809343434343,True
443,107,17.0,74.85138889100001,10.693055556999997,0.9263636359999999,69.33960477271678,0.0,88.0,0.89,0.19318181818181818,19.10112359550562,0.926363636,False,offpeak,2022-07-07 11:00:00,11,3,False,2022-07-07,0.258819045102521,-0.9659258262890682,0.43388373911755823,-0.900968867902419,0,0,2,86,0.18939393939393942,71.950277776,0.17045454545454544,61.460000001,0.1846590909090909,68.903333334,0.13825757575757575,43.353333332999995,0.2585227272727273,116.649166669,0.1815025252525253,0.009856373103532792,0.21665877525252528,True
444,107,15.333333333333334,65.142777777,9.30611111,0.9263636359999999,60.34590048064173,0.0,88.0,0.89,0.17424242424242425,17.228464419475657,0.9263636360000002,False,offpeak,2022-07-07 12:00:00,12,3,False,2022-07-07,1.2246467991473532e-16,-1.0,0.43388373911755823,-0.900968867902419,0,0,2,86,0.19318181818181818,74.85138889100001,0.18939393939393942,71.950277776,0.17045454545454544,61.460000001,0.13068181818181818,38.501944445999996,0.22916666666666669,99.365000003,0.18434343434343436,0.012176326718425457,0.21894728535353536,True
445,107,15.583333333333334,67.269999998,9.609999998,0.9263636359999999,62.316481791867275,0.0,88.0,0.89,0.17708333333333334,17.50936329588015,0.926363636,False,offpeak,2022-07-07 13:00:00,13,3,False,2022-07-07,-0.2588190451025208,-0.9659258262890683,0.43388373911755823,-0.900968867902419,0,0,2,86,0.17424242424242425,65.142777777,0.19318181818181818,74.85138889100001,0.18939393939393942,71.950277776,0.13636363636363635,41.408888888,0.23200757575757577,100.294444446,0.18560606060606064,0.010021785269184073,0.22076231060606058,True
446,107,15.166666666666666,64.166666667,9.166666667,0.9263636359999999,59.44166664364212,0.0,88.0,0.89,0.17234848484848483,17.041198501872657,0.926363636,False,offpeak,2022-07-07 14:00:00,14,3,False,2022-07-07,-0.4999999999999997,-0.8660254037844388,0.43388373911755823,-0.900968867902419,0,0,2,86,0.17708333333333334,67.269999998,0.17424242424242425,65.142777777,0.19318181818181818,74.85138889100001,0.134469696969697,38.686666668,0.23295454545454544,101.501944446,0.18150252525252528,0.010213819247072818,0.22245896464646464,True
447,107,15.0,63.0,9.0,0.9263636359999999,58.360909068000005,0.0,88.0,0.89,0.17045454545454544,16.853932584269664,0.926363636,False,offpeak,2022-07-07 15:00:00,15,3,False,2022-07-07,-0.7071067811865471,-0.7071067811865479,0.43388373911755823,-0.900968867902419,0,0,2,86,0.17234848484848483,64.166666667,0.17708333333333334,67.269999998,0.17424242424242425,65.142777777,0.13541666666666666,40.063333334,0.22727272727272727,97.599444448,0.1745580808080808,0.002383154809112514,0.2240372474747475,True
448,107,13.666666666666666,54.21305555499999,7.744722221999998,0.9263636359999999,50.221003262599794,0.0,88.0,0.89,0.1553030303030303,15.355805243445692,0.9263636360000002,False,offpeak,2022-07-07 16:00:00,16,3,False,2022-07-07,-0.8660254037844385,-0.5000000000000004,0.43388373911755823,-0.900968867902419,0,0,2,86,0.17045454545454544,63.0,0.17234848484848483,64.166666667,0.17708333333333334,67.269999998,0.165719696969697,59.282222222,0.23579545454545456,96.74291666600001,0.17329545454545456,0.003414347798734266,0.22549715909090906,True
449,107,11.833333333333334,40.660277777999994,5.808611111,0.9263636359999999,37.666202763198086,0.0,88.0,0.89,0.134469696969697,13.295880149812735,0.9263636360000003,False,offpeak,2022-07-07 17:00:00,17,3,False,2022-07-07,-0.9659258262890683,-0.25881904510252063,0.43388373911755823,-0.900968867902419,0,0,2,86,0.1553030303030303,54.21305555499999,0.17045454545454544,63.0,0.17234848484848483,64.166666667,0.17992424242424243,68.584444446,0.2140151515151515,81.841666667,0.16603535353535354,0.009342581178628908,0.2250631313131313,True
450,107,13.75,53.866944442999994,7.695277777000001,0.9263636359999999,49.90037851442748,0.0,88.0,0.89,0.15625,15.44943820224719,0.9263636360000002,False,offpeak,2022-07-07 18:00:00,18,3,False,2022-07-07,-1.0,-1.8369701987210297e-16,0.43388373911755823,-0.900968867902419,0,0,2,86,0.134469696969697,40.660277777999994,0.1553030303030303,54.21305555499999,0.17045454545454544,63.0,0.1865530303030303,72.914722223,0.2111742424242424,83.81333333500001,0.15340909090909094,0.018067030329866108,0.2231691919191919,True
451,107,16.666666666666668,74.305000002,10.615000001999999,0.9263636359999999,68.83344997483273,0.0,88.0,0.89,0.18939393939393942,18.726591760299627,0.926363636,False,offpeak,2022-07-07 19:00:00,19,3,False,2022-07-07,-0.9659258262890684,0.2588190451025203,0.43388373911755823,-0.900968867902419,0,0,2,86,0.15625,53.866944442999994,0.134469696969697,40.660277777999994,0.1553030303030303,54.21305555499999,0.20928030303030304,86.422777776,0.21306818181818182,85.75000000200001,0.14867424242424246,0.012310606060605607,0.22190656565656564,True
452,107,17.166666666666668,77.981944448,11.140277781,0.9263636359999999,72.2396376011993,0.0,88.0,0.89,0.1950757575757576,19.288389513108616,0.9263636360000003,False,offpeak,2022-07-07 20:00:00,20,3,False,2022-07-07,-0.8660254037844386,0.5000000000000001,0.43388373911755823,-0.900968867902419,0,0,2,86,0.18939393939393942,74.305000002,0.15625,53.866944442999994,0.134469696969697,40.660277777999994,0.23106060606060605,99.97166666999999,0.21875,90.213472221,0.1600378787878788,0.027657352019905598,0.22107796717171715,True
453,107,17.583333333333332,81.083333334,11.583333334,0.9263636359999999,75.11265148628425,0.0,88.0,0.89,0.19981060606060605,19.756554307116104,0.926363636,False,offpeak,2022-07-07 21:00:00,21,3,False,2022-07-07,-0.7071067811865477,0.7071067811865474,0.43388373911755823,-0.900968867902419,0,0,2,86,0.1950757575757576,77.981944448,0.18939393939393942,74.305000002,0.15625,53.866944442999994,0.2585227272727273,117.06333333500001,0.19602272727272727,78.93277778000001,0.180239898989899,0.0209691965659625,0.2195785984848485,True
454,107,19.916666666666668,96.85083333200001,13.835833332,0.9263636359999999,89.7190901150615,0.0,88.0,0.89,0.2263257575757576,22.378277153558052,0.9263636359999998,False,offpeak,2022-07-07 22:00:00,22,3,False,2022-07-07,-0.5000000000000004,0.8660254037844384,0.43388373911755823,-0.900968867902419,0,0,2,86,0.19981060606060605,81.083333334,0.1950757575757576,77.981944448,0.18939393939393942,74.305000002,0.2708333333333333,124.646666664,0.19886363636363635,80.317222224,0.19476010101010102,0.005215502412202541,0.21713226010101008,True
455,107,21.0,105.0,15.0,0.9263636359999999,97.26818177999999,0.0,88.0,0.89,0.23863636363636365,23.595505617977526,0.9263636359999999,False,offpeak,2022-07-07 23:00:00,23,3,False,2022-07-07,-0.25881904510252157,0.9659258262890681,0.43388373911755823,-0.900968867902419,0,0,2,86,0.2263257575757576,96.85083333200001,0.19981060606060605,81.083333334,0.1950757575757576,77.981944448,0.2727272727272727,126.0,0.19602272727272727,78.930833336,0.2070707070707071,0.0168425777423663,0.21527777777777776,True
456,107,21.75,109.863055555,15.694722222,0.9263636359999999,101.7731396059998,0.0,88.0,0.89,0.2471590909090909,24.43820224719101,0.926363636,False,offpeak,2022-07-08 00:00:00,0,4,False,2022-07-08,0.0,1.0,-0.433883739117558,-0.9009688679024191,0,0,2,86,0.23863636363636365,105.0,0.2263257575757576,96.85083333200001,0.19981060606060605,81.083333334,0.28125,131.07111108,0.20170454545454544,82.065277779,0.22159090909090914,0.019841218598254794,0.21385732323232323,True
457,107,23.0,119.000000004,17.000000004,0.9263636359999999,110.23727268770546,0.0,88.0,0.89,0.26136363636363635,25.84269662921348,0.926363636,False,offpeak,2022-07-08 01:00:00,1,4,False,2022-07-08,0.25881904510252074,0.9659258262890683,-0.433883739117558,-0.9009688679024191,0,0,2,86,0.2471590909090909,109.863055555,0.23863636363636365,105.0,0.2263257575757576,96.85083333200001,0.2840909090909091,132.99999996,0.20454545454545456,84.0,0.23737373737373738,0.010473901529695401,0.2124368686868687,True
458,107,23.0,119.000000004,17.000000004,0.9263636359999999,110.23727268770546,0.0,88.0,0.89,0.26136363636363635,25.84269662921348,0.926363636,False,offpeak,2022-07-08 02:00:00,2,4,False,2022-07-08,0.49999999999999994,0.8660254037844387,-0.433883739117558,-0.9009688679024191,0,0,2,86,0.26136363636363635,119.000000004,0.2471590909090909,109.863055555,0.23863636363636365,105.0,0.2840909090909091,132.99999996,0.19602272727272727,78.92694444700001,0.24905303030303036,0.011481397398657686,0.21148989898989898,True
459,107,23.25,120.555555563,17.222222225,0.9263636359999999,111.6782827913407,0.0,88.0,0.89,0.26420454545454547,26.123595505617978,0.926363636,False,offpeak,2022-07-08 03:00:00,3,4,False,2022-07-08,0.7071067811865476,0.7071067811865476,-0.433883739117558,-0.9009688679024191,0,0,2,86,0.26136363636363635,119.000000004,0.26136363636363635,119.000000004,0.2471590909090909,109.863055555,0.2840909090909091,132.99999996,0.19318181818181818,77.000000004,0.2566287878787879,0.008200998141898688,0.21054292929292928,True
460,107,24.0,126.0,18.0,0.9263636359999999,116.72181813600001,0.0,88.0,0.89,0.2727272727272727,26.96629213483146,0.926363636,False,offpeak,2022-07-08 04:00:00,4,4,False,2022-07-08,0.8660254037844386,0.5000000000000001,-0.433883739117558,-0.9009688679024191,0,0,2,86,0.26420454545454547,120.555555563,0.26136363636363635,119.000000004,0.26136363636363635,119.000000004,0.2784090909090909,129.68861109,0.19318181818181818,77.000000004,0.2623106060606061,0.0016401996283830517,0.2097143308080808,True
461,107,24.0,126.0,18.0,0.9263636359999999,116.72181813600001,0.0,88.0,0.89,0.2727272727272727,26.96629213483146,0.926363636,False,offpeak,2022-07-08 05:00:00,5,4,False,2022-07-08,0.9659258262890683,0.25881904510252074,-0.433883739117558,-0.9009688679024191,0,0,2,86,0.2727272727272727,126.0,0.26420454545454547,120.555555563,0.26136363636363635,119.000000004,0.2727272727272727,126.0,0.19318181818181818,77.000000004,0.26609848484848486,0.005913823862120722,0.20947758838383837,True
462,107,23.166666666666668,120.365000003,17.195000002999997,0.9263636359999999,111.50175904991909,0.0,88.0,0.89,0.26325757575757575,26.02996254681648,0.9263636359999999,False,offpeak,2022-07-08 06:00:00,6,4,False,2022-07-08,1.0,6.123233995736766e-17,-0.433883739117558,-0.9009688679024191,0,0,2,86,0.2727272727272727,126.0,0.2727272727272727,126.0,0.26420454545454547,120.555555563,0.2727272727272727,126.0,0.19318181818181818,77.000000004,0.26988636363636365,0.0049205988851401886,0.20947758838383837,True
463,107,21.166666666666668,107.385833332,15.340833331999999,0.9263636359999999,99.47833102032149,0.0,88.0,0.89,0.24053030303030304,23.782771535580526,0.9263636359999997,False,offpeak,2022-07-08 07:00:00,7,4,False,2022-07-08,0.9659258262890683,-0.25881904510252063,-0.433883739117558,-0.9009688679024191,0,0,2,86,0.26325757575757575,120.365000003,0.2727272727272727,126.0,0.2727272727272727,126.0,0.24810606060606058,112.16527777600001,0.19318181818181818,77.000000004,0.269570707070707,0.005467332094599935,0.2090830176767677,True
464,107,17.333333333333332,79.05916667,11.294166668999997,0.9263636359999999,73.23753709555123,0.0,88.0,0.89,0.19696969696969696,19.47565543071161,0.9263636360000003,False,offpeak,2022-07-08 08:00:00,8,4,False,2022-07-08,0.8660254037844387,-0.4999999999999998,-0.433883739117558,-0.9009688679024191,0,0,2,86,0.24053030303030304,107.385833332,0.26325757575757575,120.365000003,0.2727272727272727,126.0,0.1846590909090909,68.903333334,0.1875,66.865555557,0.2588383838383838,0.016547149522830047,0.20876736111111113,True
465,107,17.333333333333332,79.084444446,11.297777778999999,0.9263636359999999,73.26095350803658,0.0,88.0,0.89,0.19696969696969696,19.47565543071161,0.926363636,False,offpeak,2022-07-08 09:00:00,9,4,False,2022-07-08,0.7071067811865476,-0.7071067811865475,-0.433883739117558,-0.9009688679024191,0,0,2,86,0.19696969696969696,79.05916667,0.24053030303030304,107.385833332,0.26325757575757575,120.365000003,0.17045454545454544,61.460000001,0.20075757575757577,77.59888889000001,0.23358585858585865,0.03368515548473265,0.20928030303030307,True
466,107,17.75,81.874722223,11.808055556,0.9263636359999999,75.84576537498829,0.0,88.0,0.89,0.20170454545454544,19.9438202247191,0.926363636,False,offpeak,2022-07-08 10:00:00,10,4,False,2022-07-08,0.49999999999999994,-0.8660254037844387,-0.433883739117558,-0.9009688679024191,0,0,2,86,0.19696969696969696,79.084444446,0.19696969696969696,79.05916667,0.24053030303030304,107.385833332,0.18939393939393942,71.950277776,0.19128787878787878,74.06,0.211489898989899,0.025149727635154166,0.210385101010101,True
467,107,16.666666666666668,70.96638889,10.638055556,0.9263636359999999,65.74068204593041,0.0,88.0,0.89,0.18939393939393942,18.726591760299627,0.926363636,False,offpeak,2022-07-08 11:00:00,11,4,False,2022-07-08,0.258819045102521,-0.9659258262890682,-0.433883739117558,-0.9009688679024191,0,0,2,86,0.20170454545454544,81.874722223,0.19696969696969696,79.084444446,0.19696969696969696,79.05916667,0.19318181818181818,74.85138889100001,0.17045454545454544,63.0,0.1985479797979798,0.0027336660472988866,0.21089804292929293,True
468,107,18.083333333333332,80.890833332,12.055833332999999,0.9263636359999999,74.93432648450153,0.0,88.0,0.89,0.20549242424242423,20.318352059925093,0.9263636360000002,False,offpeak,2022-07-08 12:00:00,12,4,False,2022-07-08,1.2246467991473532e-16,-1.0,-0.433883739117558,-0.9009688679024191,0,0,2,86,0.18939393939393942,70.96638889,0.20170454545454544,81.874722223,0.19696969696969696,79.084444446,0.17424242424242425,65.142777777,0.165719696969697,60.264166667000005,0.1960227272727273,0.0062096955722554135,0.21074021464646464,True
469,107,17.25,75.62527777700001,11.303611112,0.9263636359999999,70.05650729501173,0.0,88.0,0.89,0.19602272727272727,19.382022471910112,0.926363636,False,offpeak,2022-07-08 13:00:00,13,4,False,2022-07-08,-0.2588190451025208,-0.9659258262890683,-0.433883739117558,-0.9009688679024191,0,0,2,86,0.20549242424242423,80.890833332,0.18939393939393942,70.96638889,0.20170454545454544,81.874722223,0.17708333333333334,67.269999998,0.16761363636363635,60.697777779000006,0.19886363636363638,0.008416850773972924,0.21204229797979798,True
470,107,17.083333333333332,73.706111111,11.029444446,0.9263636359999999,68.27866108420596,0.0,88.0,0.89,0.19412878787878787,19.194756554307116,0.926363636,False,offpeak,2022-07-08 14:00:00,14,4,False,2022-07-08,-0.4999999999999997,-0.8660254037844388,-0.433883739117558,-0.9009688679024191,0,0,2,86,0.19602272727272727,75.62527777700001,0.20549242424242423,80.890833332,0.18939393939393942,70.96638889,0.17234848484848483,64.166666667,0.1875,71.35333333099999,0.19696969696969702,0.0080909126376111,0.21283143939393942,True
471,107,16.5,72.90499999599999,10.553333331000003,0.9263636359999999,67.53654087887456,0.0,88.0,0.89,0.1875,18.53932584269663,0.9263636360000004,False,offpeak,2022-07-08 15:00:00,15,4,False,2022-07-08,-0.7071067811865471,-0.7071067811865479,-0.433883739117558,-0.9009688679024191,0,0,2,86,0.19412878787878787,73.706111111,0.19602272727272727,75.62527777700001,0.20549242424242423,80.890833332,0.17045454545454544,63.0,0.18560606060606058,71.16472221999999,0.1985479797979798,0.006088163359212508,0.21373895202020202,True
472,107,16.583333333333332,71.68777777599999,10.241111109,0.9263636359999999,66.40895047733537,0.0,88.0,0.89,0.1884469696969697,18.632958801498127,0.9263636360000003,False,offpeak,2022-07-08 16:00:00,16,4,False,2022-07-08,-0.8660254037844385,-0.5000000000000004,-0.433883739117558,-0.9009688679024191,0,0,2,86,0.1875,72.90499999599999,0.19412878787878787,73.706111111,0.19602272727272727,75.62527777700001,0.1553030303030303,54.21305555499999,0.17897727272727273,69.01999999699999,0.19255050505050508,0.004475204191526658,0.2144491792929293,True
473,107,14.75,60.466388890000005,8.638055557000001,0.9263636359999999,56.013863867930404,0.0,88.0,0.89,0.16761363636363635,16.573033707865168,0.9263636359999999,False,offpeak,2022-07-08 17:00:00,17,4,False,2022-07-08,-0.9659258262890683,-0.25881904510252063,-0.433883739117558,-0.9009688679024191,0,0,2,86,0.1884469696969697,71.68777777599999,0.1875,72.90499999599999,0.19412878787878787,73.706111111,0.134469696969697,40.660277777999994,0.14015151515151517,44.348888888,0.1900252525252525,0.0035851694102268204,0.2158301767676768,True
474,107,13.833333333333334,54.636944445000005,7.805277779000002,0.9263636359999999,50.613678516000206,0.0,88.0,0.89,0.1571969696969697,15.54307116104869,0.926363636,False,offpeak,2022-07-08 18:00:00,18,4,False,2022-07-08,-1.0,-1.8369701987210297e-16,-0.433883739117558,-0.9009688679024191,0,0,2,86,0.16761363636363635,60.466388890000005,0.1884469696969697,71.68777777599999,0.1875,72.90499999599999,0.15625,53.866944442999994,0.14962121212121213,49.783611111,0.18118686868686873,0.011764296182818029,0.21721117424242423,True
475,107,14.583333333333334,60.27388889000001,8.610555557000001,0.9263636359999999,55.8355388680004,0.0,88.0,0.89,0.165719696969697,16.38576779026217,0.9263636359999997,False,offpeak,2022-07-08 19:00:00,19,4,False,2022-07-08,-0.9659258262890684,0.2588190451025203,-0.433883739117558,-0.9009688679024191,0,0,2,86,0.1571969696969697,54.636944445000005,0.16761363636363635,60.466388890000005,0.1884469696969697,71.68777777599999,0.18939393939393942,74.305000002,0.1581439393939394,55.597500004000004,0.1710858585858586,0.015911721163040796,0.2172506313131313,True
476,107,17.583333333333332,77.91,11.129999999999999,0.9263636359999999,72.17299088076001,0.0,88.0,0.89,0.19981060606060605,19.756554307116104,0.9263636360000002,False,offpeak,2022-07-08 20:00:00,20,4,False,2022-07-08,-0.8660254037844386,0.5000000000000001,-0.433883739117558,-0.9009688679024191,0,0,2,86,0.165719696969697,60.27388889000001,0.1571969696969697,54.636944445000005,0.16761363636363635,60.466388890000005,0.1950757575757576,77.981944448,0.14488636363636365,47.255833331,0.16351010101010102,0.005548736057841985,0.21626420454545456,True
477,107,18.0,82.63888888999999,11.805555556,0.9263636359999999,76.55366158714041,0.0,88.0,0.89,0.20454545454545456,20.224719101123597,0.9263636360000002,False,offpeak,2022-07-08 21:00:00,21,4,False,2022-07-08,-0.7071067811865477,0.7071067811865474,-0.433883739117558,-0.9009688679024191,0,0,2,86,0.19981060606060605,77.91,0.165719696969697,60.27388889000001,0.1571969696969697,54.636944445000005,0.19981060606060605,81.083333334,0.14393939393939392,46.85722222,0.17424242424242428,0.02254901685566391,0.21646148989898992,True
478,107,18.5,87.503888887,12.500555554000002,0.9263636359999999,81.0604206735013,0.0,88.0,0.89,0.21022727272727273,20.786516853932582,0.9263636359999998,False,offpeak,2022-07-08 22:00:00,22,4,False,2022-07-08,-0.5000000000000004,0.8660254037844384,-0.433883739117558,-0.9009688679024191,0,0,2,86,0.20454545454545456,82.63888888999999,0.19981060606060605,77.91,0.165719696969697,60.27388889000001,0.2263257575757576,96.85083333200001,0.16098484848484848,49.785555555,0.1900252525252525,0.021181943269958994,0.21665877525252528,True
479,107,18.75,89.43472221900001,12.776388886,0.9263636359999999,82.84907445944285,0.0,88.0,0.89,0.21306818181818182,21.06741573033708,0.9263636360000002,False,offpeak,2022-07-08 23:00:00,23,4,False,2022-07-08,-0.25881904510252157,0.9659258262890681,-0.433883739117558,-0.9009688679024191,0,0,2,86,0.21022727272727273,87.503888887,0.20454545454545456,82.63888888999999,0.19981060606060605,77.91,0.23863636363636365,105.0,0.16477272727272727,56.00000000400001,0.20486111111111113,0.00521550241220272,0.21598800505050506,True
480,107,18.333333333333332,84.0,12.0,0.9263636359999999,77.81454542400002,0.0,88.0,0.89,0.20833333333333331,20.599250936329586,0.9263636360000002,False,offpeak,2022-07-09 00:00:00,0,5,True,2022-07-09,0.0,1.0,-0.9749279121818236,-0.2225209339563146,0,0,2,86,0.21306818181818182,89.43472221900001,0.21022727272727273,87.503888887,0.20454545454545456,82.63888888999999,0.2471590909090909,109.863055555,0.1590909090909091,56.00000000400001,0.20928030303030307,0.00433956031719312,0.21492266414141414,True
481,107,18.166666666666668,84.0,12.0,0.9263636359999999,77.81454542400002,0.0,88.0,0.89,0.20643939393939395,20.411985018726593,0.9263636360000002,False,offpeak,2022-07-09 01:00:00,1,5,True,2022-07-09,0.25881904510252074,0.9659258262890683,-0.9749279121818236,-0.2225209339563146,0,0,2,86,0.20833333333333331,84.0,0.21306818181818182,89.43472221900001,0.21022727272727273,87.503888887,0.26136363636363635,119.000000004,0.1581439393939394,55.597500004000004,0.2105429292929293,0.0023831548091134856,0.21330492424242423,True
482,107,18.0,84.0,12.0,0.9263636359999999,77.81454542400002,0.0,88.0,0.89,0.20454545454545456,20.224719101123597,0.9263636360000002,False,offpeak,2022-07-09 02:00:00,2,5,True,2022-07-09,0.49999999999999994,0.8660254037844387,-0.9749279121818236,-0.2225209339563146,0,0,2,86,0.20643939393939395,84.0,0.20833333333333331,84.0,0.21306818181818182,89.43472221900001,0.26136363636363635,119.000000004,0.14772727272727273,48.99999999599999,0.20928030303030307,0.003414347798734948,0.21101641414141414,True
483,107,18.0,84.0,12.0,0.9263636359999999,77.81454542400002,0.0,88.0,0.89,0.20454545454545456,20.224719101123597,0.9263636360000002,False,offpeak,2022-07-09 03:00:00,3,5,True,2022-07-09,0.7071067811865476,0.7071067811865476,-0.9749279121818236,-0.2225209339563146,0,0,2,86,0.20454545454545456,84.0,0.20643939393939395,84.0,0.20833333333333331,84.0,0.26420454545454547,120.555555563,0.14772727272727273,48.99999999599999,0.20643939393939395,0.001893939393939345,0.20864898989898992,True
484,107,18.0,84.0,12.0,0.9263636359999999,77.81454542400002,0.0,88.0,0.89,0.20454545454545456,20.224719101123597,0.9263636360000002,False,offpeak,2022-07-09 04:00:00,4,5,True,2022-07-09,0.8660254037844386,0.5000000000000001,-0.9749279121818236,-0.2225209339563146,0,0,2,86,0.20454545454545456,84.0,0.20454545454545456,84.0,0.20643939393939395,84.0,0.2727272727272727,126.0,0.14772727272727273,48.99999999599999,0.20517676767676774,0.0010934664189194989,0.20616319444444442,True
485,107,18.0,84.0,12.0,0.9263636359999999,77.81454542400002,0.0,88.0,0.89,0.20454545454545456,20.224719101123597,0.9263636360000002,False,offpeak,2022-07-09 05:00:00,5,5,True,2022-07-09,0.9659258262890683,0.25881904510252074,-0.9749279121818236,-0.2225209339563146,0,0,2,86,0.20454545454545456,84.0,0.20454545454545456,84.0,0.20454545454545456,84.0,0.2727272727272727,126.0,0.14772727272727273,48.99999999599999,0.20454545454545456,0.0,0.20332228535353536,True
486,107,17.75,82.438611112,11.776944444999998,0.9263636359999999,76.36813153650233,0.0,88.0,0.89,0.20170454545454544,19.9438202247191,0.926363636,False,offpeak,2022-07-09 06:00:00,6,5,True,2022-07-09,1.0,6.123233995736766e-17,-0.9749279121818236,-0.2225209339563146,0,0,2,86,0.20454545454545456,84.0,0.20454545454545456,84.0,0.20454545454545456,84.0,0.26325757575757575,120.365000003,0.14772727272727273,48.99999999599999,0.20454545454545456,0.0,0.20048137626262627,True
487,107,16.75,75.426944448,10.77527778,0.9263636359999999,69.87277851121931,0.0,88.0,0.89,0.1903409090909091,18.820224719101123,0.9263636360000002,False,offpeak,2022-07-09 07:00:00,7,5,True,2022-07-09,0.9659258262890683,-0.25881904510252063,-0.9749279121818236,-0.2225209339563146,0,0,2,86,0.20170454545454544,82.438611112,0.20454545454545456,84.0,0.20454545454545456,84.0,0.24053030303030304,107.385833332,0.14772727272727273,48.99999999599999,0.20359848484848486,0.001640199628379285,0.19791666666666666,True
488,107,15.5,66.869444442,9.552777776,0.9263636359999999,61.94542169059111,0.0,88.0,0.89,0.17613636363636365,17.415730337078653,0.9263636359999999,False,offpeak,2022-07-09 08:00:00,8,5,True,2022-07-09,0.8660254037844387,-0.4999999999999998,-0.9749279121818236,-0.2225209339563146,0,0,2,86,0.1903409090909091,75.426944448,0.20170454545454544,82.438611112,0.20454545454545456,84.0,0.19696969696969696,79.05916667,0.14772727272727273,48.99999999599999,0.19886363636363638,0.007516338951887851,0.19582544191919193,True
489,107,14.333333333333334,58.33333333600001,8.333333336,0.9263636359999999,54.03787876913697,0.0,88.0,0.89,0.16287878787878787,16.10486891385768,0.9263636359999998,False,offpeak,2022-07-09 09:00:00,9,5,True,2022-07-09,0.7071067811865476,-0.7071067811865475,-0.9749279121818236,-0.2225209339563146,0,0,2,86,0.17613636363636365,66.869444442,0.1903409090909091,75.426944448,0.20170454545454544,82.438611112,0.19696969696969696,79.084444446,0.14109848484848483,45.087777775999996,0.18939393939393942,0.012810368615973861,0.19495738636363635,True
490,107,15.0,56.00000000400001,8.000000004,0.9263636359999999,51.87636361970546,0.0,88.0,0.89,0.17045454545454544,16.853932584269664,0.9263636359999999,False,offpeak,2022-07-09 10:00:00,10,5,True,2022-07-09,0.49999999999999994,-0.8660254037844387,-0.9749279121818236,-0.2225209339563146,0,0,2,86,0.16287878787878787,58.33333333600001,0.17613636363636365,66.869444442,0.1903409090909091,75.426944448,0.20170454545454544,81.874722223,0.13257575757575757,39.861111112,0.17645202020202022,0.013733781513766665,0.19353693181818185,True
491,107,13.666666666666666,50.234722219999995,7.176388886,0.9263636359999999,46.53561992916919,0.0,88.0,0.89,0.1553030303030303,15.355805243445692,0.9263636359999999,False,offpeak,2022-07-09 11:00:00,11,5,True,2022-07-09,0.258819045102521,-0.9659258262890682,-0.9749279121818236,-0.2225209339563146,0,0,2,86,0.17045454545454544,56.00000000400001,0.16287878787878787,58.33333333600001,0.17613636363636365,66.869444442,0.18939393939393942,70.96638889,0.134469696969697,40.578611112000004,0.16982323232323235,0.006651296561143277,0.19223484848484848,True
492,107,14.416666666666666,59.097500002,8.442500002,0.9263636359999999,54.74577498036274,0.0,88.0,0.89,0.16382575757575757,16.198501872659175,0.9263636360000003,False,offpeak,2022-07-09 12:00:00,12,5,True,2022-07-09,1.2246467991473532e-16,-1.0,-0.9749279121818236,-0.2225209339563146,0,0,2,86,0.1553030303030303,50.234722219999995,0.17045454545454544,56.00000000400001,0.16287878787878787,58.33333333600001,0.20549242424242423,80.890833332,0.12973484848484848,38.099444446,0.16287878787878787,0.007575757575756343,0.19081439393939392,True
493,107,12.583333333333334,46.27972222,6.611388887,0.9263636359999999,42.871851748789204,0.0,88.0,0.89,0.14299242424242425,14.138576779026218,0.9263636360000004,False,offpeak,2022-07-09 13:00:00,13,5,True,2022-07-09,-0.2588190451025208,-0.9659258262890683,-0.9749279121818236,-0.2225209339563146,0,0,2,86,0.16382575757575757,59.097500002,0.1553030303030303,50.234722219999995,0.17045454545454544,56.00000000400001,0.19602272727272727,75.62527777700001,0.125,35.000000004,0.16319444444444445,0.007595460489592192,0.18907828282828285,True
494,107,11.0,35.289722226,5.041388893000001,0.9263636359999999,32.691115394707374,0.0,88.0,0.89,0.125,12.359550561797752,0.9263636359999999,False,offpeak,2022-07-09 14:00:00,14,5,True,2022-07-09,-0.4999999999999997,-0.8660254037844388,-0.9749279121818236,-0.2225209339563146,0,0,2,86,0.14299242424242425,46.27972222,0.16382575757575757,59.097500002,0.1553030303030303,50.234722219999995,0.19412878787878787,73.706111111,0.125,35.000000004,0.15404040404040406,0.010473901529694022,0.18686868686868685,True
495,107,11.0,35.000000004,5.000000004,0.9263636359999999,32.422727263705454,0.0,88.0,0.89,0.125,12.359550561797752,0.9263636359999999,False,offpeak,2022-07-09 15:00:00,15,5,True,2022-07-09,-0.7071067811865471,-0.7071067811865479,-0.9749279121818236,-0.2225209339563146,0,0,2,86,0.125,35.289722226,0.14299242424242425,46.27972222,0.16382575757575757,59.097500002,0.1875,72.90499999599999,0.13352272727272727,40.065277779,0.14393939393939395,0.019430193682464438,0.1839883207070707,True
496,107,10.0,31.199722222,4.028055556,0.9263636359999999,28.902288119761923,0.0,88.0,0.89,0.11363636363636363,11.235955056179774,0.9263636360000002,False,offpeak,2022-07-09 16:00:00,16,5,True,2022-07-09,-0.8660254037844385,-0.5000000000000004,-0.9749279121818236,-0.2225209339563146,0,0,2,86,0.125,35.000000004,0.125,35.289722226,0.14299242424242425,46.27972222,0.1884469696969697,71.68777777599999,0.13920454545454544,43.559444444,0.13099747474747478,0.010387930979735973,0.181384154040404,True
497,107,10.916666666666666,87.035555555,4.862222222,0.9263636359999999,80.62657370520981,0.0,88.0,0.89,0.12405303030303029,12.265917602996254,0.926363636,False,offpeak,2022-07-09 17:00:00,17,5,True,2022-07-09,-0.9659258262890683,-0.25881904510252063,-0.9749279121818236,-0.2225209339563146,0,0,2,86,0.11363636363636363,31.199722222,0.125,35.000000004,0.125,35.289722226,0.16761363636363635,60.466388890000005,0.1534090909090909,52.10722221899999,0.12121212121212122,0.006560798513515543,0.17826704545454544,True
498,107,14.833333333333334,111.6425,8.377499996,0.9263636359999999,103.42155223212998,0.0,88.0,0.89,0.16856060606060608,16.666666666666668,0.9263636359999998,False,offpeak,2022-07-09 18:00:00,18,5,True,2022-07-09,-1.0,-1.8369701987210297e-16,-0.9749279121818236,-0.2225209339563146,0,0,2,86,0.12405303030303029,87.035555555,0.11363636363636363,31.199722222,0.125,35.000000004,0.1571969696969697,54.636944445000005,0.17518939393939392,65.879722221,0.12089646464646465,0.006305234960678178,0.17645202020202022,True
499,107,16.75,128.05166666999997,10.721666664999999,0.9263636359999999,118.62240753228122,0.0,88.0,0.89,0.1903409090909091,18.820224719101123,0.9263636360000002,False,offpeak,2022-07-09 19:00:00,19,5,True,2022-07-09,-0.9659258262890684,0.2588190451025203,-0.9749279121818236,-0.2225209339563146,0,0,2,86,0.16856060606060608,111.6425,0.12405303030303029,87.035555555,0.11363636363636363,31.199722222,0.165719696969697,60.27388889000001,0.17424242424242425,64.97361111,0.13541666666666669,0.029172200380206608,0.17692550505050506,True
500,107,16.666666666666668,127.86305553,10.694722224000001,0.9263636359999999,118.4476850308407,0.0,88.0,0.89,0.18939393939393942,18.726591760299627,0.9263636359999999,False,offpeak,2022-07-09 20:00:00,20,5,True,2022-07-09,-0.8660254037844386,0.5000000000000001,-0.9749279121818236,-0.2225209339563146,0,0,2,86,0.1903409090909091,128.05166666999997,0.16856060606060608,111.6425,0.12405303030303029,87.035555555,0.19981060606060605,77.91,0.178030303030303,68.043888888,0.1609848484848485,0.033787050710058976,0.17795138888888887,True
501,107,16.25,125.90888887000001,10.415555555000001,0.9263636359999999,116.63741609833313,0.0,88.0,0.89,0.1846590909090909,18.258426966292134,0.9263636359999999,False,offpeak,2022-07-09 21:00:00,21,5,True,2022-07-09,-0.7071067811865477,0.7071067811865474,-0.9749279121818236,-0.2225209339563146,0,0,2,86,0.18939393939393942,127.86305553,0.1903409090909091,128.05166666999997,0.16856060606060608,111.6425,0.20454545454545456,82.63888888999999,0.17045454545454544,63.0,0.18276515151515152,0.012310606060605791,0.17751736111111108,True
502,107,17.0,129.69277774,10.956111114999997,0.9263636359999999,120.14267315016627,0.0,88.0,0.89,0.19318181818181818,19.10112359550562,0.9263636360000002,False,offpeak,2022-07-09 22:00:00,22,5,True,2022-07-09,-0.5000000000000004,0.8660254037844384,-0.9749279121818236,-0.2225209339563146,0,0,2,86,0.1846590909090909,125.90888887000001,0.18939393939393942,127.86305553,0.1903409090909091,128.05166666999997,0.21022727272727273,87.503888887,0.165719696969697,60.087222223,0.18813131313131315,0.0030440816796057655,0.17668876262626262,True
503,107,16.5,75.742777778,10.513333332999999,0.9263636359999999,70.1653550231681,0.0,88.0,0.89,0.1875,18.53932584269663,0.9263636360000003,False,offpeak,2022-07-09 23:00:00,23,5,True,2022-07-09,-0.25881904510252157,0.9659258262890681,-0.9749279121818236,-0.2225209339563146,0,0,2,86,0.19318181818181818,129.69277774,0.1846590909090909,125.90888887000001,0.18939393939393942,127.86305553,0.21306818181818182,89.43472221900001,0.17045454545454544,63.0,0.18907828282828287,0.004270122871991008,0.17597853535353536,True
504,107,18.5,87.118888887,12.445555554000002,0.9263636359999999,80.7037706736413,0.0,88.0,0.89,0.21022727272727273,20.786516853932582,0.9263636359999999,False,offpeak,2022-07-10 00:00:00,0,6,True,2022-07-10,0.0,1.0,-0.7818314824680299,0.6234898018587334,0,0,2,86,0.1875,75.742777778,0.19318181818181818,129.69277774,0.1846590909090909,125.90888887000001,0.20833333333333331,84.0,0.17045454545454544,63.0,0.18844696969696972,0.004339560317192624,0.17491319444444442,True
505,107,19.0,90.999999996,12.999999996000001,0.9263636359999999,84.29909087229453,0.0,88.0,0.89,0.2159090909090909,21.34831460674157,0.9263636359999998,False,offpeak,2022-07-10 01:00:00,1,6,True,2022-07-10,0.25881904510252074,0.9659258262890683,-0.7818314824680299,0.6234898018587334,0,0,2,86,0.21022727272727273,87.118888887,0.1875,75.742777778,0.19318181818181818,129.69277774,0.20643939393939395,84.0,0.17045454545454544,63.0,0.196969696969697,0.011827647724239467,0.1749921085858586,True
506,107,19.0,90.999999996,12.999999996000001,0.9263636359999999,84.29909087229453,0.0,88.0,0.89,0.2159090909090909,21.34831460674157,0.9263636359999998,False,offpeak,2022-07-10 02:00:00,2,6,True,2022-07-10,0.49999999999999994,0.8660254037844387,-0.7818314824680299,0.6234898018587334,0,0,2,86,0.2159090909090909,90.999999996,0.21022727272727273,87.118888887,0.1875,75.742777778,0.20454545454545456,84.0,0.16761363636363635,61.250000001000004,0.20454545454545459,0.015032677903776284,0.1753866792929293,True
507,107,19.0,90.999999996,12.999999996000001,0.9263636359999999,84.29909087229453,0.0,88.0,0.89,0.2159090909090909,21.34831460674157,0.9263636359999998,False,offpeak,2022-07-10 03:00:00,3,6,True,2022-07-10,0.7071067811865476,0.7071067811865476,-0.7818314824680299,0.6234898018587334,0,0,2,86,0.2159090909090909,90.999999996,0.2159090909090909,90.999999996,0.21022727272727273,87.118888887,0.20454545454545456,84.0,0.16193181818181818,57.93861111400001,0.21401515151515152,0.0032803992567609548,0.17586016414141414,True
508,107,19.0,90.999999996,12.999999996000001,0.9263636359999999,84.29909087229453,0.0,88.0,0.89,0.2159090909090909,21.34831460674157,0.9263636359999998,False,offpeak,2022-07-10 04:00:00,4,6,True,2022-07-10,0.8660254037844386,0.5000000000000001,-0.7818314824680299,0.6234898018587334,0,0,2,86,0.2159090909090909,90.999999996,0.2159090909090909,90.999999996,0.2159090909090909,90.999999996,0.20454545454545456,84.0,0.1590909090909091,56.00000000400001,0.2159090909090909,0.0,0.176333648989899,True
509,107,18.666666666666668,88.863055553,12.69472222,0.9263636359999999,82.31950324814709,0.0,88.0,0.89,0.21212121212121213,20.973782771535582,0.9263636360000003,False,offpeak,2022-07-10 05:00:00,5,6,True,2022-07-10,0.9659258262890683,0.25881904510252074,-0.7818314824680299,0.6234898018587334,0,0,2,86,0.2159090909090909,90.999999996,0.2159090909090909,90.999999996,0.2159090909090909,90.999999996,0.20454545454545456,84.0,0.1590909090909091,56.00000000400001,0.2159090909090909,0.0,0.17680713383838384,True
510,107,17.666666666666668,81.863055557,11.694722222999998,0.9263636359999999,75.83495779985255,0.0,88.0,0.89,0.20075757575757577,19.850187265917604,0.9263636360000003,False,offpeak,2022-07-10 06:00:00,6,6,True,2022-07-10,1.0,6.123233995736766e-17,-0.7818314824680299,0.6234898018587334,0,0,2,86,0.21212121212121213,88.863055553,0.2159090909090909,90.999999996,0.2159090909090909,90.999999996,0.20170454545454544,82.438611112,0.17613636363636365,56.00000000400001,0.21464646464646467,0.0021869328378421524,0.17712279040404041,True
511,107,16.916666666666668,76.622777781,10.946111114999999,0.9263636359999999,70.98055502562718,0.0,88.0,0.89,0.1922348484848485,19.00749063670412,0.9263636360000002,False,offpeak,2022-07-10 07:00:00,7,6,True,2022-07-10,0.9659258262890683,-0.25881904510252063,-0.7818314824680299,0.6234898018587334,0,0,2,86,0.20075757575757577,81.863055557,0.21212121212121213,88.863055553,0.2159090909090909,90.999999996,0.1903409090909091,75.426944448,0.17613636363636365,56.00000000400001,0.20959595959595964,0.007885098482826793,0.17708333333333334,True
512,107,14.666666666666666,60.863055557,8.694722224000001,0.9263636359999999,56.38132144385253,0.0,88.0,0.89,0.16666666666666666,16.479400749063668,0.926363636,False,offpeak,2022-07-10 08:00:00,8,6,True,2022-07-10,0.8660254037844387,-0.4999999999999998,-0.7818314824680299,0.6234898018587334,0,0,2,86,0.1922348484848485,76.622777781,0.20075757575757577,81.863055557,0.21212121212121213,88.863055553,0.17613636363636365,66.869444442,0.1590909090909091,56.00000000400001,0.2017045454545455,0.009976944841716786,0.1771622474747475,True
513,107,14.833333333333334,62.025833334,8.860833333999999,0.9263636359999999,57.45847649321424,0.0,88.0,0.89,0.16856060606060608,16.666666666666668,0.926363636,False,offpeak,2022-07-10 09:00:00,9,6,True,2022-07-10,0.7071067811865476,-0.7071067811865475,-0.7818314824680299,0.6234898018587334,0,0,2,86,0.16666666666666666,60.863055557,0.1922348484848485,76.622777781,0.20075757575757577,81.863055557,0.16287878787878787,58.33333333600001,0.1590909090909091,56.00000000400001,0.1865530303030303,0.017741471586358953,0.17676767676767677,True
514,107,14.5,59.31138889100001,8.473055558,0.9263636359999999,54.94391386927678,0.0,88.0,0.89,0.16477272727272727,16.292134831460675,0.926363636,False,offpeak,2022-07-10 10:00:00,10,6,True,2022-07-10,0.49999999999999994,-0.8660254037844387,-0.7818314824680299,0.6234898018587334,0,0,2,86,0.16856060606060608,62.025833334,0.16666666666666666,60.863055557,0.1922348484848485,76.622777781,0.17045454545454544,56.00000000400001,0.15151515151515152,51.695000003000004,0.1758207070707071,0.014246570828783387,0.1770044191919192,True
515,107,14.666666666666666,60.859166668,8.694166668,0.9263636359999999,56.37771891849848,0.0,88.0,0.89,0.16666666666666666,16.479400749063668,0.9263636359999999,False,offpeak,2022-07-10 11:00:00,11,6,True,2022-07-10,0.258819045102521,-0.9659258262890682,-0.7818314824680299,0.6234898018587334,0,0,2,86,0.16477272727272727,59.31138889100001,0.16856060606060608,62.025833334,0.16666666666666666,60.863055557,0.1553030303030303,50.234722219999995,0.13541666666666666,41.603333333,0.16666666666666666,0.001893939393934876,0.1767676767676768,True
516,107,13.666666666666666,53.861111113,7.694444445999999,0.9263636359999999,49.89497472963869,0.0,88.0,0.89,0.1553030303030303,15.355805243445692,0.926363636,False,offpeak,2022-07-10 12:00:00,12,6,True,2022-07-10,1.2246467991473532e-16,-1.0,-0.7818314824680299,0.6234898018587334,0,0,2,86,0.16666666666666666,60.859166668,0.16477272727272727,59.31138889100001,0.16856060606060608,62.025833334,0.16382575757575757,59.097500002,0.1212121212121212,32.868888891,0.1666666666666667,0.001893939393934876,0.17724116161616163,True
517,107,12.583333333333334,46.273888887,6.610555552999999,0.9263636359999999,42.866447961221326,0.0,88.0,0.89,0.14299242424242425,14.138576779026218,0.9263636360000003,False,offpeak,2022-07-10 13:00:00,13,6,True,2022-07-10,-0.2588190451025208,-0.9659258262890683,-0.7818314824680299,0.6234898018587334,0,0,2,86,0.1553030303030303,53.861111113,0.16666666666666666,60.859166668,0.16477272727272727,59.31138889100001,0.14299242424242425,46.27972222,0.11553030303030302,28.388888888000004,0.16224747474747478,0.006088163359211083,0.17688604797979798,True
518,107,12.583333333333334,45.88888888699999,6.555555553999999,0.9263636359999999,42.509797961361315,0.0,88.0,0.89,0.14299242424242425,14.138576779026218,0.9263636360000002,False,offpeak,2022-07-10 14:00:00,14,6,True,2022-07-10,-0.4999999999999997,-0.8660254037844388,-0.7818314824680299,0.6234898018587334,0,0,2,86,0.14299242424242425,46.273888887,0.1553030303030303,53.861111113,0.16666666666666666,60.859166668,0.125,35.289722226,0.14299242424242425,45.519444445,0.15498737373737376,0.011840277357013514,0.176886047979798,True
519,107,14.666666666666666,60.277777778,8.611111111,0.9263636359999999,55.83914139242809,0.0,88.0,0.89,0.16666666666666666,16.479400749063668,0.9263636360000002,False,offpeak,2022-07-10 15:00:00,15,6,True,2022-07-10,-0.7071067811865471,-0.7071067811865479,-0.7818314824680299,0.6234898018587334,0,0,2,86,0.14299242424242425,45.88888888699999,0.14299242424242425,46.273888887,0.1553030303030303,53.861111113,0.125,35.000000004,0.1590909090909091,56.00000000400001,0.1470959595959596,0.007107531722976279,0.17763573232323235,True
520,107,13.916666666666666,55.902777781,7.986111115000001,0.9263636359999999,51.78630048770718,0.0,88.0,0.89,0.1581439393939394,15.636704119850187,0.9263636360000002,False,offpeak,2022-07-10 16:00:00,16,6,True,2022-07-10,-0.8660254037844385,-0.5000000000000004,-0.7818314824680299,0.6234898018587334,0,0,2,86,0.16666666666666666,60.277777778,0.14299242424242425,45.88888888699999,0.14299242424242425,46.273888887,0.11363636363636363,31.199722222,0.16382575757575757,58.722222224999996,0.15088383838383843,0.01366833023649583,0.17937184343434345,True
521,107,13.583333333333334,52.894722223,7.556388889000001,0.9263636359999999,48.99974720370828,0.0,88.0,0.89,0.1543560606060606,15.262172284644196,0.9263636359999999,False,offpeak,2022-07-10 17:00:00,17,6,True,2022-07-10,-0.9659258262890683,-0.25881904510252063,-0.7818314824680299,0.6234898018587334,0,0,2,86,0.1581439393939394,55.902777781,0.16666666666666666,60.277777778,0.14299242424242425,45.88888888699999,0.12405303030303029,87.035555555,0.1875,71.43888888699999,0.15593434343434345,0.011990795399760735,0.18122632575757577,True
522,107,13.0,49.289722219,7.041388884999998,0.9263636359999999,45.66020629222282,0.0,88.0,0.89,0.14772727272727273,14.606741573033707,0.9263636359999998,False,offpeak,2022-07-10 18:00:00,18,6,True,2022-07-10,-1.0,-1.8369701987210297e-16,-0.7818314824680299,0.6234898018587334,0,0,2,86,0.1543560606060606,52.894722223,0.1581439393939394,55.902777781,0.16666666666666666,60.277777778,0.16856060606060608,111.6425,0.1875,73.407638889,0.15972222222222224,0.006305234960679555,0.18248895202020202,True
523,107,14.0,55.70833333700001,7.958333337000001,0.9263636359999999,51.606174225563336,0.0,88.0,0.89,0.1590909090909091,15.730337078651685,0.9263636359999998,False,offpeak,2022-07-10 19:00:00,19,6,True,2022-07-10,-0.9659258262890684,0.2588190451025203,-0.7818314824680299,0.6234898018587334,0,0,2,86,0.14772727272727273,49.289722219,0.1543560606060606,52.894722223,0.1581439393939394,55.902777781,0.1903409090909091,128.05166666999997,0.19886363636363635,80.45138889,0.15340909090909094,0.005272504131465445,0.1816208964646465,True
524,107,13.5,52.381388889,7.483055556000001,0.9263636359999999,48.52421386994405,0.0,88.0,0.89,0.1534090909090909,15.168539325842696,0.9263636360000002,False,offpeak,2022-07-10 20:00:00,20,6,True,2022-07-10,-0.8660254037844386,0.5000000000000001,-0.7818314824680299,0.6234898018587334,0,0,2,86,0.1590909090909091,55.70833333700001,0.14772727272727273,49.289722219,0.1543560606060606,52.894722223,0.18939393939393942,127.86305553,0.19886363636363635,80.134444447,0.1537247474747475,0.005708062285359281,0.18031881313131315,True
525,107,17.416666666666668,78.49527777499999,11.213611109,0.9263636359999999,72.71517092847898,0.0,88.0,0.89,0.19791666666666669,19.56928838951311,0.926363636,False,offpeak,2022-07-10 21:00:00,21,6,True,2022-07-10,-0.7071067811865477,0.7071067811865474,-0.7818314824680299,0.6234898018587334,0,0,2,86,0.1534090909090909,52.381388889,0.1590909090909091,55.70833333700001,0.14772727272727273,49.289722219,0.1846590909090909,125.90888887000001,0.2196969696969697,93.144722221,0.15340909090909094,0.005681818181815971,0.17881944444444445,True
526,107,19.0,90.999999996,12.999999996000001,0.9263636359999999,84.29909087229453,0.0,88.0,0.89,0.2159090909090909,21.34831460674157,0.9263636359999998,False,offpeak,2022-07-10 22:00:00,22,6,True,2022-07-10,-0.5000000000000004,0.8660254037844384,-0.7818314824680299,0.6234898018587334,0,0,2,86,0.19791666666666669,78.49527777499999,0.1534090909090909,52.381388889,0.1590909090909091,55.70833333700001,0.19318181818181818,129.69277774,0.23200757575757577,100.73583333599998,0.17013888888888892,0.024223428084532102,0.17937184343434345,True
527,107,19.583333333333332,94.896666667,13.556666666999998,0.9263636359999999,87.9088211779221,0.0,88.0,0.89,0.22253787878787878,22.00374531835206,0.9263636359999998,False,offpeak,2022-07-10 23:00:00,23,6,True,2022-07-10,-0.25881904510252157,0.9659258262890681,-0.7818314824680299,0.6234898018587334,0,0,2,86,0.2159090909090909,90.999999996,0.19791666666666669,78.49527777499999,0.1534090909090909,52.381388889,0.1875,75.742777778,0.23863636363636365,105.0,0.18907828282828287,0.03217375128355332,0.18031881313131315,True
528,107,19.416666666666668,94.105277777,13.443611111000003,0.9263636359999999,87.17570728829169,0.0,88.0,0.89,0.22064393939393942,21.816479400749063,0.9263636359999997,False,offpeak,2022-07-11 00:00:00,0,0,False,2022-07-11,0.0,1.0,0.0,1.0,0,0,2,86,0.22253787878787878,94.896666667,0.2159090909090909,90.999999996,0.19791666666666669,78.49527777499999,0.21022727272727273,87.118888887,0.23863636363636365,105.0,0.21212121212121215,0.012740174287001943,0.18177872474747478,True
529,107,19.0,90.999999996,12.999999996000001,0.9263636359999999,84.29909087229453,0.0,88.0,0.89,0.2159090909090909,21.34831460674157,0.9263636359999998,False,offpeak,2022-07-11 01:00:00,1,0,False,2022-07-11,0.25881904510252074,0.9659258262890683,0.0,1.0,0,0,2,86,0.22064393939393942,94.105277777,0.22253787878787878,94.896666667,0.2159090909090909,90.999999996,0.2159090909090909,90.999999996,0.2471590909090909,107.533611114,0.21969696969696972,0.003414347798736735,0.1822127525252525,True
530,107,19.0,90.999999996,12.999999996000001,0.9263636359999999,84.29909087229453,0.0,88.0,0.89,0.2159090909090909,21.34831460674157,0.9263636359999998,False,offpeak,2022-07-11 02:00:00,2,0,False,2022-07-11,0.49999999999999994,0.8660254037844387,0.0,1.0,0,0,2,86,0.2159090909090909,90.999999996,0.22064393939393942,94.105277777,0.22253787878787878,94.896666667,0.2159090909090909,90.999999996,0.25,108.500000004,0.21969696969696972,0.003414347798736735,0.1822127525252525,True
531,107,19.0,90.999999996,12.999999996000001,0.9263636359999999,84.29909087229453,0.0,88.0,0.89,0.2159090909090909,21.34831460674157,0.9263636359999998,False,offpeak,2022-07-11 03:00:00,3,0,False,2022-07-11,0.7071067811865476,0.7071067811865476,0.0,1.0,0,0,2,86,0.2159090909090909,90.999999996,0.2159090909090909,90.999999996,0.22064393939393942,94.105277777,0.2159090909090909,90.999999996,0.25,108.500000004,0.21748737373737378,0.002733666047301497,0.1822127525252525,True
532,107,19.0,90.999999996,12.999999996000001,0.9263636359999999,84.29909087229453,0.0,88.0,0.89,0.2159090909090909,21.34831460674157,0.9263636359999998,False,offpeak,2022-07-11 04:00:00,4,0,False,2022-07-11,0.8660254037844386,0.5000000000000001,0.0,1.0,0,0,2,86,0.2159090909090909,90.999999996,0.2159090909090909,90.999999996,0.2159090909090909,90.999999996,0.2159090909090909,90.999999996,0.25,108.500000004,0.2159090909090909,0.0,0.1822127525252525,True
533,107,19.0,90.999999996,12.999999996000001,0.9263636359999999,84.29909087229453,0.0,88.0,0.89,0.2159090909090909,21.34831460674157,0.9263636359999998,False,offpeak,2022-07-11 05:00:00,5,0,False,2022-07-11,0.9659258262890683,0.25881904510252074,0.0,1.0,0,0,2,86,0.2159090909090909,90.999999996,0.2159090909090909,90.999999996,0.2159090909090909,90.999999996,0.21212121212121213,88.863055553,0.25,108.500000004,0.2159090909090909,0.0,0.1822127525252525,True
534,107,19.0,90.999999996,12.999999996000001,0.9263636359999999,84.29909087229453,0.0,88.0,0.89,0.2159090909090909,21.34831460674157,0.9263636359999998,False,offpeak,2022-07-11 06:00:00,6,0,False,2022-07-11,1.0,6.123233995736766e-17,0.0,1.0,0,0,2,86,0.2159090909090909,90.999999996,0.2159090909090909,90.999999996,0.2159090909090909,90.999999996,0.20075757575757577,81.863055557,0.25,108.500000004,0.2159090909090909,0.0,0.1823705808080808,True
535,107,16.333333333333332,73.849999999,10.549999998999999,0.9263636359999999,68.41195451767364,0.0,88.0,0.89,0.18560606060606058,18.35205992509363,0.9263636359999999,False,offpeak,2022-07-11 07:00:00,7,0,False,2022-07-11,0.9659258262890683,-0.25881904510252063,0.0,1.0,0,0,2,86,0.2159090909090909,90.999999996,0.2159090909090909,90.999999996,0.2159090909090909,90.999999996,0.1922348484848485,76.622777781,0.23958333333333331,102.443055555,0.2159090909090909,0.0,0.18300189393939392,True
536,107,14.5,55.076388891,7.868055557,0.9263636359999999,51.02076387081677,0.0,88.0,0.89,0.16477272727272727,16.292134831460675,0.926363636,False,offpeak,2022-07-11 08:00:00,8,0,False,2022-07-11,0.8660254037844387,-0.4999999999999998,0.0,1.0,0,0,2,86,0.18560606060606058,73.849999999,0.2159090909090909,90.999999996,0.2159090909090909,90.999999996,0.16666666666666666,60.863055557,0.2111742424242424,86.14763889,0.2058080808080808,0.01749546270271608,0.18272569444444442,True
537,107,16.416666666666668,71.567222224,10.22388889,0.9263636359999999,66.29727219784465,0.0,88.0,0.89,0.1865530303030303,18.44569288389513,0.9263636359999999,False,offpeak,2022-07-11 09:00:00,9,0,False,2022-07-11,0.7071067811865476,-0.7071067811865475,0.0,1.0,0,0,2,86,0.16477272727272727,55.076388891,0.18560606060606058,73.849999999,0.2159090909090909,90.999999996,0.16856060606060608,62.025833334,0.22253787878787878,94.9025,0.18876262626262627,0.025713903856586156,0.1826467803030303,True
538,107,16.0,69.999999996,9.999999996000001,0.9263636359999999,64.84545451629455,0.0,88.0,0.89,0.18181818181818182,17.97752808988764,0.926363636,False,offpeak,2022-07-11 10:00:00,10,0,False,2022-07-11,0.49999999999999994,-0.8660254037844387,0.0,1.0,0,0,2,86,0.1865530303030303,71.567222224,0.16477272727272727,55.076388891,0.18560606060606058,73.849999999,0.16477272727272727,59.31138889100001,0.2159090909090909,91.19638888499999,0.17897727272727273,0.012310606060605652,0.18339646464646464,True
539,107,16.25,71.74222222,10.248888887000001,0.9263636359999999,66.4593858304392,0.0,88.0,0.89,0.1846590909090909,18.258426966292134,0.9263636360000002,False,offpeak,2022-07-11 11:00:00,11,0,False,2022-07-11,0.258819045102521,-0.9659258262890682,0.0,1.0,0,0,2,86,0.18181818181818182,69.999999996,0.1865530303030303,71.567222224,0.16477272727272727,55.076388891,0.16666666666666666,60.859166668,0.23011363636363635,99.55361111299999,0.1777146464646465,0.011455332898752103,0.1841066919191919,True
540,107,15.416666666666666,66.107222221,9.443888887,0.9263636359999999,61.23932674250556,0.0,88.0,0.89,0.17518939393939392,17.322097378277153,0.926363636,False,offpeak,2022-07-11 12:00:00,12,0,False,2022-07-11,1.2246467991473532e-16,-1.0,0.0,1.0,0,0,2,86,0.1846590909090909,71.74222222,0.18181818181818182,69.999999996,0.1865530303030303,71.567222224,0.1553030303030303,53.861111113,0.21306818181818182,89.6175,0.18434343434343436,0.002383154809111825,0.18485637626262627,True
541,107,15.833333333333334,68.64083332999999,9.80583333,0.9263636359999999,63.58637194164881,0.0,88.0,0.89,0.17992424242424243,17.790262172284645,0.9263636360000004,False,offpeak,2022-07-11 13:00:00,13,0,False,2022-07-11,-0.2588190451025208,-0.9659258262890683,0.0,1.0,0,0,2,86,0.17518939393939392,66.107222221,0.1846590909090909,71.74222222,0.18181818181818182,69.999999996,0.14299242424242425,46.273888887,0.1903409090909091,75.64277778,0.18055555555555558,0.004859471060081365,0.18568497474747478,True
542,107,16.666666666666668,74.65694444500001,10.665277779,0.9263636359999999,69.15947850872021,0.0,88.0,0.89,0.18939393939393942,18.726591760299627,0.926363636,False,offpeak,2022-07-11 14:00:00,14,0,False,2022-07-11,-0.4999999999999997,-0.8660254037844388,0.0,1.0,0,0,2,86,0.17992424242424243,68.64083332999999,0.17518939393939392,66.107222221,0.1846590909090909,71.74222222,0.14299242424242425,45.88888888699999,0.18939393939393942,74.680277775,0.17992424242424243,0.004734848484847508,0.1872238005050505,True
543,107,16.416666666666668,72.912777777,10.416111111000001,0.9263636359999999,67.54374593236173,0.0,88.0,0.89,0.1865530303030303,18.44569288389513,0.9263636360000002,False,offpeak,2022-07-11 15:00:00,15,0,False,2022-07-11,-0.7071067811865471,-0.7071067811865479,0.0,1.0,0,0,2,86,0.18939393939393942,74.65694444500001,0.17992424242424243,68.64083332999999,0.17518939393939392,66.107222221,0.16666666666666666,60.277777778,0.18560606060606058,72.329444444,0.18150252525252528,0.007232600528654483,0.189157196969697,True
544,107,16.416666666666668,72.537499997,10.362499996999999,0.9263636359999999,67.19610224357092,0.0,88.0,0.89,0.1865530303030303,18.44569288389513,0.9263636360000002,False,offpeak,2022-07-11 16:00:00,16,0,False,2022-07-11,-0.8660254037844385,-0.5000000000000004,0.0,1.0,0,0,2,86,0.1865530303030303,72.912777777,0.18939393939393942,74.65694444500001,0.17992424242424243,68.64083332999999,0.1581439393939394,55.902777781,0.19318181818181818,76.77250000400001,0.18529040404040406,0.004859471060081614,0.18998579545454544,True
545,107,17.25,78.930833336,11.275833335999998,0.9263636359999999,73.118653761647,0.0,88.0,0.89,0.19602272727272727,19.382022471910112,0.9263636360000003,False,offpeak,2022-07-11 17:00:00,17,0,False,2022-07-11,-0.9659258262890683,-0.25881904510252063,0.0,1.0,0,0,2,86,0.1865530303030303,72.537499997,0.1865530303030303,72.912777777,0.18939393939393942,74.65694444500001,0.1543560606060606,52.894722223,0.18181818181818182,70.20222221899999,0.18750000000000003,0.001640199628378025,0.19116950757575757,True
546,107,15.5,66.768333333,9.538333332,0.9263636359999999,61.85175603601789,0.0,88.0,0.89,0.17613636363636365,17.415730337078653,0.9263636360000002,False,offpeak,2022-07-11 18:00:00,18,0,False,2022-07-11,-1.0,-1.8369701987210297e-16,0.0,1.0,0,0,2,86,0.19602272727272727,78.930833336,0.1865530303030303,72.537499997,0.1865530303030303,72.912777777,0.14772727272727273,49.289722219,0.20833333333333331,81.796944443,0.18970959595959594,0.005467332094598337,0.1929056186868687,True
547,107,16.583333333333332,73.884999997,10.554999997000001,0.9263636359999999,68.44437724308091,0.0,88.0,0.89,0.1884469696969697,18.632958801498127,0.926363636,False,offpeak,2022-07-11 19:00:00,19,0,False,2022-07-11,-0.9659258262890684,0.2588190451025203,0.0,1.0,0,0,2,86,0.17613636363636365,66.768333333,0.19602272727272727,78.930833336,0.1865530303030303,72.537499997,0.1590909090909091,55.70833333700001,0.25,107.94388888799999,0.18623737373737378,0.0099469389246138,0.1940893308080808,True
548,107,16.583333333333332,74.32638889,10.618055557,0.9263636359999999,68.85326386289042,0.0,88.0,0.89,0.1884469696969697,18.632958801498127,0.926363636,False,offpeak,2022-07-11 20:00:00,20,0,False,2022-07-11,-0.8660254037844386,0.5000000000000001,0.0,1.0,0,0,2,86,0.1884469696969697,73.884999997,0.17613636363636365,66.768333333,0.19602272727272727,78.930833336,0.1534090909090909,52.381388889,0.23863636363636365,104.387500003,0.18686868686868688,0.01003668756034356,0.1953125,True
549,107,15.833333333333334,68.64472221899999,9.806388886,0.9263636359999999,63.58997446700283,0.0,88.0,0.89,0.17992424242424243,17.790262172284645,0.9263636360000003,False,offpeak,2022-07-11 21:00:00,21,0,False,2022-07-11,-0.7071067811865477,0.7071067811865474,0.0,1.0,0,0,2,86,0.1884469696969697,74.32638889,0.1884469696969697,73.884999997,0.17613636363636365,66.768333333,0.19791666666666669,78.49527777499999,0.23768939393939395,104.233888889,0.18434343434343436,0.007107531722977887,0.19677241161616163,True
550,107,18.0,80.698333335,11.528333335000001,0.9263636359999999,74.7560014873506,0.0,88.0,0.89,0.20454545454545456,20.224719101123597,0.9263636359999999,False,offpeak,2022-07-11 22:00:00,22,0,False,2022-07-11,-0.5000000000000004,0.8660254037844384,0.0,1.0,0,0,2,86,0.17992424242424243,68.64472221899999,0.1884469696969697,74.32638889,0.1884469696969697,73.884999997,0.2159090909090909,90.999999996,0.2471590909090909,110.06722221999999,0.18560606060606064,0.004920598885138257,0.19602272727272727,True
551,107,25.0,85.93666666600001,12.276666666,0.9263636359999999,79.60860299843577,0.0,88.0,0.89,0.2840909090909091,28.089887640449437,0.926363636,False,offpeak,2022-07-11 23:00:00,23,0,False,2022-07-11,-0.25881904510252157,0.9659258262890681,0.0,1.0,0,0,2,86,0.20454545454545456,80.698333335,0.17992424242424243,68.64472221899999,0.1884469696969697,74.32638889,0.22253787878787878,94.896666667,0.25757575757575757,116.47027777900001,0.19097222222222224,0.01250334742445589,0.19554924242424243,True
552,107,20.333333333333332,84.0,12.0,0.9263636359999999,77.81454542400002,0.0,88.0,0.89,0.23106060606060605,22.84644194756554,0.9263636360000002,False,offpeak,2022-07-12 00:00:00,0,1,False,2022-07-12,0.0,1.0,0.7818314824680298,0.6234898018587336,0,0,2,86,0.2840909090909091,85.93666666600001,0.20454545454545456,80.698333335,0.17992424242424243,68.64472221899999,0.22064393939393942,94.105277777,0.28030303030303033,119.000000004,0.2228535353535354,0.054443208743309164,0.19811395202020202,True
553,107,18.083333333333332,84.390833333,12.055833333,0.9263636359999999,78.17659921142788,0.0,88.0,0.89,0.20549242424242423,20.318352059925093,0.926363636,False,offpeak,2022-07-12 01:00:00,1,1,False,2022-07-12,0.25881904510252074,0.9659258262890683,0.7818314824680298,0.6234898018587336,0,0,2,86,0.23106060606060605,84.0,0.2840909090909091,85.93666666600001,0.20454545454545456,80.698333335,0.2159090909090909,90.999999996,0.2840909090909091,119.000000004,0.23989898989898992,0.040502562960468516,0.19854797979797978,True
554,107,19.0,90.999999996,12.999999996000001,0.9263636359999999,84.29909087229453,0.0,88.0,0.89,0.2159090909090909,21.34831460674157,0.9263636359999998,False,offpeak,2022-07-12 02:00:00,2,1,False,2022-07-12,0.49999999999999994,0.8660254037844387,0.7818314824680298,0.6234898018587336,0,0,2,86,0.20549242424242423,84.390833333,0.23106060606060605,84.0,0.2840909090909091,85.93666666600001,0.2159090909090909,90.999999996,0.2774621212121212,119.000000004,0.2402146464646465,0.04009086924610763,0.19811395202020202,True
555,107,19.0,90.999999996,12.999999996000001,0.9263636359999999,84.29909087229453,0.0,88.0,0.89,0.2159090909090909,21.34831460674157,0.9263636359999998,False,offpeak,2022-07-12 03:00:00,3,1,False,2022-07-12,0.7071067811865476,0.7071067811865476,0.7818314824680298,0.6234898018587336,0,0,2,86,0.2159090909090909,90.999999996,0.20549242424242423,84.390833333,0.23106060606060605,84.0,0.2159090909090909,90.999999996,0.2727272727272727,119.000000004,0.21748737373737373,0.012856951928293383,0.19811395202020202,True
556,107,19.0,90.999999996,12.999999996000001,0.9263636359999999,84.29909087229453,0.0,88.0,0.89,0.2159090909090909,21.34831460674157,0.9263636359999998,False,offpeak,2022-07-12 04:00:00,4,1,False,2022-07-12,0.8660254037844386,0.5000000000000001,0.7818314824680298,0.6234898018587336,0,0,2,86,0.2159090909090909,90.999999996,0.2159090909090909,90.999999996,0.20549242424242423,84.390833333,0.2159090909090909,90.999999996,0.2793560606060606,122.900555555,0.2124368686868687,0.006014065304058965,0.19811395202020202,True
557,107,19.0,90.999999996,12.999999996000001,0.9263636359999999,84.29909087229453,0.0,88.0,0.89,0.2159090909090909,21.34831460674157,0.9263636359999998,False,offpeak,2022-07-12 05:00:00,5,1,False,2022-07-12,0.9659258262890683,0.25881904510252074,0.7818314824680298,0.6234898018587336,0,0,2,86,0.2159090909090909,90.999999996,0.2159090909090909,90.999999996,0.2159090909090909,90.999999996,0.2159090909090909,90.999999996,0.2840909090909091,126.0,0.2159090909090909,0.0,0.19811395202020202,True
558,107,18.5,87.706111109,12.529444441999999,0.9263636359999999,81.24775198635325,0.0,88.0,0.89,0.21022727272727273,20.786516853932582,0.9263636360000002,False,offpeak,2022-07-12 06:00:00,6,1,False,2022-07-12,1.0,6.123233995736766e-17,0.7818314824680298,0.6234898018587336,0,0,2,86,0.2159090909090909,90.999999996,0.2159090909090909,90.999999996,0.2159090909090909,90.999999996,0.2159090909090909,90.999999996,0.28219696969696967,125.023888887,0.2159090909090909,0.0,0.19811395202020202,True
559,107,17.25,78.934722225,11.276388891999998,0.9263636359999999,73.12225628700104,0.0,88.0,0.89,0.19602272727272727,19.382022471910112,0.9263636360000003,False,offpeak,2022-07-12 07:00:00,7,1,False,2022-07-12,0.9659258262890683,-0.25881904510252063,0.7818314824680298,0.6234898018587336,0,0,2,86,0.21022727272727273,87.706111109,0.2159090909090909,90.999999996,0.2159090909090909,90.999999996,0.18560606060606058,73.849999999,0.24053030303030304,106.526388891,0.21401515151515152,0.0032803992567600093,0.19787720959595959,True
